{"media": {"type": "application/json;profile=http://schema.org/CivicStructure"}, "properties": {"http://schema.org/CivicStructure": {"http://schema.org/photo": {"expected_type": ["http://schema.org/Photograph", "http://schema.org/ImageObject"], "description": "A photograph of this place. Supersedes photos."}, "http://schema.org/url": {"expected_type": ["http://schema.org/URL"], "description": "URL of the item."}, "http://schema.org/review": {"expected_type": ["http://schema.org/Review"], "description": "A review of the item. Supersedes reviews."}, "http://schema.org/branchCode": {"expected_type": ["http://schema.org/Text"], "description": "A short textual code (also called \"store code\") that uniquely identifies a place of business. The code is typically assigned by the parentOrganization and used in structured URLs. For example, in the URL http://www.starbucks.co.uk/store-locator/etc/detail/3047 the code \"3047\" is a branchCode for a particular branch."}, "http://schema.org/aggregateRating": {"expected_type": ["http://schema.org/AggregateRating"], "description": "The overall rating, based on a collection of reviews or ratings, of the item."}, "http://schema.org/hasMap": {"expected_type": ["http://schema.org/URL", "http://schema.org/Map"], "description": "A URL to a map of the place. Supersedes map, maps."}, "http://schema.org/potentialAction": {"expected_type": ["http://schema.org/Action"], "description": "Indicates a potential Action, which describes an idealized action in which this thing would play an 'object' role."}, "http://schema.org/geo": {"expected_type": ["http://schema.org/GeoCoordinates", "http://schema.org/GeoShape"], "description": "The geo coordinates of the place."}, "http://schema.org/name": {"expected_type": ["http://schema.org/Text"], "description": "The name of the item."}, "http://schema.org/alternateName": {"expected_type": ["http://schema.org/Text"], "description": "An alias for the item."}, "http://schema.org/faxNumber": {"expected_type": ["http://schema.org/Text"], "description": "The fax number."}, "http://schema.org/telephone": {"expected_type": ["http://schema.org/Text"], "description": "The telephone number."}, "http://schema.org/mainEntityOfPage": {"expected_type": ["http://schema.org/URL", "http://schema.org/CreativeWork"], "description": "Indicates a page (or other CreativeWork) for which this thing is the main entity being described. See background notes for details. Inverse property: mainEntity."}, "http://schema.org/openingHoursSpecification": {"expected_type": ["http://schema.org/OpeningHoursSpecification"], "description": "The opening hours of a certain place."}, "http://schema.org/openingHours": {"expected_type": ["http://schema.org/Text"], "description": "The opening hours for a business. Opening hours can be specified as a weekly time range, starting with days, then times per day. Multiple days can be listed with commas ',' separating each day. Day or time ranges are specified using a hyphen '-'.- Days are specified using the following two-letter combinations: Mo, Tu, We, Th, Fr, Sa, Su.- Times are specified using 24:00 time. For example, 3pm is specified as 15:00. - Here is an example: <time itemprop=\"openingHours\" datetime=\"Tu,Th 16:00-20:00\">Tuesdays and Thursdays 4-8pm</time>. - If a business is open 7 days a week, then it can be specified as <time itemprop=\"openingHours\" datetime=\"Mo-Su\">Monday through Sunday, all day</time>."}, "http://schema.org/description": {"expected_type": ["http://schema.org/Text"], "description": "A short description of the item."}, "http://schema.org/event": {"expected_type": ["http://schema.org/Event"], "description": "Upcoming or past event associated with this place, organization, or action. Supersedes events."}, "http://schema.org/additionalProperty": {"expected_type": ["http://schema.org/PropertyValue"], "description": "A property-value pair representing an additional characteristics of the entitity, e.g. a product feature or another characteristic for which there is no matching property in schema.org. Note: Publishers should be aware that applications designed to use specific schema.org properties (e.g. http://schema.org/width, http://schema.org/color, http://schema.org/gtin13, ...) will typically expect such data to be provided using those properties, rather than using the generic property/value mechanism."}, "http://schema.org/containsPlace": {"expected_type": ["http://schema.org/Place"], "description": "The basic containment relation between a place and another that it contains. Inverse property: containsPlace."}, "http://schema.org/isicV4": {"expected_type": ["http://schema.org/Text"], "description": "The International Standard of Industrial Classification of All Economic Activities (ISIC), Revision 4 code for a particular organization, business person, or place."}, "http://schema.org/image": {"expected_type": ["http://schema.org/URL", "http://schema.org/ImageObject"], "description": "An image of the item. This can be a URL or a fully described ImageObject."}, "http://schema.org/globalLocationNumber": {"expected_type": ["http://schema.org/Text"], "description": "The Global Location Number (GLN, sometimes also referred to as International Location Number or ILN) of the respective organization, person, or place. The GLN is a 13-digit number used to identify parties and physical locations."}, "http://schema.org/address": {"expected_type": ["http://schema.org/PostalAddress", "http://schema.org/Text"], "description": "Physical address of the item."}, "http://schema.org/containedInPlace": {"expected_type": ["http://schema.org/Place"], "description": "The basic containment relation between a place and one that contains it. Supersedes containedIn. Inverse property: containsPlace."}, "http://schema.org/additionalType": {"expected_type": ["http://schema.org/URL"], "description": "An additional type for the item, typically used for adding more specific types from external vocabularies in microdata syntax. This is a relationship between something and a class that the thing is in. In RDFa syntax, it is better to use the native RDFa syntax - the 'typeof' attribute - for multiple types. Schema.org tools may have only weaker understanding of extra types, in particular those defined externally."}, "http://schema.org/sameAs": {"expected_type": ["http://schema.org/URL"], "description": "URL of a reference Web page that unambiguously indicates the item's identity. E.g. the URL of the item's Wikipedia page, Freebase page, or official website."}, "http://schema.org/logo": {"expected_type": ["http://schema.org/URL", "http://schema.org/ImageObject"], "description": "An associated logo."}}, "http://schema.org/Thing": {"http://schema.org/image": {"expected_type": ["http://schema.org/URL", "http://schema.org/ImageObject"], "description": "An image of the item. This can be a URL or a fully described ImageObject."}, "http://schema.org/url": {"expected_type": ["http://schema.org/URL"], "description": "URL of the item."}, "http://schema.org/alternateName": {"expected_type": ["http://schema.org/Text"], "description": "An alias for the item."}, "http://schema.org/description": {"expected_type": ["http://schema.org/Text"], "description": "A short description of the item."}, "http://schema.org/potentialAction": {"expected_type": ["http://schema.org/Action"], "description": "Indicates a potential Action, which describes an idealized action in which this thing would play an 'object' role."}, "http://schema.org/mainEntityOfPage": {"expected_type": ["http://schema.org/URL", "http://schema.org/CreativeWork"], "description": "Indicates a page (or other CreativeWork) for which this thing is the main entity being described. See background notes for details. Inverse property: mainEntity."}, "http://schema.org/additionalType": {"expected_type": ["http://schema.org/URL"], "description": "An additional type for the item, typically used for adding more specific types from external vocabularies in microdata syntax. This is a relationship between something and a class that the thing is in. In RDFa syntax, it is better to use the native RDFa syntax - the 'typeof' attribute - for multiple types. Schema.org tools may have only weaker understanding of extra types, in particular those defined externally."}, "http://schema.org/name": {"expected_type": ["http://schema.org/Text"], "description": "The name of the item."}, "http://schema.org/sameAs": {"expected_type": ["http://schema.org/URL"], "description": "URL of a reference Web page that unambiguously indicates the item's identity. E.g. the URL of the item's Wikipedia page, Freebase page, or official website."}}, "http://schema.org/Place": {"http://schema.org/photo": {"expected_type": ["http://schema.org/Photograph", "http://schema.org/ImageObject"], "description": "A photograph of this place. Supersedes photos."}, "http://schema.org/url": {"expected_type": ["http://schema.org/URL"], "description": "URL of the item."}, "http://schema.org/review": {"expected_type": ["http://schema.org/Review"], "description": "A review of the item. Supersedes reviews."}, "http://schema.org/branchCode": {"expected_type": ["http://schema.org/Text"], "description": "A short textual code (also called \"store code\") that uniquely identifies a place of business. The code is typically assigned by the parentOrganization and used in structured URLs. For example, in the URL http://www.starbucks.co.uk/store-locator/etc/detail/3047 the code \"3047\" is a branchCode for a particular branch."}, "http://schema.org/aggregateRating": {"expected_type": ["http://schema.org/AggregateRating"], "description": "The overall rating, based on a collection of reviews or ratings, of the item."}, "http://schema.org/hasMap": {"expected_type": ["http://schema.org/URL", "http://schema.org/Map"], "description": "A URL to a map of the place. Supersedes map, maps."}, "http://schema.org/potentialAction": {"expected_type": ["http://schema.org/Action"], "description": "Indicates a potential Action, which describes an idealized action in which this thing would play an 'object' role."}, "http://schema.org/geo": {"expected_type": ["http://schema.org/GeoCoordinates", "http://schema.org/GeoShape"], "description": "The geo coordinates of the place."}, "http://schema.org/name": {"expected_type": ["http://schema.org/Text"], "description": "The name of the item."}, "http://schema.org/alternateName": {"expected_type": ["http://schema.org/Text"], "description": "An alias for the item."}, "http://schema.org/faxNumber": {"expected_type": ["http://schema.org/Text"], "description": "The fax number."}, "http://schema.org/telephone": {"expected_type": ["http://schema.org/Text"], "description": "The telephone number."}, "http://schema.org/mainEntityOfPage": {"expected_type": ["http://schema.org/URL", "http://schema.org/CreativeWork"], "description": "Indicates a page (or other CreativeWork) for which this thing is the main entity being described. See background notes for details. Inverse property: mainEntity."}, "http://schema.org/openingHoursSpecification": {"expected_type": ["http://schema.org/OpeningHoursSpecification"], "description": "The opening hours of a certain place."}, "http://schema.org/description": {"expected_type": ["http://schema.org/Text"], "description": "A short description of the item."}, "http://schema.org/event": {"expected_type": ["http://schema.org/Event"], "description": "Upcoming or past event associated with this place, organization, or action. Supersedes events."}, "http://schema.org/additionalProperty": {"expected_type": ["http://schema.org/PropertyValue"], "description": "A property-value pair representing an additional characteristics of the entitity, e.g. a product feature or another characteristic for which there is no matching property in schema.org. Note: Publishers should be aware that applications designed to use specific schema.org properties (e.g. http://schema.org/width, http://schema.org/color, http://schema.org/gtin13, ...) will typically expect such data to be provided using those properties, rather than using the generic property/value mechanism."}, "http://schema.org/containsPlace": {"expected_type": ["http://schema.org/Place"], "description": "The basic containment relation between a place and another that it contains. Inverse property: containsPlace."}, "http://schema.org/isicV4": {"expected_type": ["http://schema.org/Text"], "description": "The International Standard of Industrial Classification of All Economic Activities (ISIC), Revision 4 code for a particular organization, business person, or place."}, "http://schema.org/image": {"expected_type": ["http://schema.org/URL", "http://schema.org/ImageObject"], "description": "An image of the item. This can be a URL or a fully described ImageObject."}, "http://schema.org/globalLocationNumber": {"expected_type": ["http://schema.org/Text"], "description": "The Global Location Number (GLN, sometimes also referred to as International Location Number or ILN) of the respective organization, person, or place. The GLN is a 13-digit number used to identify parties and physical locations."}, "http://schema.org/address": {"expected_type": ["http://schema.org/PostalAddress", "http://schema.org/Text"], "description": "Physical address of the item."}, "http://schema.org/containedInPlace": {"expected_type": ["http://schema.org/Place"], "description": "The basic containment relation between a place and one that contains it. Supersedes containedIn. Inverse property: containsPlace."}, "http://schema.org/additionalType": {"expected_type": ["http://schema.org/URL"], "description": "An additional type for the item, typically used for adding more specific types from external vocabularies in microdata syntax. This is a relationship between something and a class that the thing is in. In RDFa syntax, it is better to use the native RDFa syntax - the 'typeof' attribute - for multiple types. Schema.org tools may have only weaker understanding of extra types, in particular those defined externally."}, "http://schema.org/sameAs": {"expected_type": ["http://schema.org/URL"], "description": "URL of a reference Web page that unambiguously indicates the item's identity. E.g. the URL of the item's Wikipedia page, Freebase page, or official website."}, "http://schema.org/logo": {"expected_type": ["http://schema.org/URL", "http://schema.org/ImageObject"], "description": "An associated logo."}}}, "description": "A public structure, such as a town hall or concert hall.", "format": "http://schema.org/CivicStructure", "id": "CivicStructure.json", "instances": {}, "title": "CivicStructure"}