{"media": {"type": "application/json;profile=http://schema.org/Demand"}, "properties": {"http://schema.org/Demand": {"http://schema.org/image": {"expected_type": ["http://schema.org/URL", "http://schema.org/ImageObject"], "description": "An image of the item. This can be a URL or a fully described ImageObject."}, "http://schema.org/itemCondition": {"expected_type": ["http://schema.org/OfferItemCondition"], "description": "A predefined value from OfferItemCondition or a textual description of the condition of the product or service, or the products or services included in the offer."}, "http://schema.org/gtin12": {"expected_type": ["http://schema.org/Text"], "description": "The GTIN-12 code of the product, or the product to which the offer refers. The GTIN-12 is the 12-digit GS1 Identification Key composed of a U.P.C. Company Prefix, Item Reference, and Check Digit used to identify trade items. See GS1 GTIN Summary for more details."}, "http://schema.org/validFrom": {"expected_type": ["http://schema.org/DateTime"], "description": "The date when the item becomes valid."}, "http://schema.org/availabilityStarts": {"expected_type": ["http://schema.org/DateTime"], "description": "The beginning of the availability of the product or service included in the offer."}, "http://schema.org/ineligibleRegion": {"expected_type": ["http://schema.org/Place", "http://schema.org/Text", "http://schema.org/GeoShape"], "description": "The ISO 3166-1 (ISO 3166-1 alpha-2) or ISO 3166-2 code, the place, or the GeoShape for the geo-political region(s) for which the offer or delivery charge specification is not valid, e.g. a region where the transaction is not allowed. See also eligibleRegion."}, "http://schema.org/gtin8": {"expected_type": ["http://schema.org/Text"], "description": "The GTIN-8 code of the product, or the product to which the offer refers. This code is also known as EAN/UCC-8 or 8-digit EAN. See GS1 GTIN Summary for more details."}, "http://schema.org/potentialAction": {"expected_type": ["http://schema.org/Action"], "description": "Indicates a potential Action, which describes an idealized action in which this thing would play an 'object' role."}, "http://schema.org/eligibleDuration": {"expected_type": ["http://schema.org/QuantitativeValue"], "description": "The duration for which the given offer is valid."}, "http://schema.org/name": {"expected_type": ["http://schema.org/Text"], "description": "The name of the item."}, "http://schema.org/url": {"expected_type": ["http://schema.org/URL"], "description": "URL of the item."}, "http://schema.org/eligibleTransactionVolume": {"expected_type": ["http://schema.org/PriceSpecification"], "description": "The transaction volume, in a monetary unit, for which the offer or price specification is valid, e.g. for indicating a minimal purchasing volume, to express free shipping above a certain order volume, or to limit the acceptance of credit cards to purchases to a certain minimal amount."}, "http://schema.org/warranty": {"expected_type": ["http://schema.org/WarrantyPromise"], "description": "The warranty promise(s) included in the offer. Supersedes warrantyPromise."}, "http://schema.org/serialNumber": {"expected_type": ["http://schema.org/Text"], "description": "The serial number or any alphanumeric identifier of a particular product. When attached to an offer, it is a shortcut for the serial number of the product included in the offer."}, "http://schema.org/validThrough": {"expected_type": ["http://schema.org/DateTime"], "description": "The end of the validity of offer, price specification, or opening hours data."}, "http://schema.org/itemOffered": {"expected_type": ["http://schema.org/Product", "http://schema.org/Service"], "description": "The item being offered."}, "http://schema.org/alternateName": {"expected_type": ["http://schema.org/Text"], "description": "An alias for the item."}, "http://schema.org/availableDeliveryMethod": {"expected_type": ["http://schema.org/DeliveryMethod"], "description": "The delivery method(s) available for this offer."}, "http://schema.org/availabilityEnds": {"expected_type": ["http://schema.org/DateTime"], "description": "The end of the availability of the product or service included in the offer."}, "http://schema.org/additionalType": {"expected_type": ["http://schema.org/URL"], "description": "An additional type for the item, typically used for adding more specific types from external vocabularies in microdata syntax. This is a relationship between something and a class that the thing is in. In RDFa syntax, it is better to use the native RDFa syntax - the 'typeof' attribute - for multiple types. Schema.org tools may have only weaker understanding of extra types, in particular those defined externally."}, "http://schema.org/sameAs": {"expected_type": ["http://schema.org/URL"], "description": "URL of a reference Web page that unambiguously indicates the item's identity. E.g. the URL of the item's Wikipedia page, Freebase page, or official website."}, "http://schema.org/seller": {"expected_type": ["http://schema.org/Organization", "http://schema.org/Person"], "description": "An entity which offers (sells / leases / lends / loans) the services / goods. A seller may also be a provider. Supersedes vendor, merchant."}, "http://schema.org/acceptedPaymentMethod": {"expected_type": ["http://schema.org/PaymentMethod"], "description": "The payment method(s) accepted by seller for this offer."}, "http://schema.org/description": {"expected_type": ["http://schema.org/Text"], "description": "A short description of the item."}, "http://schema.org/inventoryLevel": {"expected_type": ["http://schema.org/QuantitativeValue"], "description": "The current approximate inventory level for the item or items."}, "http://schema.org/areaServed": {"expected_type": ["http://schema.org/Place", "http://schema.org/Text", "http://schema.org/GeoShape", "http://schema.org/AdministrativeArea"], "description": "The geographic area where a service or offered item is provided. Supersedes serviceArea."}, "http://schema.org/mainEntityOfPage": {"expected_type": ["http://schema.org/URL", "http://schema.org/CreativeWork"], "description": "Indicates a page (or other CreativeWork) for which this thing is the main entity being described. See background notes for details. Inverse property: mainEntity."}, "http://schema.org/eligibleQuantity": {"expected_type": ["http://schema.org/QuantitativeValue"], "description": "The interval and unit of measurement of ordering quantities for which the offer or price specification is valid. This allows e.g. specifying that a certain freight charge is valid only for a certain quantity."}, "http://schema.org/includesObject": {"expected_type": ["http://schema.org/TypeAndQuantityNode"], "description": "This links to a node or nodes indicating the exact quantity of the products included in the offer."}, "http://schema.org/sku": {"expected_type": ["http://schema.org/Text"], "description": "The Stock Keeping Unit (SKU), i.e. a merchant-specific identifier for a product or service, or the product to which the offer refers."}, "http://schema.org/eligibleCustomerType": {"expected_type": ["http://schema.org/BusinessEntityType"], "description": "The type(s) of customers for which the given offer is valid."}, "http://schema.org/eligibleRegion": {"expected_type": ["http://schema.org/Place", "http://schema.org/Text", "http://schema.org/GeoShape"], "description": "The ISO 3166-1 (ISO 3166-1 alpha-2) or ISO 3166-2 code, the place, or the GeoShape for the geo-political region(s) for which the offer or delivery charge specification is valid. See also ineligibleRegion."}, "http://schema.org/businessFunction": {"expected_type": ["http://schema.org/BusinessFunction"], "description": "The business function (e.g. sell, lease, repair, dispose) of the offer or component of a bundle (TypeAndQuantityNode). The default is http://purl.org/goodrelations/v1#Sell."}, "http://schema.org/advanceBookingRequirement": {"expected_type": ["http://schema.org/QuantitativeValue"], "description": "The amount of time that is required between accepting the offer and the actual usage of the resource or service."}, "http://schema.org/availableAtOrFrom": {"expected_type": ["http://schema.org/Place"], "description": "The place(s) from which the offer can be obtained (e.g. store locations)."}, "http://schema.org/deliveryLeadTime": {"expected_type": ["http://schema.org/QuantitativeValue"], "description": "The typical delay between the receipt of the order and the goods leaving the warehouse."}, "http://schema.org/gtin13": {"expected_type": ["http://schema.org/Text"], "description": "The GTIN-13 code of the product, or the product to which the offer refers. This is equivalent to 13-digit ISBN codes and EAN UCC-13. Former 12-digit UPC codes can be converted into a GTIN-13 code by simply adding a preceeding zero. See GS1 GTIN Summary for more details."}, "http://schema.org/gtin14": {"expected_type": ["http://schema.org/Text"], "description": "The GTIN-14 code of the product, or the product to which the offer refers. See GS1 GTIN Summary for more details."}, "http://schema.org/priceSpecification": {"expected_type": ["http://schema.org/PriceSpecification"], "description": "One or more detailed price specifications, indicating the unit price and delivery or payment charges."}, "http://schema.org/mpn": {"expected_type": ["http://schema.org/Text"], "description": "The Manufacturer Part Number (MPN) of the product, or the product to which the offer refers."}, "http://schema.org/availability": {"expected_type": ["http://schema.org/ItemAvailability"], "description": "The availability of this item\u2014for example In stock, Out of stock, Pre-order, etc."}}, "http://schema.org/Thing": {"http://schema.org/image": {"expected_type": ["http://schema.org/URL", "http://schema.org/ImageObject"], "description": "An image of the item. This can be a URL or a fully described ImageObject."}, "http://schema.org/url": {"expected_type": ["http://schema.org/URL"], "description": "URL of the item."}, "http://schema.org/alternateName": {"expected_type": ["http://schema.org/Text"], "description": "An alias for the item."}, "http://schema.org/description": {"expected_type": ["http://schema.org/Text"], "description": "A short description of the item."}, "http://schema.org/potentialAction": {"expected_type": ["http://schema.org/Action"], "description": "Indicates a potential Action, which describes an idealized action in which this thing would play an 'object' role."}, "http://schema.org/mainEntityOfPage": {"expected_type": ["http://schema.org/URL", "http://schema.org/CreativeWork"], "description": "Indicates a page (or other CreativeWork) for which this thing is the main entity being described. See background notes for details. Inverse property: mainEntity."}, "http://schema.org/additionalType": {"expected_type": ["http://schema.org/URL"], "description": "An additional type for the item, typically used for adding more specific types from external vocabularies in microdata syntax. This is a relationship between something and a class that the thing is in. In RDFa syntax, it is better to use the native RDFa syntax - the 'typeof' attribute - for multiple types. Schema.org tools may have only weaker understanding of extra types, in particular those defined externally."}, "http://schema.org/name": {"expected_type": ["http://schema.org/Text"], "description": "The name of the item."}, "http://schema.org/sameAs": {"expected_type": ["http://schema.org/URL"], "description": "URL of a reference Web page that unambiguously indicates the item's identity. E.g. the URL of the item's Wikipedia page, Freebase page, or official website."}}}, "description": "A demand entity represents the public, not necessarily binding, not necessarily exclusive, announcement by an organization or person to seek a certain type of goods or services. For describing demand using this type, the very same properties used for Offer apply.", "format": "http://schema.org/Demand", "id": "Demand.json", "instances": {"http://schema.org/seeks": {"description": "A pointer to products or services sought by the organization or person (demand).", "used_on_types": ["http://schema.org/Organization"]}}, "title": "Demand"}