{"media": {"type": "application/json;profile=http://schema.org/Drug"}, "properties": {"http://schema.org/MedicalTherapy": {"http://schema.org/seriousAdverseOutcome": {"expected_type": ["http://schema.org/MedicalEntity"], "description": "A possible serious complication and/or serious side effect of this therapy. Serious adverse outcomes include those that are life-threatening; result in death, disability, or permanent damage; require hospitalization or prolong existing hospitalization; cause congenital anomalies or birth defects; or jeopardize the patient and may require medical or surgical intervention to prevent one of the outcomes in this definition."}, "http://schema.org/image": {"expected_type": ["http://schema.org/URL", "http://schema.org/ImageObject"], "description": "An image of the item. This can be a URL or a fully described ImageObject."}, "http://schema.org/medicineSystem": {"expected_type": ["http://schema.org/MedicineSystem"], "description": "The system of medicine that includes this MedicalEntity, for example 'evidence-based', 'homeopathic', 'chiropractic', etc."}, "http://schema.org/potentialAction": {"expected_type": ["http://schema.org/Action"], "description": "Indicates a potential Action, which describes an idealized action in which this thing would play an 'object' role."}, "http://schema.org/description": {"expected_type": ["http://schema.org/Text"], "description": "A short description of the item."}, "http://schema.org/relevantSpecialty": {"expected_type": ["http://schema.org/MedicalSpecialty"], "description": "If applicable, a medical specialty in which this entity is relevant."}, "http://schema.org/recognizingAuthority": {"expected_type": ["http://schema.org/Organization"], "description": "If applicable, the organization that officially recognizes this entity as part of its endorsed system of medicine."}, "http://schema.org/mainEntityOfPage": {"expected_type": ["http://schema.org/URL", "http://schema.org/CreativeWork"], "description": "Indicates a page (or other CreativeWork) for which this thing is the main entity being described. See background notes for details. Inverse property: mainEntity."}, "http://schema.org/name": {"expected_type": ["http://schema.org/Text"], "description": "The name of the item."}, "http://schema.org/study": {"expected_type": ["http://schema.org/MedicalStudy"], "description": "A medical study or trial related to this entity."}, "http://schema.org/duplicateTherapy": {"expected_type": ["http://schema.org/MedicalTherapy"], "description": "A therapy that duplicates or overlaps this one."}, "http://schema.org/contraindication": {"expected_type": ["http://schema.org/MedicalContraindication"], "description": "A contraindication for this therapy."}, "http://schema.org/url": {"expected_type": ["http://schema.org/URL"], "description": "URL of the item."}, "http://schema.org/alternateName": {"expected_type": ["http://schema.org/Text"], "description": "An alias for the item."}, "http://schema.org/indication": {"expected_type": ["http://schema.org/MedicalIndication"], "description": "A factor that indicates use of this therapy for treatment and/or prevention of a condition, symptom, etc. For therapies such as drugs, indications can include both officially-approved indications as well as off-label uses. These can be distinguished by using the ApprovedIndication subtype of MedicalIndication."}, "http://schema.org/code": {"expected_type": ["http://schema.org/MedicalCode"], "description": "A medical code for the entity, taken from a controlled vocabulary or ontology such as ICD-9, DiseasesDB, MeSH, SNOMED-CT, RxNorm, etc."}, "http://schema.org/additionalType": {"expected_type": ["http://schema.org/URL"], "description": "An additional type for the item, typically used for adding more specific types from external vocabularies in microdata syntax. This is a relationship between something and a class that the thing is in. In RDFa syntax, it is better to use the native RDFa syntax - the 'typeof' attribute - for multiple types. Schema.org tools may have only weaker understanding of extra types, in particular those defined externally."}, "http://schema.org/guideline": {"expected_type": ["http://schema.org/MedicalGuideline"], "description": "A medical guideline related to this entity."}, "http://schema.org/adverseOutcome": {"expected_type": ["http://schema.org/MedicalEntity"], "description": "A possible complication and/or side effect of this therapy. If it is known that an adverse outcome is serious (resulting in death, disability, or permanent damage; requiring hospitalization; or is otherwise life-threatening or requires immediate medical attention), tag it as a seriouseAdverseOutcome instead."}, "http://schema.org/sameAs": {"expected_type": ["http://schema.org/URL"], "description": "URL of a reference Web page that unambiguously indicates the item's identity. E.g. the URL of the item's Wikipedia page, Freebase page, or official website."}}, "http://schema.org/Drug": {"http://schema.org/cost": {"expected_type": ["http://schema.org/DrugCost"], "description": "Cost per unit of the drug, as reported by the source being tagged."}, "http://schema.org/medicineSystem": {"expected_type": ["http://schema.org/MedicineSystem"], "description": "The system of medicine that includes this MedicalEntity, for example 'evidence-based', 'homeopathic', 'chiropractic', etc."}, "http://schema.org/alternateName": {"expected_type": ["http://schema.org/Text"], "description": "An alias for the item."}, "http://schema.org/dosageForm": {"expected_type": ["http://schema.org/Text"], "description": "A dosage form in which this drug/supplement is available, e.g. 'tablet', 'suspension', 'injection'."}, "http://schema.org/prescribingInfo": {"expected_type": ["http://schema.org/URL"], "description": "Link to prescribing information for the drug."}, "http://schema.org/manufacturer": {"expected_type": ["http://schema.org/Organization"], "description": "The manufacturer of the product."}, "http://schema.org/name": {"expected_type": ["http://schema.org/Text"], "description": "The name of the item."}, "http://schema.org/alcoholWarning": {"expected_type": ["http://schema.org/Text"], "description": "Any precaution, guidance, contraindication, etc. related to consumption of alcohol while taking this drug."}, "http://schema.org/administrationRoute": {"expected_type": ["http://schema.org/Text"], "description": "A route by which this drug may be administered, e.g. 'oral'."}, "http://schema.org/warning": {"expected_type": ["http://schema.org/Text", "http://schema.org/URL"], "description": "Any FDA or other warnings about the drug (text or URL)."}, "http://schema.org/activeIngredient": {"expected_type": ["http://schema.org/Text"], "description": "An active ingredient, typically chemical compounds and/or biologic substances."}, "http://schema.org/indication": {"expected_type": ["http://schema.org/MedicalIndication"], "description": "A factor that indicates use of this therapy for treatment and/or prevention of a condition, symptom, etc. For therapies such as drugs, indications can include both officially-approved indications as well as off-label uses. These can be distinguished by using the ApprovedIndication subtype of MedicalIndication."}, "http://schema.org/guideline": {"expected_type": ["http://schema.org/MedicalGuideline"], "description": "A medical guideline related to this entity."}, "http://schema.org/sameAs": {"expected_type": ["http://schema.org/URL"], "description": "URL of a reference Web page that unambiguously indicates the item's identity. E.g. the URL of the item's Wikipedia page, Freebase page, or official website."}, "http://schema.org/seriousAdverseOutcome": {"expected_type": ["http://schema.org/MedicalEntity"], "description": "A possible serious complication and/or serious side effect of this therapy. Serious adverse outcomes include those that are life-threatening; result in death, disability, or permanent damage; require hospitalization or prolong existing hospitalization; cause congenital anomalies or birth defects; or jeopardize the patient and may require medical or surgical intervention to prevent one of the outcomes in this definition."}, "http://schema.org/study": {"expected_type": ["http://schema.org/MedicalStudy"], "description": "A medical study or trial related to this entity."}, "http://schema.org/description": {"expected_type": ["http://schema.org/Text"], "description": "A short description of the item."}, "http://schema.org/relevantSpecialty": {"expected_type": ["http://schema.org/MedicalSpecialty"], "description": "If applicable, a medical specialty in which this entity is relevant."}, "http://schema.org/image": {"expected_type": ["http://schema.org/URL", "http://schema.org/ImageObject"], "description": "An image of the item. This can be a URL or a fully described ImageObject."}, "http://schema.org/isAvailableGenerically": {"expected_type": ["http://schema.org/Boolean"], "description": "True if the drug is available in a generic form (regardless of name)."}, "http://schema.org/drugClass": {"expected_type": ["http://schema.org/DrugClass"], "description": "The class of drug this belongs to (e.g., statins)."}, "http://schema.org/prescriptionStatus": {"expected_type": ["http://schema.org/DrugPrescriptionStatus"], "description": "Indicates whether this drug is available by prescription or over-the-counter."}, "http://schema.org/isProprietary": {"expected_type": ["http://schema.org/Boolean"], "description": "True if this item's name is a proprietary/brand name (vs. generic name)."}, "http://schema.org/adverseOutcome": {"expected_type": ["http://schema.org/MedicalEntity"], "description": "A possible complication and/or side effect of this therapy. If it is known that an adverse outcome is serious (resulting in death, disability, or permanent damage; requiring hospitalization; or is otherwise life-threatening or requires immediate medical attention), tag it as a seriouseAdverseOutcome instead."}, "http://schema.org/foodWarning": {"expected_type": ["http://schema.org/Text"], "description": "Any precaution, guidance, contraindication, etc. related to consumption of specific foods while taking this drug."}, "http://schema.org/url": {"expected_type": ["http://schema.org/URL"], "description": "URL of the item."}, "http://schema.org/breastfeedingWarning": {"expected_type": ["http://schema.org/Text"], "description": "Any precaution, guidance, contraindication, etc. related to this drug's use by breastfeeding mothers."}, "http://schema.org/clinicalPharmacology": {"expected_type": ["http://schema.org/Text"], "description": "Description of the absorption and elimination of drugs, including their concentration (pharmacokinetics, pK) and biological effects (pharmacodynamics, pD). Supersedes clincalPharmacology."}, "http://schema.org/mechanismOfAction": {"expected_type": ["http://schema.org/Text"], "description": "The specific biochemical interaction through which this drug or supplement produces its pharmacological effect."}, "http://schema.org/pregnancyCategory": {"expected_type": ["http://schema.org/DrugPregnancyCategory"], "description": "Pregnancy category of this drug."}, "http://schema.org/potentialAction": {"expected_type": ["http://schema.org/Action"], "description": "Indicates a potential Action, which describes an idealized action in which this thing would play an 'object' role."}, "http://schema.org/doseSchedule": {"expected_type": ["http://schema.org/DoseSchedule"], "description": "A dosing schedule for the drug for a given population, either observed, recommended, or maximum dose based on the type used."}, "http://schema.org/contraindication": {"expected_type": ["http://schema.org/MedicalContraindication"], "description": "A contraindication for this therapy."}, "http://schema.org/availableStrength": {"expected_type": ["http://schema.org/DrugStrength"], "description": "An available dosage strength for the drug."}, "http://schema.org/nonProprietaryName": {"expected_type": ["http://schema.org/Text"], "description": "The generic name of this drug or supplement."}, "http://schema.org/code": {"expected_type": ["http://schema.org/MedicalCode"], "description": "A medical code for the entity, taken from a controlled vocabulary or ontology such as ICD-9, DiseasesDB, MeSH, SNOMED-CT, RxNorm, etc."}, "http://schema.org/pregnancyWarning": {"expected_type": ["http://schema.org/Text"], "description": "Any precaution, guidance, contraindication, etc. related to this drug's use during pregnancy."}, "http://schema.org/recognizingAuthority": {"expected_type": ["http://schema.org/Organization"], "description": "If applicable, the organization that officially recognizes this entity as part of its endorsed system of medicine."}, "http://schema.org/mainEntityOfPage": {"expected_type": ["http://schema.org/URL", "http://schema.org/CreativeWork"], "description": "Indicates a page (or other CreativeWork) for which this thing is the main entity being described. See background notes for details. Inverse property: mainEntity."}, "http://schema.org/legalStatus": {"expected_type": ["http://schema.org/DrugLegalStatus"], "description": "The drug or supplement's legal status, including any controlled substance schedules that apply."}, "http://schema.org/labelDetails": {"expected_type": ["http://schema.org/URL"], "description": "Link to the drug's label details."}, "http://schema.org/interactingDrug": {"expected_type": ["http://schema.org/Drug"], "description": "Another drug that is known to interact with this drug in a way that impacts the effect of this drug or causes a risk to the patient. Note: disease interactions are typically captured as contraindications."}, "http://schema.org/relatedDrug": {"expected_type": ["http://schema.org/Drug"], "description": "Any other drug related to this one, for example commonly-prescribed alternatives."}, "http://schema.org/duplicateTherapy": {"expected_type": ["http://schema.org/MedicalTherapy"], "description": "A therapy that duplicates or overlaps this one."}, "http://schema.org/additionalType": {"expected_type": ["http://schema.org/URL"], "description": "An additional type for the item, typically used for adding more specific types from external vocabularies in microdata syntax. This is a relationship between something and a class that the thing is in. In RDFa syntax, it is better to use the native RDFa syntax - the 'typeof' attribute - for multiple types. Schema.org tools may have only weaker understanding of extra types, in particular those defined externally."}, "http://schema.org/overdosage": {"expected_type": ["http://schema.org/Text"], "description": "Any information related to overdose on a drug, including signs or symptoms, treatments, contact information for emergency response."}}, "http://schema.org/MedicalEntity": {"http://schema.org/url": {"expected_type": ["http://schema.org/URL"], "description": "URL of the item."}, "http://schema.org/medicineSystem": {"expected_type": ["http://schema.org/MedicineSystem"], "description": "The system of medicine that includes this MedicalEntity, for example 'evidence-based', 'homeopathic', 'chiropractic', etc."}, "http://schema.org/potentialAction": {"expected_type": ["http://schema.org/Action"], "description": "Indicates a potential Action, which describes an idealized action in which this thing would play an 'object' role."}, "http://schema.org/description": {"expected_type": ["http://schema.org/Text"], "description": "A short description of the item."}, "http://schema.org/relevantSpecialty": {"expected_type": ["http://schema.org/MedicalSpecialty"], "description": "If applicable, a medical specialty in which this entity is relevant."}, "http://schema.org/recognizingAuthority": {"expected_type": ["http://schema.org/Organization"], "description": "If applicable, the organization that officially recognizes this entity as part of its endorsed system of medicine."}, "http://schema.org/mainEntityOfPage": {"expected_type": ["http://schema.org/URL", "http://schema.org/CreativeWork"], "description": "Indicates a page (or other CreativeWork) for which this thing is the main entity being described. See background notes for details. Inverse property: mainEntity."}, "http://schema.org/name": {"expected_type": ["http://schema.org/Text"], "description": "The name of the item."}, "http://schema.org/study": {"expected_type": ["http://schema.org/MedicalStudy"], "description": "A medical study or trial related to this entity."}, "http://schema.org/image": {"expected_type": ["http://schema.org/URL", "http://schema.org/ImageObject"], "description": "An image of the item. This can be a URL or a fully described ImageObject."}, "http://schema.org/alternateName": {"expected_type": ["http://schema.org/Text"], "description": "An alias for the item."}, "http://schema.org/code": {"expected_type": ["http://schema.org/MedicalCode"], "description": "A medical code for the entity, taken from a controlled vocabulary or ontology such as ICD-9, DiseasesDB, MeSH, SNOMED-CT, RxNorm, etc."}, "http://schema.org/additionalType": {"expected_type": ["http://schema.org/URL"], "description": "An additional type for the item, typically used for adding more specific types from external vocabularies in microdata syntax. This is a relationship between something and a class that the thing is in. In RDFa syntax, it is better to use the native RDFa syntax - the 'typeof' attribute - for multiple types. Schema.org tools may have only weaker understanding of extra types, in particular those defined externally."}, "http://schema.org/guideline": {"expected_type": ["http://schema.org/MedicalGuideline"], "description": "A medical guideline related to this entity."}, "http://schema.org/sameAs": {"expected_type": ["http://schema.org/URL"], "description": "URL of a reference Web page that unambiguously indicates the item's identity. E.g. the URL of the item's Wikipedia page, Freebase page, or official website."}}, "http://schema.org/Thing": {"http://schema.org/image": {"expected_type": ["http://schema.org/URL", "http://schema.org/ImageObject"], "description": "An image of the item. This can be a URL or a fully described ImageObject."}, "http://schema.org/url": {"expected_type": ["http://schema.org/URL"], "description": "URL of the item."}, "http://schema.org/alternateName": {"expected_type": ["http://schema.org/Text"], "description": "An alias for the item."}, "http://schema.org/description": {"expected_type": ["http://schema.org/Text"], "description": "A short description of the item."}, "http://schema.org/potentialAction": {"expected_type": ["http://schema.org/Action"], "description": "Indicates a potential Action, which describes an idealized action in which this thing would play an 'object' role."}, "http://schema.org/mainEntityOfPage": {"expected_type": ["http://schema.org/URL", "http://schema.org/CreativeWork"], "description": "Indicates a page (or other CreativeWork) for which this thing is the main entity being described. See background notes for details. Inverse property: mainEntity."}, "http://schema.org/additionalType": {"expected_type": ["http://schema.org/URL"], "description": "An additional type for the item, typically used for adding more specific types from external vocabularies in microdata syntax. This is a relationship between something and a class that the thing is in. In RDFa syntax, it is better to use the native RDFa syntax - the 'typeof' attribute - for multiple types. Schema.org tools may have only weaker understanding of extra types, in particular those defined externally."}, "http://schema.org/name": {"expected_type": ["http://schema.org/Text"], "description": "The name of the item."}, "http://schema.org/sameAs": {"expected_type": ["http://schema.org/URL"], "description": "URL of a reference Web page that unambiguously indicates the item's identity. E.g. the URL of the item's Wikipedia page, Freebase page, or official website."}}}, "description": "A chemical or biologic substance, used as a medical therapy, that has a physiological effect on an organism.", "format": "http://schema.org/Drug", "id": "Drug.json", "instances": {"http://schema.org/drug": {"description": "A drug in this drug class.", "used_on_types": ["http://schema.org/DrugClass"]}, "http://schema.org/interactingDrug": {"description": "Another drug that is known to interact with this drug in a way that impacts the effect of this drug or causes a risk to the patient. Note: disease interactions are typically captured as contraindications.", "used_on_types": ["http://schema.org/Drug"]}, "http://schema.org/relatedDrug": {"description": "Any other drug related to this one, for example commonly-prescribed alternatives.", "used_on_types": ["http://schema.org/Drug"]}, "http://schema.org/affectedBy": {"description": "Drugs that affect the test's results.", "used_on_types": ["http://schema.org/MedicalTest"]}}, "title": "Drug"}