{"media": {"type": "application/json;profile=http://schema.org/FoodEstablishment"}, "properties": {"http://schema.org/FoodEstablishment": {"http://schema.org/member": {"expected_type": ["http://schema.org/Organization", "http://schema.org/Person"], "description": "A member of an Organization or a ProgramMembership. Organizations can be members of organizations; ProgramMembership is typically for individuals. Supersedes musicGroupMember, members. Inverse property: memberOf."}, "http://schema.org/parentOrganization": {"expected_type": ["http://schema.org/Organization"], "description": "The larger organization that this organization is a branch of, if any. Supersedes branchOf. Inverse property: subOrganization."}, "http://schema.org/memberOf": {"expected_type": ["http://schema.org/ProgramMembership", "http://schema.org/Organization"], "description": "An Organization (or ProgramMembership) to which this Person or Organization belongs. Inverse property: member."}, "http://schema.org/aggregateRating": {"expected_type": ["http://schema.org/AggregateRating"], "description": "The overall rating, based on a collection of reviews or ratings, of the item."}, "http://schema.org/address": {"expected_type": ["http://schema.org/PostalAddress", "http://schema.org/Text"], "description": "Physical address of the item."}, "http://schema.org/name": {"expected_type": ["http://schema.org/Text"], "description": "The name of the item."}, "http://schema.org/hasOfferCatalog": {"expected_type": ["http://schema.org/OfferCatalog"], "description": "Indicates an OfferCatalog listing for this Organization, Person, or Service."}, "http://schema.org/foundingLocation": {"expected_type": ["http://schema.org/Place"], "description": "The place where the Organization was founded."}, "http://schema.org/owns": {"expected_type": ["http://schema.org/Product", "http://schema.org/OwnershipInfo"], "description": "Products owned by the organization or person."}, "http://schema.org/review": {"expected_type": ["http://schema.org/Review"], "description": "A review of the item. Supersedes reviews."}, "http://schema.org/containedInPlace": {"expected_type": ["http://schema.org/Place"], "description": "The basic containment relation between a place and one that contains it. Supersedes containedIn. Inverse property: containsPlace."}, "http://schema.org/telephone": {"expected_type": ["http://schema.org/Text"], "description": "The telephone number."}, "http://schema.org/location": {"expected_type": ["http://schema.org/PostalAddress", "http://schema.org/Place", "http://schema.org/Text"], "description": "The location of for example where the event is happening, an organization is located, or where an action takes place."}, "http://schema.org/acceptsReservations": {"expected_type": ["http://schema.org/URL", "http://schema.org/Boolean", "http://schema.org/Text"], "description": "Indicates whether a FoodEstablishment accepts reservations. Values can be Boolean, a URL at which reservations can be made or (for backwards compatibility) the strings Yes or No."}, "http://schema.org/department": {"expected_type": ["http://schema.org/Organization"], "description": "A relationship between an organization and a department of that organization, also described as an organization (allowing different urls, logos, opening hours). For example: a store with a pharmacy, or a bakery with a cafe."}, "http://schema.org/servesCuisine": {"expected_type": ["http://schema.org/Text"], "description": "The cuisine of the restaurant."}, "http://schema.org/openingHours": {"expected_type": ["http://schema.org/Text"], "description": "The opening hours for a business. Opening hours can be specified as a weekly time range, starting with days, then times per day. Multiple days can be listed with commas ',' separating each day. Day or time ranges are specified using a hyphen '-'.- Days are specified using the following two-letter combinations: Mo, Tu, We, Th, Fr, Sa, Su.- Times are specified using 24:00 time. For example, 3pm is specified as 15:00. - Here is an example: <time itemprop=\"openingHours\" datetime=\"Tu,Th 16:00-20:00\">Tuesdays and Thursdays 4-8pm</time>. - If a business is open 7 days a week, then it can be specified as <time itemprop=\"openingHours\" datetime=\"Mo-Su\">Monday through Sunday, all day</time>."}, "http://schema.org/description": {"expected_type": ["http://schema.org/Text"], "description": "A short description of the item."}, "http://schema.org/makesOffer": {"expected_type": ["http://schema.org/Offer"], "description": "A pointer to products or services offered by the organization or person. Inverse property: offeredBy."}, "http://schema.org/event": {"expected_type": ["http://schema.org/Event"], "description": "Upcoming or past event associated with this place, organization, or action. Supersedes events."}, "http://schema.org/additionalProperty": {"expected_type": ["http://schema.org/PropertyValue"], "description": "A property-value pair representing an additional characteristics of the entitity, e.g. a product feature or another characteristic for which there is no matching property in schema.org. Note: Publishers should be aware that applications designed to use specific schema.org properties (e.g. http://schema.org/width, http://schema.org/color, http://schema.org/gtin13, ...) will typically expect such data to be provided using those properties, rather than using the generic property/value mechanism."}, "http://schema.org/taxID": {"expected_type": ["http://schema.org/Text"], "description": "The Tax / Fiscal ID of the organization or person, e.g. the TIN in the US or the CIF/NIF in Spain."}, "http://schema.org/isicV4": {"expected_type": ["http://schema.org/Text"], "description": "The International Standard of Industrial Classification of All Economic Activities (ISIC), Revision 4 code for a particular organization, business person, or place."}, "http://schema.org/founder": {"expected_type": ["http://schema.org/Person"], "description": "A person who founded this organization. Supersedes founders."}, "http://schema.org/legalName": {"expected_type": ["http://schema.org/Text"], "description": "The official name of the organization, e.g. the registered company name."}, "http://schema.org/vatID": {"expected_type": ["http://schema.org/Text"], "description": "The Value-added Tax ID of the organization or person."}, "http://schema.org/image": {"expected_type": ["http://schema.org/URL", "http://schema.org/ImageObject"], "description": "An image of the item. This can be a URL or a fully described ImageObject."}, "http://schema.org/hasMap": {"expected_type": ["http://schema.org/URL", "http://schema.org/Map"], "description": "A URL to a map of the place. Supersedes map, maps."}, "http://schema.org/dissolutionDate": {"expected_type": ["http://schema.org/Date"], "description": "The date that this organization was dissolved."}, "http://schema.org/hasPOS": {"expected_type": ["http://schema.org/Place"], "description": "Points-of-Sales operated by the organization or person."}, "http://schema.org/email": {"expected_type": ["http://schema.org/Text"], "description": "Email address."}, "http://schema.org/photo": {"expected_type": ["http://schema.org/Photograph", "http://schema.org/ImageObject"], "description": "A photograph of this place. Supersedes photos."}, "http://schema.org/url": {"expected_type": ["http://schema.org/URL"], "description": "URL of the item."}, "http://schema.org/branchCode": {"expected_type": ["http://schema.org/Text"], "description": "A short textual code (also called \"store code\") that uniquely identifies a place of business. The code is typically assigned by the parentOrganization and used in structured URLs. For example, in the URL http://www.starbucks.co.uk/store-locator/etc/detail/3047 the code \"3047\" is a branchCode for a particular branch."}, "http://schema.org/potentialAction": {"expected_type": ["http://schema.org/Action"], "description": "Indicates a potential Action, which describes an idealized action in which this thing would play an 'object' role."}, "http://schema.org/alumni": {"expected_type": ["http://schema.org/Person"], "description": "Alumni of an organization. Inverse property: alumniOf."}, "http://schema.org/geo": {"expected_type": ["http://schema.org/GeoCoordinates", "http://schema.org/GeoShape"], "description": "The geo coordinates of the place."}, "http://schema.org/sameAs": {"expected_type": ["http://schema.org/URL"], "description": "URL of a reference Web page that unambiguously indicates the item's identity. E.g. the URL of the item's Wikipedia page, Freebase page, or official website."}, "http://schema.org/priceRange": {"expected_type": ["http://schema.org/Text"], "description": "The price range of the business, for example $$$."}, "http://schema.org/alternateName": {"expected_type": ["http://schema.org/Text"], "description": "An alias for the item."}, "http://schema.org/brand": {"expected_type": ["http://schema.org/Brand", "http://schema.org/Organization"], "description": "The brand(s) associated with a product or service, or the brand(s) maintained by an organization or business person."}, "http://schema.org/duns": {"expected_type": ["http://schema.org/Text"], "description": "The Dun & Bradstreet DUNS number for identifying an organization or business person."}, "http://schema.org/award": {"expected_type": ["http://schema.org/Text"], "description": "An award won by or for this item. Supersedes awards."}, "http://schema.org/openingHoursSpecification": {"expected_type": ["http://schema.org/OpeningHoursSpecification"], "description": "The opening hours of a certain place."}, "http://schema.org/employee": {"expected_type": ["http://schema.org/Person"], "description": "Someone working for this organization. Supersedes employees."}, "http://schema.org/numberOfEmployees": {"expected_type": ["http://schema.org/QuantitativeValue"], "description": "The number of employees in an organization e.g. business."}, "http://schema.org/seeks": {"expected_type": ["http://schema.org/Demand"], "description": "A pointer to products or services sought by the organization or person (demand)."}, "http://schema.org/areaServed": {"expected_type": ["http://schema.org/GeoShape", "http://schema.org/AdministrativeArea", "http://schema.org/Place", "http://schema.org/Text"], "description": "The geographic area where a service or offered item is provided. Supersedes serviceArea."}, "http://schema.org/mainEntityOfPage": {"expected_type": ["http://schema.org/URL", "http://schema.org/CreativeWork"], "description": "Indicates a page (or other CreativeWork) for which this thing is the main entity being described. See background notes for details. Inverse property: mainEntity."}, "http://schema.org/containsPlace": {"expected_type": ["http://schema.org/Place"], "description": "The basic containment relation between a place and another that it contains. Inverse property: containsPlace."}, "http://schema.org/contactPoint": {"expected_type": ["http://schema.org/ContactPoint"], "description": "A contact point for a person or organization. Supersedes contactPoints."}, "http://schema.org/subOrganization": {"expected_type": ["http://schema.org/Organization"], "description": "A relationship between two organizations where the first includes the second, e.g., as a subsidiary. See also: the more specific 'department' property. Inverse property: parentOrganization."}, "http://schema.org/globalLocationNumber": {"expected_type": ["http://schema.org/Text"], "description": "The Global Location Number (GLN, sometimes also referred to as International Location Number or ILN) of the respective organization, person, or place. The GLN is a 13-digit number used to identify parties and physical locations."}, "http://schema.org/currenciesAccepted": {"expected_type": ["http://schema.org/Text"], "description": "The currency accepted (in ISO 4217 currency format)."}, "http://schema.org/foundingDate": {"expected_type": ["http://schema.org/Date"], "description": "The date that this organization was founded."}, "http://schema.org/faxNumber": {"expected_type": ["http://schema.org/Text"], "description": "The fax number."}, "http://schema.org/additionalType": {"expected_type": ["http://schema.org/URL"], "description": "An additional type for the item, typically used for adding more specific types from external vocabularies in microdata syntax. This is a relationship between something and a class that the thing is in. In RDFa syntax, it is better to use the native RDFa syntax - the 'typeof' attribute - for multiple types. Schema.org tools may have only weaker understanding of extra types, in particular those defined externally."}, "http://schema.org/naics": {"expected_type": ["http://schema.org/Text"], "description": "The North American Industry Classification System (NAICS) code for a particular organization or business person."}, "http://schema.org/paymentAccepted": {"expected_type": ["http://schema.org/Text"], "description": "Cash, credit card, etc."}, "http://schema.org/menu": {"expected_type": ["http://schema.org/URL", "http://schema.org/Text"], "description": "Either the actual menu or a URL of the menu."}, "http://schema.org/logo": {"expected_type": ["http://schema.org/URL", "http://schema.org/ImageObject"], "description": "An associated logo."}}, "http://schema.org/Thing": {"http://schema.org/image": {"expected_type": ["http://schema.org/URL", "http://schema.org/ImageObject"], "description": "An image of the item. This can be a URL or a fully described ImageObject."}, "http://schema.org/url": {"expected_type": ["http://schema.org/URL"], "description": "URL of the item."}, "http://schema.org/alternateName": {"expected_type": ["http://schema.org/Text"], "description": "An alias for the item."}, "http://schema.org/description": {"expected_type": ["http://schema.org/Text"], "description": "A short description of the item."}, "http://schema.org/potentialAction": {"expected_type": ["http://schema.org/Action"], "description": "Indicates a potential Action, which describes an idealized action in which this thing would play an 'object' role."}, "http://schema.org/mainEntityOfPage": {"expected_type": ["http://schema.org/URL", "http://schema.org/CreativeWork"], "description": "Indicates a page (or other CreativeWork) for which this thing is the main entity being described. See background notes for details. Inverse property: mainEntity."}, "http://schema.org/additionalType": {"expected_type": ["http://schema.org/URL"], "description": "An additional type for the item, typically used for adding more specific types from external vocabularies in microdata syntax. This is a relationship between something and a class that the thing is in. In RDFa syntax, it is better to use the native RDFa syntax - the 'typeof' attribute - for multiple types. Schema.org tools may have only weaker understanding of extra types, in particular those defined externally."}, "http://schema.org/name": {"expected_type": ["http://schema.org/Text"], "description": "The name of the item."}, "http://schema.org/sameAs": {"expected_type": ["http://schema.org/URL"], "description": "URL of a reference Web page that unambiguously indicates the item's identity. E.g. the URL of the item's Wikipedia page, Freebase page, or official website."}}, "http://schema.org/Place": {"http://schema.org/photo": {"expected_type": ["http://schema.org/Photograph", "http://schema.org/ImageObject"], "description": "A photograph of this place. Supersedes photos."}, "http://schema.org/url": {"expected_type": ["http://schema.org/URL"], "description": "URL of the item."}, "http://schema.org/review": {"expected_type": ["http://schema.org/Review"], "description": "A review of the item. Supersedes reviews."}, "http://schema.org/branchCode": {"expected_type": ["http://schema.org/Text"], "description": "A short textual code (also called \"store code\") that uniquely identifies a place of business. The code is typically assigned by the parentOrganization and used in structured URLs. For example, in the URL http://www.starbucks.co.uk/store-locator/etc/detail/3047 the code \"3047\" is a branchCode for a particular branch."}, "http://schema.org/aggregateRating": {"expected_type": ["http://schema.org/AggregateRating"], "description": "The overall rating, based on a collection of reviews or ratings, of the item."}, "http://schema.org/hasMap": {"expected_type": ["http://schema.org/URL", "http://schema.org/Map"], "description": "A URL to a map of the place. Supersedes map, maps."}, "http://schema.org/potentialAction": {"expected_type": ["http://schema.org/Action"], "description": "Indicates a potential Action, which describes an idealized action in which this thing would play an 'object' role."}, "http://schema.org/geo": {"expected_type": ["http://schema.org/GeoCoordinates", "http://schema.org/GeoShape"], "description": "The geo coordinates of the place."}, "http://schema.org/name": {"expected_type": ["http://schema.org/Text"], "description": "The name of the item."}, "http://schema.org/alternateName": {"expected_type": ["http://schema.org/Text"], "description": "An alias for the item."}, "http://schema.org/faxNumber": {"expected_type": ["http://schema.org/Text"], "description": "The fax number."}, "http://schema.org/telephone": {"expected_type": ["http://schema.org/Text"], "description": "The telephone number."}, "http://schema.org/mainEntityOfPage": {"expected_type": ["http://schema.org/URL", "http://schema.org/CreativeWork"], "description": "Indicates a page (or other CreativeWork) for which this thing is the main entity being described. See background notes for details. Inverse property: mainEntity."}, "http://schema.org/openingHoursSpecification": {"expected_type": ["http://schema.org/OpeningHoursSpecification"], "description": "The opening hours of a certain place."}, "http://schema.org/description": {"expected_type": ["http://schema.org/Text"], "description": "A short description of the item."}, "http://schema.org/event": {"expected_type": ["http://schema.org/Event"], "description": "Upcoming or past event associated with this place, organization, or action. Supersedes events."}, "http://schema.org/additionalProperty": {"expected_type": ["http://schema.org/PropertyValue"], "description": "A property-value pair representing an additional characteristics of the entitity, e.g. a product feature or another characteristic for which there is no matching property in schema.org. Note: Publishers should be aware that applications designed to use specific schema.org properties (e.g. http://schema.org/width, http://schema.org/color, http://schema.org/gtin13, ...) will typically expect such data to be provided using those properties, rather than using the generic property/value mechanism."}, "http://schema.org/containsPlace": {"expected_type": ["http://schema.org/Place"], "description": "The basic containment relation between a place and another that it contains. Inverse property: containsPlace."}, "http://schema.org/isicV4": {"expected_type": ["http://schema.org/Text"], "description": "The International Standard of Industrial Classification of All Economic Activities (ISIC), Revision 4 code for a particular organization, business person, or place."}, "http://schema.org/image": {"expected_type": ["http://schema.org/URL", "http://schema.org/ImageObject"], "description": "An image of the item. This can be a URL or a fully described ImageObject."}, "http://schema.org/globalLocationNumber": {"expected_type": ["http://schema.org/Text"], "description": "The Global Location Number (GLN, sometimes also referred to as International Location Number or ILN) of the respective organization, person, or place. The GLN is a 13-digit number used to identify parties and physical locations."}, "http://schema.org/address": {"expected_type": ["http://schema.org/PostalAddress", "http://schema.org/Text"], "description": "Physical address of the item."}, "http://schema.org/containedInPlace": {"expected_type": ["http://schema.org/Place"], "description": "The basic containment relation between a place and one that contains it. Supersedes containedIn. Inverse property: containsPlace."}, "http://schema.org/additionalType": {"expected_type": ["http://schema.org/URL"], "description": "An additional type for the item, typically used for adding more specific types from external vocabularies in microdata syntax. This is a relationship between something and a class that the thing is in. In RDFa syntax, it is better to use the native RDFa syntax - the 'typeof' attribute - for multiple types. Schema.org tools may have only weaker understanding of extra types, in particular those defined externally."}, "http://schema.org/sameAs": {"expected_type": ["http://schema.org/URL"], "description": "URL of a reference Web page that unambiguously indicates the item's identity. E.g. the URL of the item's Wikipedia page, Freebase page, or official website."}, "http://schema.org/logo": {"expected_type": ["http://schema.org/URL", "http://schema.org/ImageObject"], "description": "An associated logo."}}, "http://schema.org/Organization": {"http://schema.org/member": {"expected_type": ["http://schema.org/Organization", "http://schema.org/Person"], "description": "A member of an Organization or a ProgramMembership. Organizations can be members of organizations; ProgramMembership is typically for individuals. Supersedes musicGroupMember, members. Inverse property: memberOf."}, "http://schema.org/parentOrganization": {"expected_type": ["http://schema.org/Organization"], "description": "The larger organization that this organization is a branch of, if any. Supersedes branchOf. Inverse property: subOrganization."}, "http://schema.org/memberOf": {"expected_type": ["http://schema.org/ProgramMembership", "http://schema.org/Organization"], "description": "An Organization (or ProgramMembership) to which this Person or Organization belongs. Inverse property: member."}, "http://schema.org/aggregateRating": {"expected_type": ["http://schema.org/AggregateRating"], "description": "The overall rating, based on a collection of reviews or ratings, of the item."}, "http://schema.org/hasMap": {"expected_type": ["http://schema.org/URL", "http://schema.org/Map"], "description": "A URL to a map of the place. Supersedes map, maps."}, "http://schema.org/name": {"expected_type": ["http://schema.org/Text"], "description": "The name of the item."}, "http://schema.org/hasOfferCatalog": {"expected_type": ["http://schema.org/OfferCatalog"], "description": "Indicates an OfferCatalog listing for this Organization, Person, or Service."}, "http://schema.org/foundingLocation": {"expected_type": ["http://schema.org/Place"], "description": "The place where the Organization was founded."}, "http://schema.org/owns": {"expected_type": ["http://schema.org/Product", "http://schema.org/OwnershipInfo"], "description": "Products owned by the organization or person."}, "http://schema.org/review": {"expected_type": ["http://schema.org/Review"], "description": "A review of the item. Supersedes reviews."}, "http://schema.org/containedInPlace": {"expected_type": ["http://schema.org/Place"], "description": "The basic containment relation between a place and one that contains it. Supersedes containedIn. Inverse property: containsPlace."}, "http://schema.org/telephone": {"expected_type": ["http://schema.org/Text"], "description": "The telephone number."}, "http://schema.org/location": {"expected_type": ["http://schema.org/PostalAddress", "http://schema.org/Place", "http://schema.org/Text"], "description": "The location of for example where the event is happening, an organization is located, or where an action takes place."}, "http://schema.org/department": {"expected_type": ["http://schema.org/Organization"], "description": "A relationship between an organization and a department of that organization, also described as an organization (allowing different urls, logos, opening hours). For example: a store with a pharmacy, or a bakery with a cafe."}, "http://schema.org/description": {"expected_type": ["http://schema.org/Text"], "description": "A short description of the item."}, "http://schema.org/makesOffer": {"expected_type": ["http://schema.org/Offer"], "description": "A pointer to products or services offered by the organization or person. Inverse property: offeredBy."}, "http://schema.org/event": {"expected_type": ["http://schema.org/Event"], "description": "Upcoming or past event associated with this place, organization, or action. Supersedes events."}, "http://schema.org/additionalProperty": {"expected_type": ["http://schema.org/PropertyValue"], "description": "A property-value pair representing an additional characteristics of the entitity, e.g. a product feature or another characteristic for which there is no matching property in schema.org. Note: Publishers should be aware that applications designed to use specific schema.org properties (e.g. http://schema.org/width, http://schema.org/color, http://schema.org/gtin13, ...) will typically expect such data to be provided using those properties, rather than using the generic property/value mechanism."}, "http://schema.org/branchCode": {"expected_type": ["http://schema.org/Text"], "description": "A short textual code (also called \"store code\") that uniquely identifies a place of business. The code is typically assigned by the parentOrganization and used in structured URLs. For example, in the URL http://www.starbucks.co.uk/store-locator/etc/detail/3047 the code \"3047\" is a branchCode for a particular branch."}, "http://schema.org/isicV4": {"expected_type": ["http://schema.org/Text"], "description": "The International Standard of Industrial Classification of All Economic Activities (ISIC), Revision 4 code for a particular organization, business person, or place."}, "http://schema.org/founder": {"expected_type": ["http://schema.org/Person"], "description": "A person who founded this organization. Supersedes founders."}, "http://schema.org/legalName": {"expected_type": ["http://schema.org/Text"], "description": "The official name of the organization, e.g. the registered company name."}, "http://schema.org/vatID": {"expected_type": ["http://schema.org/Text"], "description": "The Value-added Tax ID of the organization or person."}, "http://schema.org/image": {"expected_type": ["http://schema.org/URL", "http://schema.org/ImageObject"], "description": "An image of the item. This can be a URL or a fully described ImageObject."}, "http://schema.org/address": {"expected_type": ["http://schema.org/PostalAddress", "http://schema.org/Text"], "description": "Physical address of the item."}, "http://schema.org/dissolutionDate": {"expected_type": ["http://schema.org/Date"], "description": "The date that this organization was dissolved."}, "http://schema.org/hasPOS": {"expected_type": ["http://schema.org/Place"], "description": "Points-of-Sales operated by the organization or person."}, "http://schema.org/email": {"expected_type": ["http://schema.org/Text"], "description": "Email address."}, "http://schema.org/photo": {"expected_type": ["http://schema.org/Photograph", "http://schema.org/ImageObject"], "description": "A photograph of this place. Supersedes photos."}, "http://schema.org/url": {"expected_type": ["http://schema.org/URL"], "description": "URL of the item."}, "http://schema.org/taxID": {"expected_type": ["http://schema.org/Text"], "description": "The Tax / Fiscal ID of the organization or person, e.g. the TIN in the US or the CIF/NIF in Spain."}, "http://schema.org/potentialAction": {"expected_type": ["http://schema.org/Action"], "description": "Indicates a potential Action, which describes an idealized action in which this thing would play an 'object' role."}, "http://schema.org/alumni": {"expected_type": ["http://schema.org/Person"], "description": "Alumni of an organization. Inverse property: alumniOf."}, "http://schema.org/geo": {"expected_type": ["http://schema.org/GeoCoordinates", "http://schema.org/GeoShape"], "description": "The geo coordinates of the place."}, "http://schema.org/sameAs": {"expected_type": ["http://schema.org/URL"], "description": "URL of a reference Web page that unambiguously indicates the item's identity. E.g. the URL of the item's Wikipedia page, Freebase page, or official website."}, "http://schema.org/employee": {"expected_type": ["http://schema.org/Person"], "description": "Someone working for this organization. Supersedes employees."}, "http://schema.org/alternateName": {"expected_type": ["http://schema.org/Text"], "description": "An alias for the item."}, "http://schema.org/brand": {"expected_type": ["http://schema.org/Brand", "http://schema.org/Organization"], "description": "The brand(s) associated with a product or service, or the brand(s) maintained by an organization or business person."}, "http://schema.org/duns": {"expected_type": ["http://schema.org/Text"], "description": "The Dun & Bradstreet DUNS number for identifying an organization or business person."}, "http://schema.org/award": {"expected_type": ["http://schema.org/Text"], "description": "An award won by or for this item. Supersedes awards."}, "http://schema.org/openingHoursSpecification": {"expected_type": ["http://schema.org/OpeningHoursSpecification"], "description": "The opening hours of a certain place."}, "http://schema.org/numberOfEmployees": {"expected_type": ["http://schema.org/QuantitativeValue"], "description": "The number of employees in an organization e.g. business."}, "http://schema.org/seeks": {"expected_type": ["http://schema.org/Demand"], "description": "A pointer to products or services sought by the organization or person (demand)."}, "http://schema.org/areaServed": {"expected_type": ["http://schema.org/GeoShape", "http://schema.org/AdministrativeArea", "http://schema.org/Place", "http://schema.org/Text"], "description": "The geographic area where a service or offered item is provided. Supersedes serviceArea."}, "http://schema.org/mainEntityOfPage": {"expected_type": ["http://schema.org/URL", "http://schema.org/CreativeWork"], "description": "Indicates a page (or other CreativeWork) for which this thing is the main entity being described. See background notes for details. Inverse property: mainEntity."}, "http://schema.org/containsPlace": {"expected_type": ["http://schema.org/Place"], "description": "The basic containment relation between a place and another that it contains. Inverse property: containsPlace."}, "http://schema.org/contactPoint": {"expected_type": ["http://schema.org/ContactPoint"], "description": "A contact point for a person or organization. Supersedes contactPoints."}, "http://schema.org/subOrganization": {"expected_type": ["http://schema.org/Organization"], "description": "A relationship between two organizations where the first includes the second, e.g., as a subsidiary. See also: the more specific 'department' property. Inverse property: parentOrganization."}, "http://schema.org/globalLocationNumber": {"expected_type": ["http://schema.org/Text"], "description": "The Global Location Number (GLN, sometimes also referred to as International Location Number or ILN) of the respective organization, person, or place. The GLN is a 13-digit number used to identify parties and physical locations."}, "http://schema.org/foundingDate": {"expected_type": ["http://schema.org/Date"], "description": "The date that this organization was founded."}, "http://schema.org/faxNumber": {"expected_type": ["http://schema.org/Text"], "description": "The fax number."}, "http://schema.org/additionalType": {"expected_type": ["http://schema.org/URL"], "description": "An additional type for the item, typically used for adding more specific types from external vocabularies in microdata syntax. This is a relationship between something and a class that the thing is in. In RDFa syntax, it is better to use the native RDFa syntax - the 'typeof' attribute - for multiple types. Schema.org tools may have only weaker understanding of extra types, in particular those defined externally."}, "http://schema.org/naics": {"expected_type": ["http://schema.org/Text"], "description": "The North American Industry Classification System (NAICS) code for a particular organization or business person."}, "http://schema.org/logo": {"expected_type": ["http://schema.org/URL", "http://schema.org/ImageObject"], "description": "An associated logo."}}, "http://schema.org/LocalBusiness": {"http://schema.org/member": {"expected_type": ["http://schema.org/Organization", "http://schema.org/Person"], "description": "A member of an Organization or a ProgramMembership. Organizations can be members of organizations; ProgramMembership is typically for individuals. Supersedes musicGroupMember, members. Inverse property: memberOf."}, "http://schema.org/parentOrganization": {"expected_type": ["http://schema.org/Organization"], "description": "The larger organization that this organization is a branch of, if any. Supersedes branchOf. Inverse property: subOrganization."}, "http://schema.org/memberOf": {"expected_type": ["http://schema.org/ProgramMembership", "http://schema.org/Organization"], "description": "An Organization (or ProgramMembership) to which this Person or Organization belongs. Inverse property: member."}, "http://schema.org/aggregateRating": {"expected_type": ["http://schema.org/AggregateRating"], "description": "The overall rating, based on a collection of reviews or ratings, of the item."}, "http://schema.org/address": {"expected_type": ["http://schema.org/PostalAddress", "http://schema.org/Text"], "description": "Physical address of the item."}, "http://schema.org/name": {"expected_type": ["http://schema.org/Text"], "description": "The name of the item."}, "http://schema.org/hasOfferCatalog": {"expected_type": ["http://schema.org/OfferCatalog"], "description": "Indicates an OfferCatalog listing for this Organization, Person, or Service."}, "http://schema.org/foundingLocation": {"expected_type": ["http://schema.org/Place"], "description": "The place where the Organization was founded."}, "http://schema.org/owns": {"expected_type": ["http://schema.org/Product", "http://schema.org/OwnershipInfo"], "description": "Products owned by the organization or person."}, "http://schema.org/review": {"expected_type": ["http://schema.org/Review"], "description": "A review of the item. Supersedes reviews."}, "http://schema.org/containedInPlace": {"expected_type": ["http://schema.org/Place"], "description": "The basic containment relation between a place and one that contains it. Supersedes containedIn. Inverse property: containsPlace."}, "http://schema.org/telephone": {"expected_type": ["http://schema.org/Text"], "description": "The telephone number."}, "http://schema.org/location": {"expected_type": ["http://schema.org/PostalAddress", "http://schema.org/Place", "http://schema.org/Text"], "description": "The location of for example where the event is happening, an organization is located, or where an action takes place."}, "http://schema.org/department": {"expected_type": ["http://schema.org/Organization"], "description": "A relationship between an organization and a department of that organization, also described as an organization (allowing different urls, logos, opening hours). For example: a store with a pharmacy, or a bakery with a cafe."}, "http://schema.org/openingHours": {"expected_type": ["http://schema.org/Text"], "description": "The opening hours for a business. Opening hours can be specified as a weekly time range, starting with days, then times per day. Multiple days can be listed with commas ',' separating each day. Day or time ranges are specified using a hyphen '-'.- Days are specified using the following two-letter combinations: Mo, Tu, We, Th, Fr, Sa, Su.- Times are specified using 24:00 time. For example, 3pm is specified as 15:00. - Here is an example: <time itemprop=\"openingHours\" datetime=\"Tu,Th 16:00-20:00\">Tuesdays and Thursdays 4-8pm</time>. - If a business is open 7 days a week, then it can be specified as <time itemprop=\"openingHours\" datetime=\"Mo-Su\">Monday through Sunday, all day</time>."}, "http://schema.org/description": {"expected_type": ["http://schema.org/Text"], "description": "A short description of the item."}, "http://schema.org/makesOffer": {"expected_type": ["http://schema.org/Offer"], "description": "A pointer to products or services offered by the organization or person. Inverse property: offeredBy."}, "http://schema.org/event": {"expected_type": ["http://schema.org/Event"], "description": "Upcoming or past event associated with this place, organization, or action. Supersedes events."}, "http://schema.org/additionalProperty": {"expected_type": ["http://schema.org/PropertyValue"], "description": "A property-value pair representing an additional characteristics of the entitity, e.g. a product feature or another characteristic for which there is no matching property in schema.org. Note: Publishers should be aware that applications designed to use specific schema.org properties (e.g. http://schema.org/width, http://schema.org/color, http://schema.org/gtin13, ...) will typically expect such data to be provided using those properties, rather than using the generic property/value mechanism."}, "http://schema.org/taxID": {"expected_type": ["http://schema.org/Text"], "description": "The Tax / Fiscal ID of the organization or person, e.g. the TIN in the US or the CIF/NIF in Spain."}, "http://schema.org/isicV4": {"expected_type": ["http://schema.org/Text"], "description": "The International Standard of Industrial Classification of All Economic Activities (ISIC), Revision 4 code for a particular organization, business person, or place."}, "http://schema.org/founder": {"expected_type": ["http://schema.org/Person"], "description": "A person who founded this organization. Supersedes founders."}, "http://schema.org/legalName": {"expected_type": ["http://schema.org/Text"], "description": "The official name of the organization, e.g. the registered company name."}, "http://schema.org/vatID": {"expected_type": ["http://schema.org/Text"], "description": "The Value-added Tax ID of the organization or person."}, "http://schema.org/image": {"expected_type": ["http://schema.org/URL", "http://schema.org/ImageObject"], "description": "An image of the item. This can be a URL or a fully described ImageObject."}, "http://schema.org/hasMap": {"expected_type": ["http://schema.org/URL", "http://schema.org/Map"], "description": "A URL to a map of the place. Supersedes map, maps."}, "http://schema.org/dissolutionDate": {"expected_type": ["http://schema.org/Date"], "description": "The date that this organization was dissolved."}, "http://schema.org/hasPOS": {"expected_type": ["http://schema.org/Place"], "description": "Points-of-Sales operated by the organization or person."}, "http://schema.org/email": {"expected_type": ["http://schema.org/Text"], "description": "Email address."}, "http://schema.org/photo": {"expected_type": ["http://schema.org/Photograph", "http://schema.org/ImageObject"], "description": "A photograph of this place. Supersedes photos."}, "http://schema.org/url": {"expected_type": ["http://schema.org/URL"], "description": "URL of the item."}, "http://schema.org/branchCode": {"expected_type": ["http://schema.org/Text"], "description": "A short textual code (also called \"store code\") that uniquely identifies a place of business. The code is typically assigned by the parentOrganization and used in structured URLs. For example, in the URL http://www.starbucks.co.uk/store-locator/etc/detail/3047 the code \"3047\" is a branchCode for a particular branch."}, "http://schema.org/potentialAction": {"expected_type": ["http://schema.org/Action"], "description": "Indicates a potential Action, which describes an idealized action in which this thing would play an 'object' role."}, "http://schema.org/alumni": {"expected_type": ["http://schema.org/Person"], "description": "Alumni of an organization. Inverse property: alumniOf."}, "http://schema.org/geo": {"expected_type": ["http://schema.org/GeoCoordinates", "http://schema.org/GeoShape"], "description": "The geo coordinates of the place."}, "http://schema.org/sameAs": {"expected_type": ["http://schema.org/URL"], "description": "URL of a reference Web page that unambiguously indicates the item's identity. E.g. the URL of the item's Wikipedia page, Freebase page, or official website."}, "http://schema.org/employee": {"expected_type": ["http://schema.org/Person"], "description": "Someone working for this organization. Supersedes employees."}, "http://schema.org/alternateName": {"expected_type": ["http://schema.org/Text"], "description": "An alias for the item."}, "http://schema.org/brand": {"expected_type": ["http://schema.org/Brand", "http://schema.org/Organization"], "description": "The brand(s) associated with a product or service, or the brand(s) maintained by an organization or business person."}, "http://schema.org/duns": {"expected_type": ["http://schema.org/Text"], "description": "The Dun & Bradstreet DUNS number for identifying an organization or business person."}, "http://schema.org/award": {"expected_type": ["http://schema.org/Text"], "description": "An award won by or for this item. Supersedes awards."}, "http://schema.org/openingHoursSpecification": {"expected_type": ["http://schema.org/OpeningHoursSpecification"], "description": "The opening hours of a certain place."}, "http://schema.org/priceRange": {"expected_type": ["http://schema.org/Text"], "description": "The price range of the business, for example $$$."}, "http://schema.org/numberOfEmployees": {"expected_type": ["http://schema.org/QuantitativeValue"], "description": "The number of employees in an organization e.g. business."}, "http://schema.org/seeks": {"expected_type": ["http://schema.org/Demand"], "description": "A pointer to products or services sought by the organization or person (demand)."}, "http://schema.org/areaServed": {"expected_type": ["http://schema.org/GeoShape", "http://schema.org/AdministrativeArea", "http://schema.org/Place", "http://schema.org/Text"], "description": "The geographic area where a service or offered item is provided. Supersedes serviceArea."}, "http://schema.org/mainEntityOfPage": {"expected_type": ["http://schema.org/URL", "http://schema.org/CreativeWork"], "description": "Indicates a page (or other CreativeWork) for which this thing is the main entity being described. See background notes for details. Inverse property: mainEntity."}, "http://schema.org/containsPlace": {"expected_type": ["http://schema.org/Place"], "description": "The basic containment relation between a place and another that it contains. Inverse property: containsPlace."}, "http://schema.org/contactPoint": {"expected_type": ["http://schema.org/ContactPoint"], "description": "A contact point for a person or organization. Supersedes contactPoints."}, "http://schema.org/subOrganization": {"expected_type": ["http://schema.org/Organization"], "description": "A relationship between two organizations where the first includes the second, e.g., as a subsidiary. See also: the more specific 'department' property. Inverse property: parentOrganization."}, "http://schema.org/globalLocationNumber": {"expected_type": ["http://schema.org/Text"], "description": "The Global Location Number (GLN, sometimes also referred to as International Location Number or ILN) of the respective organization, person, or place. The GLN is a 13-digit number used to identify parties and physical locations."}, "http://schema.org/currenciesAccepted": {"expected_type": ["http://schema.org/Text"], "description": "The currency accepted (in ISO 4217 currency format)."}, "http://schema.org/foundingDate": {"expected_type": ["http://schema.org/Date"], "description": "The date that this organization was founded."}, "http://schema.org/faxNumber": {"expected_type": ["http://schema.org/Text"], "description": "The fax number."}, "http://schema.org/additionalType": {"expected_type": ["http://schema.org/URL"], "description": "An additional type for the item, typically used for adding more specific types from external vocabularies in microdata syntax. This is a relationship between something and a class that the thing is in. In RDFa syntax, it is better to use the native RDFa syntax - the 'typeof' attribute - for multiple types. Schema.org tools may have only weaker understanding of extra types, in particular those defined externally."}, "http://schema.org/naics": {"expected_type": ["http://schema.org/Text"], "description": "The North American Industry Classification System (NAICS) code for a particular organization or business person."}, "http://schema.org/paymentAccepted": {"expected_type": ["http://schema.org/Text"], "description": "Cash, credit card, etc."}, "http://schema.org/logo": {"expected_type": ["http://schema.org/URL", "http://schema.org/ImageObject"], "description": "An associated logo."}}}, "description": "A food-related business.", "format": "http://schema.org/FoodEstablishment", "id": "FoodEstablishment.json", "instances": {"http://schema.org/foodEstablishment": {"description": "A sub property of location. The specific food establishment where the action occurred.", "used_on_types": ["http://schema.org/CookAction"]}}, "title": "FoodEstablishment"}