{"media": {"type": "application/json;profile=http://schema.org/GeoCircle"}, "properties": {"http://schema.org/Thing": {"http://schema.org/image": {"expected_type": ["http://schema.org/URL", "http://schema.org/ImageObject"], "description": "An image of the item. This can be a URL or a fully described ImageObject."}, "http://schema.org/url": {"expected_type": ["http://schema.org/URL"], "description": "URL of the item."}, "http://schema.org/alternateName": {"expected_type": ["http://schema.org/Text"], "description": "An alias for the item."}, "http://schema.org/description": {"expected_type": ["http://schema.org/Text"], "description": "A short description of the item."}, "http://schema.org/potentialAction": {"expected_type": ["http://schema.org/Action"], "description": "Indicates a potential Action, which describes an idealized action in which this thing would play an 'object' role."}, "http://schema.org/mainEntityOfPage": {"expected_type": ["http://schema.org/URL", "http://schema.org/CreativeWork"], "description": "Indicates a page (or other CreativeWork) for which this thing is the main entity being described. See background notes for details. Inverse property: mainEntity."}, "http://schema.org/additionalType": {"expected_type": ["http://schema.org/URL"], "description": "An additional type for the item, typically used for adding more specific types from external vocabularies in microdata syntax. This is a relationship between something and a class that the thing is in. In RDFa syntax, it is better to use the native RDFa syntax - the 'typeof' attribute - for multiple types. Schema.org tools may have only weaker understanding of extra types, in particular those defined externally."}, "http://schema.org/name": {"expected_type": ["http://schema.org/Text"], "description": "The name of the item."}, "http://schema.org/sameAs": {"expected_type": ["http://schema.org/URL"], "description": "URL of a reference Web page that unambiguously indicates the item's identity. E.g. the URL of the item's Wikipedia page, Freebase page, or official website."}}, "http://schema.org/GeoShape": {"http://schema.org/addressCountry": {"expected_type": ["http://schema.org/Country", "http://schema.org/Text"], "description": "The country. For example, USA. You can also provide the two-letter ISO 3166-1 alpha-2 country code."}, "http://schema.org/url": {"expected_type": ["http://schema.org/URL"], "description": "URL of the item."}, "http://schema.org/potentialAction": {"expected_type": ["http://schema.org/Action"], "description": "Indicates a potential Action, which describes an idealized action in which this thing would play an 'object' role."}, "http://schema.org/description": {"expected_type": ["http://schema.org/Text"], "description": "A short description of the item."}, "http://schema.org/polygon": {"expected_type": ["http://schema.org/Text"], "description": "A polygon is the area enclosed by a point-to-point path for which the starting and ending points are the same. A polygon is expressed as a series of four or more space delimited points where the first and final points are identical."}, "http://schema.org/address": {"expected_type": ["http://schema.org/PostalAddress", "http://schema.org/Text"], "description": "Physical address of the item."}, "http://schema.org/circle": {"expected_type": ["http://schema.org/Text"], "description": "A circle is the circular region of a specified radius centered at a specified latitude and longitude. A circle is expressed as a pair followed by a radius in meters."}, "http://schema.org/box": {"expected_type": ["http://schema.org/Text"], "description": "A box is the area enclosed by the rectangle formed by two points. The first point is the lower corner, the second point is the upper corner. A box is expressed as two points separated by a space character."}, "http://schema.org/elevation": {"expected_type": ["http://schema.org/Number", "http://schema.org/Text"], "description": "The elevation of a location (WGS 84)."}, "http://schema.org/name": {"expected_type": ["http://schema.org/Text"], "description": "The name of the item."}, "http://schema.org/image": {"expected_type": ["http://schema.org/URL", "http://schema.org/ImageObject"], "description": "An image of the item. This can be a URL or a fully described ImageObject."}, "http://schema.org/alternateName": {"expected_type": ["http://schema.org/Text"], "description": "An alias for the item."}, "http://schema.org/mainEntityOfPage": {"expected_type": ["http://schema.org/URL", "http://schema.org/CreativeWork"], "description": "Indicates a page (or other CreativeWork) for which this thing is the main entity being described. See background notes for details. Inverse property: mainEntity."}, "http://schema.org/line": {"expected_type": ["http://schema.org/Text"], "description": "A line is a point-to-point path consisting of two or more points. A line is expressed as a series of two or more point objects separated by space."}, "http://schema.org/additionalType": {"expected_type": ["http://schema.org/URL"], "description": "An additional type for the item, typically used for adding more specific types from external vocabularies in microdata syntax. This is a relationship between something and a class that the thing is in. In RDFa syntax, it is better to use the native RDFa syntax - the 'typeof' attribute - for multiple types. Schema.org tools may have only weaker understanding of extra types, in particular those defined externally."}, "http://schema.org/postalCode": {"expected_type": ["http://schema.org/Text"], "description": "The postal code. For example, 94043."}, "http://schema.org/sameAs": {"expected_type": ["http://schema.org/URL"], "description": "URL of a reference Web page that unambiguously indicates the item's identity. E.g. the URL of the item's Wikipedia page, Freebase page, or official website."}}, "http://schema.org/GeoCircle": {"http://schema.org/addressCountry": {"expected_type": ["http://schema.org/Country", "http://schema.org/Text"], "description": "The country. For example, USA. You can also provide the two-letter ISO 3166-1 alpha-2 country code."}, "http://schema.org/url": {"expected_type": ["http://schema.org/URL"], "description": "URL of the item."}, "http://schema.org/potentialAction": {"expected_type": ["http://schema.org/Action"], "description": "Indicates a potential Action, which describes an idealized action in which this thing would play an 'object' role."}, "http://schema.org/description": {"expected_type": ["http://schema.org/Text"], "description": "A short description of the item."}, "http://schema.org/image": {"expected_type": ["http://schema.org/URL", "http://schema.org/ImageObject"], "description": "An image of the item. This can be a URL or a fully described ImageObject."}, "http://schema.org/polygon": {"expected_type": ["http://schema.org/Text"], "description": "A polygon is the area enclosed by a point-to-point path for which the starting and ending points are the same. A polygon is expressed as a series of four or more space delimited points where the first and final points are identical."}, "http://schema.org/address": {"expected_type": ["http://schema.org/PostalAddress", "http://schema.org/Text"], "description": "Physical address of the item."}, "http://schema.org/circle": {"expected_type": ["http://schema.org/Text"], "description": "A circle is the circular region of a specified radius centered at a specified latitude and longitude. A circle is expressed as a pair followed by a radius in meters."}, "http://schema.org/box": {"expected_type": ["http://schema.org/Text"], "description": "A box is the area enclosed by the rectangle formed by two points. The first point is the lower corner, the second point is the upper corner. A box is expressed as two points separated by a space character."}, "http://schema.org/elevation": {"expected_type": ["http://schema.org/Number", "http://schema.org/Text"], "description": "The elevation of a location (WGS 84)."}, "http://schema.org/name": {"expected_type": ["http://schema.org/Text"], "description": "The name of the item."}, "http://schema.org/geoMidpoint": {"expected_type": ["http://schema.org/GeoCoordinates"], "description": "Indicates the GeoCoordinates at the centre of a GeoShape e.g. GeoCircle."}, "http://schema.org/line": {"expected_type": ["http://schema.org/Text"], "description": "A line is a point-to-point path consisting of two or more points. A line is expressed as a series of two or more point objects separated by space."}, "http://schema.org/alternateName": {"expected_type": ["http://schema.org/Text"], "description": "An alias for the item."}, "http://schema.org/mainEntityOfPage": {"expected_type": ["http://schema.org/URL", "http://schema.org/CreativeWork"], "description": "Indicates a page (or other CreativeWork) for which this thing is the main entity being described. See background notes for details. Inverse property: mainEntity."}, "http://schema.org/geoRadius": {"expected_type": ["http://schema.org/Distance", "http://schema.org/Number", "http://schema.org/Text"], "description": "Indicates the approximate radius of a GeoCircle (metres unless indicated otherwise via Distance notation)."}, "http://schema.org/additionalType": {"expected_type": ["http://schema.org/URL"], "description": "An additional type for the item, typically used for adding more specific types from external vocabularies in microdata syntax. This is a relationship between something and a class that the thing is in. In RDFa syntax, it is better to use the native RDFa syntax - the 'typeof' attribute - for multiple types. Schema.org tools may have only weaker understanding of extra types, in particular those defined externally."}, "http://schema.org/postalCode": {"expected_type": ["http://schema.org/Text"], "description": "The postal code. For example, 94043."}, "http://schema.org/sameAs": {"expected_type": ["http://schema.org/URL"], "description": "URL of a reference Web page that unambiguously indicates the item's identity. E.g. the URL of the item's Wikipedia page, Freebase page, or official website."}}}, "description": "A GeoCircle is a GeoShape representing a circular geographic area. As it is a GeoShape\n          it provides the simple textual property 'circle', but also allows the combination of postalCode alongside geoRadius.\n          The center of the circle can be indicated via the 'geoMidpoint' property, or more approximately using 'address', 'postalCode'.", "format": "http://schema.org/GeoCircle", "id": "GeoCircle.json", "instances": {}, "title": "GeoCircle"}