{"media": {"type": "application/json;profile=http://schema.org/GeoCoordinates"}, "properties": {"http://schema.org/Thing": {"http://schema.org/image": {"expected_type": ["http://schema.org/URL", "http://schema.org/ImageObject"], "description": "An image of the item. This can be a URL or a fully described ImageObject."}, "http://schema.org/url": {"expected_type": ["http://schema.org/URL"], "description": "URL of the item."}, "http://schema.org/alternateName": {"expected_type": ["http://schema.org/Text"], "description": "An alias for the item."}, "http://schema.org/description": {"expected_type": ["http://schema.org/Text"], "description": "A short description of the item."}, "http://schema.org/potentialAction": {"expected_type": ["http://schema.org/Action"], "description": "Indicates a potential Action, which describes an idealized action in which this thing would play an 'object' role."}, "http://schema.org/mainEntityOfPage": {"expected_type": ["http://schema.org/URL", "http://schema.org/CreativeWork"], "description": "Indicates a page (or other CreativeWork) for which this thing is the main entity being described. See background notes for details. Inverse property: mainEntity."}, "http://schema.org/additionalType": {"expected_type": ["http://schema.org/URL"], "description": "An additional type for the item, typically used for adding more specific types from external vocabularies in microdata syntax. This is a relationship between something and a class that the thing is in. In RDFa syntax, it is better to use the native RDFa syntax - the 'typeof' attribute - for multiple types. Schema.org tools may have only weaker understanding of extra types, in particular those defined externally."}, "http://schema.org/name": {"expected_type": ["http://schema.org/Text"], "description": "The name of the item."}, "http://schema.org/sameAs": {"expected_type": ["http://schema.org/URL"], "description": "URL of a reference Web page that unambiguously indicates the item's identity. E.g. the URL of the item's Wikipedia page, Freebase page, or official website."}}, "http://schema.org/GeoCoordinates": {"http://schema.org/longitude": {"expected_type": ["http://schema.org/Text", "http://schema.org/Number"], "description": "The longitude of a location. For example -122.08585 (WGS 84)."}, "http://schema.org/url": {"expected_type": ["http://schema.org/URL"], "description": "URL of the item."}, "http://schema.org/description": {"expected_type": ["http://schema.org/Text"], "description": "A short description of the item."}, "http://schema.org/addressCountry": {"expected_type": ["http://schema.org/Text", "http://schema.org/Country"], "description": "The country. For example, USA. You can also provide the two-letter ISO 3166-1 alpha-2 country code."}, "http://schema.org/potentialAction": {"expected_type": ["http://schema.org/Action"], "description": "Indicates a potential Action, which describes an idealized action in which this thing would play an 'object' role."}, "http://schema.org/address": {"expected_type": ["http://schema.org/Text", "http://schema.org/PostalAddress"], "description": "Physical address of the item."}, "http://schema.org/elevation": {"expected_type": ["http://schema.org/Text", "http://schema.org/Number"], "description": "The elevation of a location (WGS 84)."}, "http://schema.org/additionalType": {"expected_type": ["http://schema.org/URL"], "description": "An additional type for the item, typically used for adding more specific types from external vocabularies in microdata syntax. This is a relationship between something and a class that the thing is in. In RDFa syntax, it is better to use the native RDFa syntax - the 'typeof' attribute - for multiple types. Schema.org tools may have only weaker understanding of extra types, in particular those defined externally."}, "http://schema.org/image": {"expected_type": ["http://schema.org/URL", "http://schema.org/ImageObject"], "description": "An image of the item. This can be a URL or a fully described ImageObject."}, "http://schema.org/name": {"expected_type": ["http://schema.org/Text"], "description": "The name of the item."}, "http://schema.org/alternateName": {"expected_type": ["http://schema.org/Text"], "description": "An alias for the item."}, "http://schema.org/mainEntityOfPage": {"expected_type": ["http://schema.org/URL", "http://schema.org/CreativeWork"], "description": "Indicates a page (or other CreativeWork) for which this thing is the main entity being described. See background notes for details. Inverse property: mainEntity."}, "http://schema.org/latitude": {"expected_type": ["http://schema.org/Text", "http://schema.org/Number"], "description": "The latitude of a location. For example 37.42242 (WGS 84)."}, "http://schema.org/postalCode": {"expected_type": ["http://schema.org/Text"], "description": "The postal code. For example, 94043."}, "http://schema.org/sameAs": {"expected_type": ["http://schema.org/URL"], "description": "URL of a reference Web page that unambiguously indicates the item's identity. E.g. the URL of the item's Wikipedia page, Freebase page, or official website."}}}, "description": "The geographic coordinates of a place or event.", "format": "http://schema.org/GeoCoordinates", "id": "GeoCoordinates.json", "instances": {"http://schema.org/geo": {"description": "The geo coordinates of the place.", "used_on_types": ["http://schema.org/Place"]}, "http://schema.org/geoMidpoint": {"description": "Indicates the GeoCoordinates at the centre of a GeoShape e.g. GeoCircle.", "used_on_types": ["http://schema.org/GeoCircle"]}}, "title": "GeoCoordinates"}