{"media": {"type": "application/json;profile=http://schema.org/Integer"}, "properties": {}, "description": "Data type: Integer.", "format": "http://schema.org/Integer", "id": "Integer.json", "instances": {"http://schema.org/numberOfPages": {"description": "The number of pages in the book.", "used_on_types": ["http://schema.org/Book"]}, "http://schema.org/seasonNumber": {"description": "Position of the season within an ordered group of seasons.", "used_on_types": ["http://schema.org/CreativeWorkSeason"]}, "http://schema.org/requiredMaxAge": {"description": "Audiences defined by a person's maximum age.", "used_on_types": ["http://schema.org/PeopleAudience"]}, "http://schema.org/issueNumber": {"description": "Identifies the issue of publication; for example, \"iii\" or \"2\".", "used_on_types": ["http://schema.org/PublicationIssue"]}, "http://schema.org/commentCount": {"description": "The number of comments this CreativeWork (e.g. Article, Question or Answer) has received. This is most applicable to works published in Web sites with commenting system; additional comments may exist elsewhere.", "used_on_types": ["http://schema.org/CreativeWork"]}, "http://schema.org/numAdults": {"description": "The number of adults staying in the unit.", "used_on_types": ["http://schema.org/LodgingReservation"]}, "http://schema.org/position": {"description": "The position of an item in a series or sequence of items.", "used_on_types": ["http://schema.org/ListItem"]}, "http://schema.org/numberOfSeasons": {"description": "The number of seasons in this series.", "used_on_types": ["http://schema.org/VideoGameSeries"]}, "http://schema.org/partySize": {"description": "Number of people the reservation should accommodate.", "used_on_types": ["http://schema.org/FoodEstablishmentReservation"]}, "http://schema.org/wordCount": {"description": "The number of words in the text of the Article.", "used_on_types": ["http://schema.org/Article"]}, "http://schema.org/numTracks": {"description": "The number of tracks in this album or playlist.", "used_on_types": ["http://schema.org/MusicPlaylist"]}, "http://schema.org/clipNumber": {"description": "Position of the clip within an ordered group of clips.", "used_on_types": ["http://schema.org/Clip"]}, "http://schema.org/numberOfEpisodes": {"description": "The number of episodes in this season or series.", "used_on_types": ["http://schema.org/VideoGameSeries"]}, "http://schema.org/pageEnd": {"description": "The page on which the work ends; for example \"138\" or \"xvi\".", "used_on_types": ["http://schema.org/Article"]}, "http://schema.org/volumeNumber": {"description": "Identifies the volume of publication or multi-part work; for example, \"iii\" or \"2\".", "used_on_types": ["http://schema.org/PublicationVolume"]}, "http://schema.org/numChildren": {"description": "The number of children staying in the unit.", "used_on_types": ["http://schema.org/LodgingReservation"]}, "http://schema.org/reviewCount": {"description": "The count of total number of reviews.", "used_on_types": ["http://schema.org/AggregateRating"]}, "http://schema.org/numberOfItems": {"description": "The number of items in an ItemList. Note that some descriptions might not fully describe all items in a list (e.g., multi-page pagination); in such cases, the numberOfItems would be for the entire list.", "used_on_types": ["http://schema.org/ItemList"]}, "http://schema.org/userInteractionCount": {"description": "The number of interactions for the CreativeWork using the WebSite or SoftwareApplication.", "used_on_types": ["http://schema.org/InteractionCounter"]}, "http://schema.org/answerCount": {"description": "The number of answers this question has received.", "used_on_types": ["http://schema.org/Question"]}, "http://schema.org/downvoteCount": {"description": "The number of downvotes this question, answer or comment has received from the community.", "used_on_types": ["http://schema.org/Comment"]}, "http://schema.org/episodeNumber": {"description": "Position of the episode within an ordered group of episodes.", "used_on_types": ["http://schema.org/Episode"]}, "http://schema.org/offerCount": {"description": "The number of offers for the product.", "used_on_types": ["http://schema.org/AggregateOffer"]}, "http://schema.org/ratingCount": {"description": "The count of total number of ratings.", "used_on_types": ["http://schema.org/AggregateRating"]}, "http://schema.org/playersOnline": {"description": "Number of players on the server.", "used_on_types": ["http://schema.org/GameServer"]}, "http://schema.org/upvoteCount": {"description": "The number of upvotes this question, answer or comment has received from the community.", "used_on_types": ["http://schema.org/Comment"]}, "http://schema.org/artEdition": {"description": "The number of copies when multiple copies of a piece of artwork are produced - e.g. for a limited edition of 20 prints, 'artEdition' refers to the total number of copies (in this example \"20\").", "used_on_types": ["http://schema.org/VisualArtwork"]}, "http://schema.org/pageStart": {"description": "The page on which the work starts; for example \"135\" or \"xiii\".", "used_on_types": ["http://schema.org/Article"]}, "http://schema.org/requiredMinAge": {"description": "Audiences defined by a person's minimum age.", "used_on_types": ["http://schema.org/PeopleAudience"]}}, "title": "Integer"}