{"media": {"type": "application/json;profile=http://schema.org/Invoice"}, "properties": {"http://schema.org/Invoice": {"http://schema.org/url": {"expected_type": ["http://schema.org/URL"], "description": "URL of the item."}, "http://schema.org/billingPeriod": {"expected_type": ["http://schema.org/Duration"], "description": "The time interval used to compute the invoice."}, "http://schema.org/paymentStatus": {"expected_type": ["http://schema.org/PaymentStatusType", "http://schema.org/Text"], "description": "The status of payment; whether the invoice has been paid or not."}, "http://schema.org/potentialAction": {"expected_type": ["http://schema.org/Action"], "description": "Indicates a potential Action, which describes an idealized action in which this thing would play an 'object' role."}, "http://schema.org/name": {"expected_type": ["http://schema.org/Text"], "description": "The name of the item."}, "http://schema.org/accountId": {"expected_type": ["http://schema.org/Text"], "description": "The identifier for the account the payment will be applied to."}, "http://schema.org/alternateName": {"expected_type": ["http://schema.org/Text"], "description": "An alias for the item."}, "http://schema.org/customer": {"expected_type": ["http://schema.org/Organization", "http://schema.org/Person"], "description": "Party placing the order or paying the invoice."}, "http://schema.org/referencesOrder": {"expected_type": ["http://schema.org/Order"], "description": "The Order(s) related to this Invoice. One or more Orders may be combined into a single Invoice."}, "http://schema.org/scheduledPaymentDate": {"expected_type": ["http://schema.org/Date"], "description": "The date the invoice is scheduled to be paid."}, "http://schema.org/additionalType": {"expected_type": ["http://schema.org/URL"], "description": "An additional type for the item, typically used for adding more specific types from external vocabularies in microdata syntax. This is a relationship between something and a class that the thing is in. In RDFa syntax, it is better to use the native RDFa syntax - the 'typeof' attribute - for multiple types. Schema.org tools may have only weaker understanding of extra types, in particular those defined externally."}, "http://schema.org/provider": {"expected_type": ["http://schema.org/Organization", "http://schema.org/Person"], "description": "The service provider, service operator, or service performer; the goods producer. Another party (a seller) may offer those services or goods on behalf of the provider. A provider may also serve as the seller. Supersedes carrier."}, "http://schema.org/confirmationNumber": {"expected_type": ["http://schema.org/Text"], "description": "A number that confirms the given order or payment has been received."}, "http://schema.org/totalPaymentDue": {"expected_type": ["http://schema.org/PriceSpecification"], "description": "The total amount due."}, "http://schema.org/description": {"expected_type": ["http://schema.org/Text"], "description": "A short description of the item."}, "http://schema.org/mainEntityOfPage": {"expected_type": ["http://schema.org/URL", "http://schema.org/CreativeWork"], "description": "Indicates a page (or other CreativeWork) for which this thing is the main entity being described. See background notes for details. Inverse property: mainEntity."}, "http://schema.org/broker": {"expected_type": ["http://schema.org/Organization", "http://schema.org/Person"], "description": "An entity that arranges for an exchange between a buyer and a seller. In most cases a broker never acquires or releases ownership of a product or service involved in an exchange. If it is not clear whether an entity is a broker, seller, or buyer, the latter two terms are preferred. Supersedes bookingAgent."}, "http://schema.org/image": {"expected_type": ["http://schema.org/URL", "http://schema.org/ImageObject"], "description": "An image of the item. This can be a URL or a fully described ImageObject."}, "http://schema.org/paymentMethod": {"expected_type": ["http://schema.org/PaymentMethod"], "description": "The name of the credit card or other method of payment for the order."}, "http://schema.org/category": {"expected_type": ["http://schema.org/Thing", "http://schema.org/Text", "http://schema.org/PhysicalActivityCategory"], "description": "A category for the item. Greater signs or slashes can be used to informally indicate a category hierarchy."}, "http://schema.org/minimumPaymentDue": {"expected_type": ["http://schema.org/PriceSpecification"], "description": "The minimum payment required at this time."}, "http://schema.org/sameAs": {"expected_type": ["http://schema.org/URL"], "description": "URL of a reference Web page that unambiguously indicates the item's identity. E.g. the URL of the item's Wikipedia page, Freebase page, or official website."}, "http://schema.org/paymentMethodId": {"expected_type": ["http://schema.org/Text"], "description": "An identifier for the method of payment used (e.g. the last 4 digits of the credit card)."}, "http://schema.org/paymentDueDate": {"expected_type": ["http://schema.org/DateTime"], "description": "The date that payment is due. Supersedes paymentDue."}}, "http://schema.org/Thing": {"http://schema.org/image": {"expected_type": ["http://schema.org/URL", "http://schema.org/ImageObject"], "description": "An image of the item. This can be a URL or a fully described ImageObject."}, "http://schema.org/url": {"expected_type": ["http://schema.org/URL"], "description": "URL of the item."}, "http://schema.org/alternateName": {"expected_type": ["http://schema.org/Text"], "description": "An alias for the item."}, "http://schema.org/description": {"expected_type": ["http://schema.org/Text"], "description": "A short description of the item."}, "http://schema.org/potentialAction": {"expected_type": ["http://schema.org/Action"], "description": "Indicates a potential Action, which describes an idealized action in which this thing would play an 'object' role."}, "http://schema.org/mainEntityOfPage": {"expected_type": ["http://schema.org/URL", "http://schema.org/CreativeWork"], "description": "Indicates a page (or other CreativeWork) for which this thing is the main entity being described. See background notes for details. Inverse property: mainEntity."}, "http://schema.org/additionalType": {"expected_type": ["http://schema.org/URL"], "description": "An additional type for the item, typically used for adding more specific types from external vocabularies in microdata syntax. This is a relationship between something and a class that the thing is in. In RDFa syntax, it is better to use the native RDFa syntax - the 'typeof' attribute - for multiple types. Schema.org tools may have only weaker understanding of extra types, in particular those defined externally."}, "http://schema.org/name": {"expected_type": ["http://schema.org/Text"], "description": "The name of the item."}, "http://schema.org/sameAs": {"expected_type": ["http://schema.org/URL"], "description": "URL of a reference Web page that unambiguously indicates the item's identity. E.g. the URL of the item's Wikipedia page, Freebase page, or official website."}}}, "description": "A statement of the money due for goods or services; a bill.", "format": "http://schema.org/Invoice", "id": "Invoice.json", "instances": {"http://schema.org/partOfInvoice": {"description": "The order is being paid as part of the referenced Invoice.", "used_on_types": ["http://schema.org/Order"]}}, "title": "Invoice"}