{"media": {"type": "application/json;profile=http://schema.org/ItemList"}, "properties": {"http://schema.org/Thing": {"http://schema.org/image": {"expected_type": ["http://schema.org/URL", "http://schema.org/ImageObject"], "description": "An image of the item. This can be a URL or a fully described ImageObject."}, "http://schema.org/url": {"expected_type": ["http://schema.org/URL"], "description": "URL of the item."}, "http://schema.org/alternateName": {"expected_type": ["http://schema.org/Text"], "description": "An alias for the item."}, "http://schema.org/description": {"expected_type": ["http://schema.org/Text"], "description": "A short description of the item."}, "http://schema.org/potentialAction": {"expected_type": ["http://schema.org/Action"], "description": "Indicates a potential Action, which describes an idealized action in which this thing would play an 'object' role."}, "http://schema.org/mainEntityOfPage": {"expected_type": ["http://schema.org/URL", "http://schema.org/CreativeWork"], "description": "Indicates a page (or other CreativeWork) for which this thing is the main entity being described. See background notes for details. Inverse property: mainEntity."}, "http://schema.org/additionalType": {"expected_type": ["http://schema.org/URL"], "description": "An additional type for the item, typically used for adding more specific types from external vocabularies in microdata syntax. This is a relationship between something and a class that the thing is in. In RDFa syntax, it is better to use the native RDFa syntax - the 'typeof' attribute - for multiple types. Schema.org tools may have only weaker understanding of extra types, in particular those defined externally."}, "http://schema.org/name": {"expected_type": ["http://schema.org/Text"], "description": "The name of the item."}, "http://schema.org/sameAs": {"expected_type": ["http://schema.org/URL"], "description": "URL of a reference Web page that unambiguously indicates the item's identity. E.g. the URL of the item's Wikipedia page, Freebase page, or official website."}}, "http://schema.org/ItemList": {"http://schema.org/itemListElement": {"expected_type": ["http://schema.org/ListItem", "http://schema.org/Thing", "http://schema.org/Text"], "description": "For itemListElement values, you can use simple strings (e.g. \"Peter\", \"Paul\", \"Mary\"), existing entities, or use ListItem. Text values are best if the elements in the list are plain strings. Existing entities are best for a simple, unordered list of existing things in your data. ListItem is used with ordered lists when you want to provide additional context about the element in that list or when the same item might be in different places in different lists. Note: The order of elements in your mark-up is not sufficient for indicating the order or elements. Use ListItem with a 'position' property in such cases."}, "http://schema.org/url": {"expected_type": ["http://schema.org/URL"], "description": "URL of the item."}, "http://schema.org/description": {"expected_type": ["http://schema.org/Text"], "description": "A short description of the item."}, "http://schema.org/numberOfItems": {"expected_type": ["http://schema.org/Integer"], "description": "The number of items in an ItemList. Note that some descriptions might not fully describe all items in a list (e.g., multi-page pagination); in such cases, the numberOfItems would be for the entire list."}, "http://schema.org/potentialAction": {"expected_type": ["http://schema.org/Action"], "description": "Indicates a potential Action, which describes an idealized action in which this thing would play an 'object' role."}, "http://schema.org/mainEntityOfPage": {"expected_type": ["http://schema.org/URL", "http://schema.org/CreativeWork"], "description": "Indicates a page (or other CreativeWork) for which this thing is the main entity being described. See background notes for details. Inverse property: mainEntity."}, "http://schema.org/name": {"expected_type": ["http://schema.org/Text"], "description": "The name of the item."}, "http://schema.org/itemListOrder": {"expected_type": ["http://schema.org/Text", "http://schema.org/ItemListOrderType"], "description": "Type of ordering (e.g. Ascending, Descending, Unordered)."}, "http://schema.org/image": {"expected_type": ["http://schema.org/URL", "http://schema.org/ImageObject"], "description": "An image of the item. This can be a URL or a fully described ImageObject."}, "http://schema.org/alternateName": {"expected_type": ["http://schema.org/Text"], "description": "An alias for the item."}, "http://schema.org/additionalType": {"expected_type": ["http://schema.org/URL"], "description": "An additional type for the item, typically used for adding more specific types from external vocabularies in microdata syntax. This is a relationship between something and a class that the thing is in. In RDFa syntax, it is better to use the native RDFa syntax - the 'typeof' attribute - for multiple types. Schema.org tools may have only weaker understanding of extra types, in particular those defined externally."}, "http://schema.org/sameAs": {"expected_type": ["http://schema.org/URL"], "description": "URL of a reference Web page that unambiguously indicates the item's identity. E.g. the URL of the item's Wikipedia page, Freebase page, or official website."}}}, "description": "A list of items of any sort\u2014for example, Top 10 Movies About Weathermen, or Top 100 Party Songs. Not to be confused with HTML lists, which are often used only for formatting.", "format": "http://schema.org/ItemList", "id": "ItemList.json", "instances": {"http://schema.org/recipeInstructions": {"description": "A step or instruction involved in making the recipe.", "used_on_types": ["http://schema.org/Recipe"]}, "http://schema.org/track": {"description": "A music recording (track)\u2014usually a single song. If an ItemList is given, the list should contain items of type MusicRecording. Supersedes tracks.", "used_on_types": ["http://schema.org/MusicGroup"]}}, "title": "ItemList"}