{"media": {"type": "application/json;profile=http://schema.org/Offer"}, "properties": {"http://schema.org/Thing": {"http://schema.org/image": {"expected_type": ["http://schema.org/URL", "http://schema.org/ImageObject"], "description": "An image of the item. This can be a URL or a fully described ImageObject."}, "http://schema.org/url": {"expected_type": ["http://schema.org/URL"], "description": "URL of the item."}, "http://schema.org/alternateName": {"expected_type": ["http://schema.org/Text"], "description": "An alias for the item."}, "http://schema.org/description": {"expected_type": ["http://schema.org/Text"], "description": "A short description of the item."}, "http://schema.org/potentialAction": {"expected_type": ["http://schema.org/Action"], "description": "Indicates a potential Action, which describes an idealized action in which this thing would play an 'object' role."}, "http://schema.org/mainEntityOfPage": {"expected_type": ["http://schema.org/URL", "http://schema.org/CreativeWork"], "description": "Indicates a page (or other CreativeWork) for which this thing is the main entity being described. See background notes for details. Inverse property: mainEntity."}, "http://schema.org/additionalType": {"expected_type": ["http://schema.org/URL"], "description": "An additional type for the item, typically used for adding more specific types from external vocabularies in microdata syntax. This is a relationship between something and a class that the thing is in. In RDFa syntax, it is better to use the native RDFa syntax - the 'typeof' attribute - for multiple types. Schema.org tools may have only weaker understanding of extra types, in particular those defined externally."}, "http://schema.org/name": {"expected_type": ["http://schema.org/Text"], "description": "The name of the item."}, "http://schema.org/sameAs": {"expected_type": ["http://schema.org/URL"], "description": "URL of a reference Web page that unambiguously indicates the item's identity. E.g. the URL of the item's Wikipedia page, Freebase page, or official website."}}, "http://schema.org/Offer": {"http://schema.org/gtin12": {"expected_type": ["http://schema.org/Text"], "description": "The GTIN-12 code of the product, or the product to which the offer refers. The GTIN-12 is the 12-digit GS1 Identification Key composed of a U.P.C. Company Prefix, Item Reference, and Check Digit used to identify trade items. See GS1 GTIN Summary for more details."}, "http://schema.org/aggregateRating": {"expected_type": ["http://schema.org/AggregateRating"], "description": "The overall rating, based on a collection of reviews or ratings, of the item."}, "http://schema.org/seller": {"expected_type": ["http://schema.org/Organization", "http://schema.org/Person"], "description": "An entity which offers (sells / leases / lends / loans) the services / goods. A seller may also be a provider. Supersedes merchant, vendor."}, "http://schema.org/name": {"expected_type": ["http://schema.org/Text"], "description": "The name of the item."}, "http://schema.org/url": {"expected_type": ["http://schema.org/URL"], "description": "URL of the item."}, "http://schema.org/priceSpecification": {"expected_type": ["http://schema.org/PriceSpecification"], "description": "One or more detailed price specifications, indicating the unit price and delivery or payment charges."}, "http://schema.org/warranty": {"expected_type": ["http://schema.org/WarrantyPromise"], "description": "The warranty promise(s) included in the offer. Supersedes warrantyPromise."}, "http://schema.org/priceCurrency": {"expected_type": ["http://schema.org/Text"], "description": "The currency (in 3-letter ISO 4217 format) of the price or a price component, when attached to PriceSpecification and its subtypes."}, "http://schema.org/addOn": {"expected_type": ["http://schema.org/Offer"], "description": "An additional offer that can only be obtained in combination with the first base offer (e.g. supplements and extensions that are available for a surcharge)."}, "http://schema.org/eligibleCustomerType": {"expected_type": ["http://schema.org/BusinessEntityType"], "description": "The type(s) of customers for which the given offer is valid."}, "http://schema.org/review": {"expected_type": ["http://schema.org/Review"], "description": "A review of the item. Supersedes reviews."}, "http://schema.org/eligibleDuration": {"expected_type": ["http://schema.org/QuantitativeValue"], "description": "The duration for which the given offer is valid."}, "http://schema.org/availabilityEnds": {"expected_type": ["http://schema.org/DateTime"], "description": "The end of the availability of the product or service included in the offer."}, "http://schema.org/sameAs": {"expected_type": ["http://schema.org/URL"], "description": "URL of a reference Web page that unambiguously indicates the item's identity. E.g. the URL of the item's Wikipedia page, Freebase page, or official website."}, "http://schema.org/offeredBy": {"expected_type": ["http://schema.org/Organization", "http://schema.org/Person"], "description": "A pointer to the organization or person making the offer. Inverse property: makesOffer."}, "http://schema.org/acceptedPaymentMethod": {"expected_type": ["http://schema.org/PaymentMethod"], "description": "The payment method(s) accepted by seller for this offer."}, "http://schema.org/description": {"expected_type": ["http://schema.org/Text"], "description": "A short description of the item."}, "http://schema.org/image": {"expected_type": ["http://schema.org/URL", "http://schema.org/ImageObject"], "description": "An image of the item. This can be a URL or a fully described ImageObject."}, "http://schema.org/eligibleQuantity": {"expected_type": ["http://schema.org/QuantitativeValue"], "description": "The interval and unit of measurement of ordering quantities for which the offer or price specification is valid. This allows e.g. specifying that a certain freight charge is valid only for a certain quantity."}, "http://schema.org/sku": {"expected_type": ["http://schema.org/Text"], "description": "The Stock Keeping Unit (SKU), i.e. a merchant-specific identifier for a product or service, or the product to which the offer refers."}, "http://schema.org/ineligibleRegion": {"expected_type": ["http://schema.org/GeoShape", "http://schema.org/Place", "http://schema.org/Text"], "description": "The ISO 3166-1 (ISO 3166-1 alpha-2) or ISO 3166-2 code, the place, or the GeoShape for the geo-political region(s) for which the offer or delivery charge specification is not valid, e.g. a region where the transaction is not allowed. See also eligibleRegion."}, "http://schema.org/priceValidUntil": {"expected_type": ["http://schema.org/Date"], "description": "The date after which the price is no longer available."}, "http://schema.org/businessFunction": {"expected_type": ["http://schema.org/BusinessFunction"], "description": "The business function (e.g. sell, lease, repair, dispose) of the offer or component of a bundle (TypeAndQuantityNode). The default is http://purl.org/goodrelations/v1#Sell."}, "http://schema.org/advanceBookingRequirement": {"expected_type": ["http://schema.org/QuantitativeValue"], "description": "The amount of time that is required between accepting the offer and the actual usage of the resource or service."}, "http://schema.org/price": {"expected_type": ["http://schema.org/Number", "http://schema.org/Text"], "description": "The offer price of a product, or of a price component when attached to PriceSpecification and its subtypes. Usage guidelines:Use the priceCurrency property (with ISO 4217 codes e.g. \"USD\") instead of including ambiguous symbols such as '$' in the value. Use '.' (Unicode 'FULL STOP' (U+002E)) rather than ',' to indicate a decimal point. Avoid using these symbols as a readability separator. Note that both RDFa and Microdata syntax allow the use of a \"content=\" attribute for publishing simple machine-readable values alongside more human-friendly formatting. Use values from 0123456789 (Unicode 'DIGIT ZERO' (U+0030) to 'DIGIT NINE' (U+0039)) rather than superficially similiar Unicode symbols."}, "http://schema.org/deliveryLeadTime": {"expected_type": ["http://schema.org/QuantitativeValue"], "description": "The typical delay between the receipt of the order and the goods leaving the warehouse."}, "http://schema.org/gtin13": {"expected_type": ["http://schema.org/Text"], "description": "The GTIN-13 code of the product, or the product to which the offer refers. This is equivalent to 13-digit ISBN codes and EAN UCC-13. Former 12-digit UPC codes can be converted into a GTIN-13 code by simply adding a preceeding zero. See GS1 GTIN Summary for more details."}, "http://schema.org/gtin14": {"expected_type": ["http://schema.org/Text"], "description": "The GTIN-14 code of the product, or the product to which the offer refers. See GS1 GTIN Summary for more details."}, "http://schema.org/mpn": {"expected_type": ["http://schema.org/Text"], "description": "The Manufacturer Part Number (MPN) of the product, or the product to which the offer refers."}, "http://schema.org/availability": {"expected_type": ["http://schema.org/ItemAvailability"], "description": "The availability of this item\u2014for example In stock, Out of stock, Pre-order, etc."}, "http://schema.org/itemCondition": {"expected_type": ["http://schema.org/OfferItemCondition"], "description": "A predefined value from OfferItemCondition or a textual description of the condition of the product or service, or the products or services included in the offer."}, "http://schema.org/validFrom": {"expected_type": ["http://schema.org/DateTime"], "description": "The date when the item becomes valid."}, "http://schema.org/availabilityStarts": {"expected_type": ["http://schema.org/DateTime"], "description": "The beginning of the availability of the product or service included in the offer."}, "http://schema.org/potentialAction": {"expected_type": ["http://schema.org/Action"], "description": "Indicates a potential Action, which describes an idealized action in which this thing would play an 'object' role."}, "http://schema.org/gtin8": {"expected_type": ["http://schema.org/Text"], "description": "The GTIN-8 code of the product, or the product to which the offer refers. This code is also known as EAN/UCC-8 or 8-digit EAN. See GS1 GTIN Summary for more details."}, "http://schema.org/availableAtOrFrom": {"expected_type": ["http://schema.org/Place"], "description": "The place(s) from which the offer can be obtained (e.g. store locations)."}, "http://schema.org/eligibleTransactionVolume": {"expected_type": ["http://schema.org/PriceSpecification"], "description": "The transaction volume, in a monetary unit, for which the offer or price specification is valid, e.g. for indicating a minimal purchasing volume, to express free shipping above a certain order volume, or to limit the acceptance of credit cards to purchases to a certain minimal amount."}, "http://schema.org/serialNumber": {"expected_type": ["http://schema.org/Text"], "description": "The serial number or any alphanumeric identifier of a particular product. When attached to an offer, it is a shortcut for the serial number of the product included in the offer."}, "http://schema.org/validThrough": {"expected_type": ["http://schema.org/DateTime"], "description": "The end of the validity of offer, price specification, or opening hours data."}, "http://schema.org/alternateName": {"expected_type": ["http://schema.org/Text"], "description": "An alias for the item."}, "http://schema.org/availableDeliveryMethod": {"expected_type": ["http://schema.org/DeliveryMethod"], "description": "The delivery method(s) available for this offer."}, "http://schema.org/inventoryLevel": {"expected_type": ["http://schema.org/QuantitativeValue"], "description": "The current approximate inventory level for the item or items."}, "http://schema.org/areaServed": {"expected_type": ["http://schema.org/GeoShape", "http://schema.org/AdministrativeArea", "http://schema.org/Place", "http://schema.org/Text"], "description": "The geographic area where a service or offered item is provided. Supersedes serviceArea."}, "http://schema.org/mainEntityOfPage": {"expected_type": ["http://schema.org/URL", "http://schema.org/CreativeWork"], "description": "Indicates a page (or other CreativeWork) for which this thing is the main entity being described. See background notes for details. Inverse property: mainEntity."}, "http://schema.org/includesObject": {"expected_type": ["http://schema.org/TypeAndQuantityNode"], "description": "This links to a node or nodes indicating the exact quantity of the products included in the offer."}, "http://schema.org/itemOffered": {"expected_type": ["http://schema.org/Product", "http://schema.org/Service"], "description": "The item being offered."}, "http://schema.org/eligibleRegion": {"expected_type": ["http://schema.org/GeoShape", "http://schema.org/Place", "http://schema.org/Text"], "description": "The ISO 3166-1 (ISO 3166-1 alpha-2) or ISO 3166-2 code, the place, or the GeoShape for the geo-political region(s) for which the offer or delivery charge specification is valid. See also ineligibleRegion."}, "http://schema.org/category": {"expected_type": ["http://schema.org/PhysicalActivityCategory", "http://schema.org/Thing", "http://schema.org/Text"], "description": "A category for the item. Greater signs or slashes can be used to informally indicate a category hierarchy."}, "http://schema.org/additionalType": {"expected_type": ["http://schema.org/URL"], "description": "An additional type for the item, typically used for adding more specific types from external vocabularies in microdata syntax. This is a relationship between something and a class that the thing is in. In RDFa syntax, it is better to use the native RDFa syntax - the 'typeof' attribute - for multiple types. Schema.org tools may have only weaker understanding of extra types, in particular those defined externally."}}}, "description": "An offer to transfer some rights to an item or to provide a service\u2014for example, an offer to sell tickets to an event, to rent the DVD of a movie, to stream a TV show over the internet, to repair a motorcycle, or to loan a book.\n      \n      For GTIN-related fields, see\n      Check Digit calculator\n      and validation guide\n      from GS1.", "format": "http://schema.org/Offer", "id": "Offer.json", "instances": {"http://schema.org/acceptedOffer": {"description": "The offer(s) -- e.g., product, quantity and price combinations -- included in the order.", "used_on_types": ["http://schema.org/Order"]}, "http://schema.org/makesOffer": {"description": "A pointer to products or services offered by the organization or person. inverse property: offeredBy.", "used_on_types": ["http://schema.org/Organization"]}, "http://schema.org/addOn": {"description": "An additional offer that can only be obtained in combination with the first base offer (e.g. supplements and extensions that are available for a surcharge).", "used_on_types": ["http://schema.org/Offer"]}, "http://schema.org/expectsAcceptanceOf": {"description": "An Offer which must be accepted before the user can perform the Action. For example, the user may need to buy a movie before being able to watch it.", "used_on_types": ["http://schema.org/ConsumeAction"]}, "http://schema.org/offers": {"description": "An offer to provide this item\u2014for example, an offer to sell a product, rent the DVD of a movie, perform a service, or give away tickets to an event.", "used_on_types": ["http://schema.org/Product"]}}, "title": "Offer"}