{"media": {"type": "application/json;profile=http://schema.org/Organization"}, "properties": {"http://schema.org/Thing": {"http://schema.org/image": {"expected_type": ["http://schema.org/URL", "http://schema.org/ImageObject"], "description": "An image of the item. This can be a URL or a fully described ImageObject."}, "http://schema.org/url": {"expected_type": ["http://schema.org/URL"], "description": "URL of the item."}, "http://schema.org/alternateName": {"expected_type": ["http://schema.org/Text"], "description": "An alias for the item."}, "http://schema.org/description": {"expected_type": ["http://schema.org/Text"], "description": "A short description of the item."}, "http://schema.org/potentialAction": {"expected_type": ["http://schema.org/Action"], "description": "Indicates a potential Action, which describes an idealized action in which this thing would play an 'object' role."}, "http://schema.org/mainEntityOfPage": {"expected_type": ["http://schema.org/URL", "http://schema.org/CreativeWork"], "description": "Indicates a page (or other CreativeWork) for which this thing is the main entity being described. See background notes for details. Inverse property: mainEntity."}, "http://schema.org/additionalType": {"expected_type": ["http://schema.org/URL"], "description": "An additional type for the item, typically used for adding more specific types from external vocabularies in microdata syntax. This is a relationship between something and a class that the thing is in. In RDFa syntax, it is better to use the native RDFa syntax - the 'typeof' attribute - for multiple types. Schema.org tools may have only weaker understanding of extra types, in particular those defined externally."}, "http://schema.org/name": {"expected_type": ["http://schema.org/Text"], "description": "The name of the item."}, "http://schema.org/sameAs": {"expected_type": ["http://schema.org/URL"], "description": "URL of a reference Web page that unambiguously indicates the item's identity. E.g. the URL of the item's Wikipedia page, Freebase page, or official website."}}, "http://schema.org/Organization": {"http://schema.org/member": {"expected_type": ["http://schema.org/Organization", "http://schema.org/Person"], "description": "A member of an Organization or a ProgramMembership. Organizations can be members of organizations; ProgramMembership is typically for individuals. Supersedes musicGroupMember, members. Inverse property: memberOf."}, "http://schema.org/parentOrganization": {"expected_type": ["http://schema.org/Organization"], "description": "The larger organization that this organization is a branch of, if any. Supersedes branchOf. Inverse property: subOrganization."}, "http://schema.org/memberOf": {"expected_type": ["http://schema.org/ProgramMembership", "http://schema.org/Organization"], "description": "An Organization (or ProgramMembership) to which this Person or Organization belongs. Inverse property: member."}, "http://schema.org/aggregateRating": {"expected_type": ["http://schema.org/AggregateRating"], "description": "The overall rating, based on a collection of reviews or ratings, of the item."}, "http://schema.org/address": {"expected_type": ["http://schema.org/Text", "http://schema.org/PostalAddress"], "description": "Physical address of the item."}, "http://schema.org/name": {"expected_type": ["http://schema.org/Text"], "description": "The name of the item."}, "http://schema.org/hasOfferCatalog": {"expected_type": ["http://schema.org/OfferCatalog"], "description": "Indicates an OfferCatalog listing for this Organization, Person, or Service."}, "http://schema.org/foundingLocation": {"expected_type": ["http://schema.org/Place"], "description": "The place where the Organization was founded."}, "http://schema.org/owns": {"expected_type": ["http://schema.org/OwnershipInfo", "http://schema.org/Product"], "description": "Products owned by the organization or person."}, "http://schema.org/review": {"expected_type": ["http://schema.org/Review"], "description": "A review of the item. Supersedes reviews."}, "http://schema.org/telephone": {"expected_type": ["http://schema.org/Text"], "description": "The telephone number."}, "http://schema.org/location": {"expected_type": ["http://schema.org/Place", "http://schema.org/Text", "http://schema.org/PostalAddress"], "description": "The location of for example where the event is happening, an organization is located, or where an action takes place."}, "http://schema.org/department": {"expected_type": ["http://schema.org/Organization"], "description": "A relationship between an organization and a department of that organization, also described as an organization (allowing different urls, logos, opening hours). For example: a store with a pharmacy, or a bakery with a cafe."}, "http://schema.org/description": {"expected_type": ["http://schema.org/Text"], "description": "A short description of the item."}, "http://schema.org/makesOffer": {"expected_type": ["http://schema.org/Offer"], "description": "A pointer to products or services offered by the organization or person. Inverse property: offeredBy."}, "http://schema.org/event": {"expected_type": ["http://schema.org/Event"], "description": "Upcoming or past event associated with this place, organization, or action. Supersedes events."}, "http://schema.org/isicV4": {"expected_type": ["http://schema.org/Text"], "description": "The International Standard of Industrial Classification of All Economic Activities (ISIC), Revision 4 code for a particular organization, business person, or place."}, "http://schema.org/founder": {"expected_type": ["http://schema.org/Person"], "description": "A person who founded this organization. Supersedes founders."}, "http://schema.org/legalName": {"expected_type": ["http://schema.org/Text"], "description": "The official name of the organization, e.g. the registered company name."}, "http://schema.org/vatID": {"expected_type": ["http://schema.org/Text"], "description": "The Value-added Tax ID of the organization or person."}, "http://schema.org/image": {"expected_type": ["http://schema.org/URL", "http://schema.org/ImageObject"], "description": "An image of the item. This can be a URL or a fully described ImageObject."}, "http://schema.org/dissolutionDate": {"expected_type": ["http://schema.org/Date"], "description": "The date that this organization was dissolved."}, "http://schema.org/hasPOS": {"expected_type": ["http://schema.org/Place"], "description": "Points-of-Sales operated by the organization or person."}, "http://schema.org/email": {"expected_type": ["http://schema.org/Text"], "description": "Email address."}, "http://schema.org/url": {"expected_type": ["http://schema.org/URL"], "description": "URL of the item."}, "http://schema.org/taxID": {"expected_type": ["http://schema.org/Text"], "description": "The Tax / Fiscal ID of the organization or person, e.g. the TIN in the US or the CIF/NIF in Spain."}, "http://schema.org/potentialAction": {"expected_type": ["http://schema.org/Action"], "description": "Indicates a potential Action, which describes an idealized action in which this thing would play an 'object' role."}, "http://schema.org/alumni": {"expected_type": ["http://schema.org/Person"], "description": "Alumni of an organization. Inverse property: alumniOf."}, "http://schema.org/sameAs": {"expected_type": ["http://schema.org/URL"], "description": "URL of a reference Web page that unambiguously indicates the item's identity. E.g. the URL of the item's Wikipedia page, Freebase page, or official website."}, "http://schema.org/employee": {"expected_type": ["http://schema.org/Person"], "description": "Someone working for this organization. Supersedes employees."}, "http://schema.org/alternateName": {"expected_type": ["http://schema.org/Text"], "description": "An alias for the item."}, "http://schema.org/brand": {"expected_type": ["http://schema.org/Brand", "http://schema.org/Organization"], "description": "The brand(s) associated with a product or service, or the brand(s) maintained by an organization or business person."}, "http://schema.org/duns": {"expected_type": ["http://schema.org/Text"], "description": "The Dun & Bradstreet DUNS number for identifying an organization or business person."}, "http://schema.org/award": {"expected_type": ["http://schema.org/Text"], "description": "An award won by or for this item. Supersedes awards."}, "http://schema.org/numberOfEmployees": {"expected_type": ["http://schema.org/QuantitativeValue"], "description": "The number of employees in an organization e.g. business."}, "http://schema.org/seeks": {"expected_type": ["http://schema.org/Demand"], "description": "A pointer to products or services sought by the organization or person (demand)."}, "http://schema.org/areaServed": {"expected_type": ["http://schema.org/Place", "http://schema.org/Text", "http://schema.org/GeoShape", "http://schema.org/AdministrativeArea"], "description": "The geographic area where a service or offered item is provided. Supersedes serviceArea."}, "http://schema.org/mainEntityOfPage": {"expected_type": ["http://schema.org/URL", "http://schema.org/CreativeWork"], "description": "Indicates a page (or other CreativeWork) for which this thing is the main entity being described. See background notes for details. Inverse property: mainEntity."}, "http://schema.org/contactPoint": {"expected_type": ["http://schema.org/ContactPoint"], "description": "A contact point for a person or organization. Supersedes contactPoints."}, "http://schema.org/subOrganization": {"expected_type": ["http://schema.org/Organization"], "description": "A relationship between two organizations where the first includes the second, e.g., as a subsidiary. See also: the more specific 'department' property. Inverse property: parentOrganization."}, "http://schema.org/globalLocationNumber": {"expected_type": ["http://schema.org/Text"], "description": "The Global Location Number (GLN, sometimes also referred to as International Location Number or ILN) of the respective organization, person, or place. The GLN is a 13-digit number used to identify parties and physical locations."}, "http://schema.org/foundingDate": {"expected_type": ["http://schema.org/Date"], "description": "The date that this organization was founded."}, "http://schema.org/faxNumber": {"expected_type": ["http://schema.org/Text"], "description": "The fax number."}, "http://schema.org/additionalType": {"expected_type": ["http://schema.org/URL"], "description": "An additional type for the item, typically used for adding more specific types from external vocabularies in microdata syntax. This is a relationship between something and a class that the thing is in. In RDFa syntax, it is better to use the native RDFa syntax - the 'typeof' attribute - for multiple types. Schema.org tools may have only weaker understanding of extra types, in particular those defined externally."}, "http://schema.org/naics": {"expected_type": ["http://schema.org/Text"], "description": "The North American Industry Classification System (NAICS) code for a particular organization or business person."}, "http://schema.org/logo": {"expected_type": ["http://schema.org/URL", "http://schema.org/ImageObject"], "description": "An associated logo."}}}, "description": "An organization such as a school, NGO, corporation, club, etc.", "format": "http://schema.org/Organization", "id": "Organization.json", "instances": {"http://schema.org/member": {"description": "A member of an Organization or a ProgramMembership. Organizations can be members of organizations; ProgramMembership is typically for individuals. Supersedes musicGroupMember. inverse property: memberOf.", "used_on_types": ["http://schema.org/ProgramMembership"]}, "http://schema.org/sourceOrganization": {"description": "The Organization on whose behalf the creator was working.", "used_on_types": ["http://schema.org/CreativeWork"]}, "http://schema.org/parentOrganization": {"description": "The larger organization that this organization is a branch of, if any. Supersedes branchOf. inverse property: subOrganization.", "used_on_types": ["http://schema.org/Organization"]}, "http://schema.org/memberOf": {"description": "An Organization (or ProgramMembership) to which this Person or Organization belongs. inverse property: member.", "used_on_types": ["http://schema.org/Organization"]}, "http://schema.org/broadcaster": {"description": "The organization owning or operating the broadcast service.", "used_on_types": ["http://schema.org/BroadcastService"]}, "http://schema.org/affiliation": {"description": "An organization that this person is affiliated with. For example, a school/university, a club, or a team.", "used_on_types": ["http://schema.org/Person"]}, "http://schema.org/manufacturer": {"description": "The manufacturer of the product.", "used_on_types": ["http://schema.org/DietarySupplement"]}, "http://schema.org/copyrightHolder": {"description": "The party holding the legal copyright to the CreativeWork.", "used_on_types": ["http://schema.org/CreativeWork"]}, "http://schema.org/participant": {"description": "Other co-agents that participated in the action indirectly. e.g. John wrote a book with *Steve*.", "used_on_types": ["http://schema.org/Action"]}, "http://schema.org/productionCompany": {"description": "The production company or studio responsible for the item e.g. series, video game, episode etc.", "used_on_types": ["http://schema.org/CreativeWorkSeason"]}, "http://schema.org/agent": {"description": "The direct performer or driver of the action (animate or inanimate). e.g. *John* wrote a book.", "used_on_types": ["http://schema.org/Action"]}, "http://schema.org/seller": {"description": "An entity which offers (sells / leases / lends / loans) the services / goods. A seller may also be a provider. Supersedes vendor.", "used_on_types": ["http://schema.org/Demand"]}, "http://schema.org/creditedTo": {"description": "The group the release is credited to if different than the byArtist. For example, Red and Blue is credited to \"Stefani Germanotta Band\", but by Lady Gaga.", "used_on_types": ["http://schema.org/MusicRelease"]}, "http://schema.org/underName": {"description": "The person or organization the reservation or ticket is for.", "used_on_types": ["http://schema.org/Ticket"]}, "http://schema.org/department": {"description": "A relationship between an organization and a department of that organization, also described as an organization (allowing different urls, logos, opening hours). For example: a store with a pharmacy, or a bakery with a cafe.", "used_on_types": ["http://schema.org/Organization"]}, "http://schema.org/offeredBy": {"description": "A pointer to the organization or person making the offer. inverse property: makesOffer.", "used_on_types": ["http://schema.org/Offer"]}, "http://schema.org/broker": {"description": "An entity that arranges for an exchange between a buyer and a seller. In most cases a broker never acquires or releases ownership of a product or service involved in an exchange. If it is not clear whether an entity is a broker, seller, or buyer, the latter two terms are preferred. Supersedes bookingAgent.", "used_on_types": ["http://schema.org/Invoice"]}, "http://schema.org/creator": {"description": "The creator/author of this CreativeWork. This is the same as the Author property for CreativeWork.", "used_on_types": ["http://schema.org/UserComments"]}, "http://schema.org/composer": {"description": "The person or organization who wrote the composition.", "used_on_types": ["http://schema.org/MusicComposition"]}, "http://schema.org/producer": {"description": "The person or organization who produced the work (e.g. music album, movie, tv/radio series etc.).", "used_on_types": ["http://schema.org/CreativeWork"]}, "http://schema.org/reviewedBy": {"description": "People or organizations that have reviewed the content on this web page for accuracy and/or completeness.", "used_on_types": ["http://schema.org/WebPage"]}, "http://schema.org/contributor": {"description": "A secondary contributor to the CreativeWork.", "used_on_types": ["http://schema.org/CreativeWork"]}, "http://schema.org/acquiredFrom": {"description": "The organization or person from which the product was acquired.", "used_on_types": ["http://schema.org/OwnershipInfo"]}, "http://schema.org/recordLabel": {"description": "The label that issued the release.", "used_on_types": ["http://schema.org/MusicRelease"]}, "http://schema.org/sponsor": {"description": "Sponsor of the study.", "used_on_types": ["http://schema.org/MedicalStudy"]}, "http://schema.org/performer": {"description": "A performer at the event\u2014for example, a presenter, musician, musical group or actor. Supersedes performers.", "used_on_types": ["http://schema.org/Event"]}, "http://schema.org/sender": {"description": "A sub property of participant. The participant who is at the sending end of the action.", "used_on_types": ["http://schema.org/ReceiveAction"]}, "http://schema.org/provider": {"description": "The service provider, service operator, or service performer; the goods producer. Another party (a seller) may offer those services or goods on behalf of the provider. A provider may also serve as the seller. Supersedes carrier.", "used_on_types": ["http://schema.org/ParcelDelivery"]}, "http://schema.org/landlord": {"description": "A sub property of participant. The owner of the real estate property.", "used_on_types": ["http://schema.org/RentAction"]}, "http://schema.org/translator": {"description": "Organization or person who adapts a creative work to different languages, regional differences and technical requirements of a target market.", "used_on_types": ["http://schema.org/CreativeWork"]}, "http://schema.org/hiringOrganization": {"description": "Organization offering the job position.", "used_on_types": ["http://schema.org/JobPosting"]}, "http://schema.org/broadcastAffiliateOf": {"description": "The media network(s) whose content is broadcast on this station.", "used_on_types": ["http://schema.org/BroadcastService"]}, "http://schema.org/hostingOrganization": {"description": "The organization (airline, travelers' club, etc.) the membership is made with.", "used_on_types": ["http://schema.org/ProgramMembership"]}, "http://schema.org/alumniOf": {"description": "An organization that the person is an alumni of. inverse property: alumni.", "used_on_types": ["http://schema.org/Person"]}, "http://schema.org/endorsee": {"description": "A sub property of participant. The person/organization being supported.", "used_on_types": ["http://schema.org/EndorseAction"]}, "http://schema.org/serviceOperator": {"description": "The operating organization, if different from the provider. This enables the representation of services that are provided by an organization, but operated by another organization like a subcontractor.", "used_on_types": ["http://schema.org/GovernmentService"]}, "http://schema.org/brand": {"description": "The brand(s) associated with a product or service, or the brand(s) maintained by an organization or business person.", "used_on_types": ["http://schema.org/Product"]}, "http://schema.org/issuedBy": {"description": "The organization issuing the ticket or permit.", "used_on_types": ["http://schema.org/Ticket"]}, "http://schema.org/worksFor": {"description": "Organizations that the person works for.", "used_on_types": ["http://schema.org/Person"]}, "http://schema.org/recognizingAuthority": {"description": "If applicable, the organization that officially recognizes this entity as part of its endorsed system of medicine.", "used_on_types": ["http://schema.org/MedicalEntity"]}, "http://schema.org/followee": {"description": "A sub property of object. The person or organization being followed.", "used_on_types": ["http://schema.org/FollowAction"]}, "http://schema.org/attendee": {"description": "A person or organization attending the event. Supersedes attendees.", "used_on_types": ["http://schema.org/Event"]}, "http://schema.org/subOrganization": {"description": "A relationship between two organizations where the first includes the second, e.g., as a subsidiary. See also: the more specific 'department' property. inverse property: parentOrganization.", "used_on_types": ["http://schema.org/Organization"]}, "http://schema.org/endorsers": {"description": "People or organizations that endorse the plan.", "used_on_types": ["http://schema.org/Diet"]}, "http://schema.org/customer": {"description": "Party placing the order or paying the invoice.", "used_on_types": ["http://schema.org/Invoice"]}, "http://schema.org/recipient": {"description": "A sub property of participant. The participant who is at the receiving end of the action.", "used_on_types": ["http://schema.org/TipAction"]}, "http://schema.org/author": {"description": "The author of this content. Please note that author is special in that HTML 5 provides a special mechanism for indicating authorship via the rel tag. That is equivalent to this and may be used interchangeably.", "used_on_types": ["http://schema.org/CreativeWork"]}, "http://schema.org/organizer": {"description": "An organizer of an Event.", "used_on_types": ["http://schema.org/Event"]}, "http://schema.org/publisher": {"description": "The publisher of the creative work.", "used_on_types": ["http://schema.org/CreativeWork"]}}, "title": "Organization"}