{"media": {"type": "application/json;profile=http://schema.org/Person"}, "properties": {"http://schema.org/Thing": {"http://schema.org/image": {"expected_type": ["http://schema.org/URL", "http://schema.org/ImageObject"], "description": "An image of the item. This can be a URL or a fully described ImageObject."}, "http://schema.org/url": {"expected_type": ["http://schema.org/URL"], "description": "URL of the item."}, "http://schema.org/alternateName": {"expected_type": ["http://schema.org/Text"], "description": "An alias for the item."}, "http://schema.org/description": {"expected_type": ["http://schema.org/Text"], "description": "A short description of the item."}, "http://schema.org/potentialAction": {"expected_type": ["http://schema.org/Action"], "description": "Indicates a potential Action, which describes an idealized action in which this thing would play an 'object' role."}, "http://schema.org/mainEntityOfPage": {"expected_type": ["http://schema.org/URL", "http://schema.org/CreativeWork"], "description": "Indicates a page (or other CreativeWork) for which this thing is the main entity being described. See background notes for details. Inverse property: mainEntity."}, "http://schema.org/additionalType": {"expected_type": ["http://schema.org/URL"], "description": "An additional type for the item, typically used for adding more specific types from external vocabularies in microdata syntax. This is a relationship between something and a class that the thing is in. In RDFa syntax, it is better to use the native RDFa syntax - the 'typeof' attribute - for multiple types. Schema.org tools may have only weaker understanding of extra types, in particular those defined externally."}, "http://schema.org/name": {"expected_type": ["http://schema.org/Text"], "description": "The name of the item."}, "http://schema.org/sameAs": {"expected_type": ["http://schema.org/URL"], "description": "URL of a reference Web page that unambiguously indicates the item's identity. E.g. the URL of the item's Wikipedia page, Freebase page, or official website."}}, "http://schema.org/Person": {"http://schema.org/gender": {"expected_type": ["http://schema.org/Text"], "description": "Gender of the person."}, "http://schema.org/memberOf": {"expected_type": ["http://schema.org/ProgramMembership", "http://schema.org/Organization"], "description": "An Organization (or ProgramMembership) to which this Person or Organization belongs. Inverse property: member."}, "http://schema.org/honorificPrefix": {"expected_type": ["http://schema.org/Text"], "description": "An honorific prefix preceding a Person's name such as Dr/Mrs/Mr."}, "http://schema.org/givenName": {"expected_type": ["http://schema.org/Text"], "description": "Given name. In the U.S., the first name of a Person. This can be used along with familyName instead of the name property."}, "http://schema.org/name": {"expected_type": ["http://schema.org/Text"], "description": "The name of the item."}, "http://schema.org/colleague": {"expected_type": ["http://schema.org/Person"], "description": "A colleague of the person. Supersedes colleagues."}, "http://schema.org/netWorth": {"expected_type": ["http://schema.org/PriceSpecification"], "description": "The total financial value of the person as calculated by subtracting assets from liabilities."}, "http://schema.org/sibling": {"expected_type": ["http://schema.org/Person"], "description": "A sibling of the person. Supersedes siblings."}, "http://schema.org/owns": {"expected_type": ["http://schema.org/OwnershipInfo", "http://schema.org/Product"], "description": "Products owned by the organization or person."}, "http://schema.org/follows": {"expected_type": ["http://schema.org/Person"], "description": "The most generic uni-directional social relation."}, "http://schema.org/telephone": {"expected_type": ["http://schema.org/Text"], "description": "The telephone number."}, "http://schema.org/deathDate": {"expected_type": ["http://schema.org/Date"], "description": "Date of death."}, "http://schema.org/birthPlace": {"expected_type": ["http://schema.org/Place"], "description": "The place where the person was born."}, "http://schema.org/knows": {"expected_type": ["http://schema.org/Person"], "description": "The most generic bi-directional social/work relation."}, "http://schema.org/nationality": {"expected_type": ["http://schema.org/Country"], "description": "Nationality of the person."}, "http://schema.org/parent": {"expected_type": ["http://schema.org/Person"], "description": "A parent of this person. Supersedes parents."}, "http://schema.org/description": {"expected_type": ["http://schema.org/Text"], "description": "A short description of the item."}, "http://schema.org/isicV4": {"expected_type": ["http://schema.org/Text"], "description": "The International Standard of Industrial Classification of All Economic Activities (ISIC), Revision 4 code for a particular organization, business person, or place."}, "http://schema.org/vatID": {"expected_type": ["http://schema.org/Text"], "description": "The Value-added Tax ID of the organization or person."}, "http://schema.org/image": {"expected_type": ["http://schema.org/URL", "http://schema.org/ImageObject"], "description": "An image of the item. This can be a URL or a fully described ImageObject."}, "http://schema.org/additionalName": {"expected_type": ["http://schema.org/Text"], "description": "An additional name for a Person, can be used for a middle name."}, "http://schema.org/relatedTo": {"expected_type": ["http://schema.org/Person"], "description": "The most generic familial relation."}, "http://schema.org/affiliation": {"expected_type": ["http://schema.org/Organization"], "description": "An organization that this person is affiliated with. For example, a school/university, a club, or a team."}, "http://schema.org/birthDate": {"expected_type": ["http://schema.org/Date"], "description": "Date of birth."}, "http://schema.org/hasPOS": {"expected_type": ["http://schema.org/Place"], "description": "Points-of-Sales operated by the organization or person."}, "http://schema.org/spouse": {"expected_type": ["http://schema.org/Person"], "description": "The person's spouse."}, "http://schema.org/email": {"expected_type": ["http://schema.org/Text"], "description": "Email address."}, "http://schema.org/url": {"expected_type": ["http://schema.org/URL"], "description": "URL of the item."}, "http://schema.org/taxID": {"expected_type": ["http://schema.org/Text"], "description": "The Tax / Fiscal ID of the organization or person, e.g. the TIN in the US or the CIF/NIF in Spain."}, "http://schema.org/potentialAction": {"expected_type": ["http://schema.org/Action"], "description": "Indicates a potential Action, which describes an idealized action in which this thing would play an 'object' role."}, "http://schema.org/sameAs": {"expected_type": ["http://schema.org/URL"], "description": "URL of a reference Web page that unambiguously indicates the item's identity. E.g. the URL of the item's Wikipedia page, Freebase page, or official website."}, "http://schema.org/address": {"expected_type": ["http://schema.org/PostalAddress", "http://schema.org/Text"], "description": "Physical address of the item."}, "http://schema.org/alumniOf": {"expected_type": ["http://schema.org/Organization", "http://schema.org/EducationalOrganization"], "description": "An organization that the person is an alumni of. Inverse property: alumni."}, "http://schema.org/workLocation": {"expected_type": ["http://schema.org/ContactPoint", "http://schema.org/Place"], "description": "A contact location for a person's place of work."}, "http://schema.org/jobTitle": {"expected_type": ["http://schema.org/Text"], "description": "The job title of the person (for example, Financial Manager)."}, "http://schema.org/alternateName": {"expected_type": ["http://schema.org/Text"], "description": "An alias for the item."}, "http://schema.org/brand": {"expected_type": ["http://schema.org/Brand", "http://schema.org/Organization"], "description": "The brand(s) associated with a product or service, or the brand(s) maintained by an organization or business person."}, "http://schema.org/duns": {"expected_type": ["http://schema.org/Text"], "description": "The Dun & Bradstreet DUNS number for identifying an organization or business person."}, "http://schema.org/award": {"expected_type": ["http://schema.org/Text"], "description": "An award won by or for this item. Supersedes awards."}, "http://schema.org/hasOfferCatalog": {"expected_type": ["http://schema.org/OfferCatalog"], "description": "Indicates an OfferCatalog listing for this Organization, Person, or Service."}, "http://schema.org/performerIn": {"expected_type": ["http://schema.org/Event"], "description": "Event that this person is a performer or participant in."}, "http://schema.org/deathPlace": {"expected_type": ["http://schema.org/Place"], "description": "The place where the person died."}, "http://schema.org/worksFor": {"expected_type": ["http://schema.org/Organization"], "description": "Organizations that the person works for."}, "http://schema.org/homeLocation": {"expected_type": ["http://schema.org/ContactPoint", "http://schema.org/Place"], "description": "A contact location for a person's residence."}, "http://schema.org/seeks": {"expected_type": ["http://schema.org/Demand"], "description": "A pointer to products or services sought by the organization or person (demand)."}, "http://schema.org/children": {"expected_type": ["http://schema.org/Person"], "description": "A child of the person."}, "http://schema.org/mainEntityOfPage": {"expected_type": ["http://schema.org/URL", "http://schema.org/CreativeWork"], "description": "Indicates a page (or other CreativeWork) for which this thing is the main entity being described. See background notes for details. Inverse property: mainEntity."}, "http://schema.org/honorificSuffix": {"expected_type": ["http://schema.org/Text"], "description": "An honorific suffix preceding a Person's name such as M.D. /PhD/MSCSW."}, "http://schema.org/contactPoint": {"expected_type": ["http://schema.org/ContactPoint"], "description": "A contact point for a person or organization. Supersedes contactPoints."}, "http://schema.org/makesOffer": {"expected_type": ["http://schema.org/Offer"], "description": "A pointer to products or services offered by the organization or person. Inverse property: offeredBy."}, "http://schema.org/globalLocationNumber": {"expected_type": ["http://schema.org/Text"], "description": "The Global Location Number (GLN, sometimes also referred to as International Location Number or ILN) of the respective organization, person, or place. The GLN is a 13-digit number used to identify parties and physical locations."}, "http://schema.org/weight": {"expected_type": ["http://schema.org/QuantitativeValue"], "description": "The weight of the product or person."}, "http://schema.org/familyName": {"expected_type": ["http://schema.org/Text"], "description": "Family name. In the U.S., the last name of an Person. This can be used along with givenName instead of the name property."}, "http://schema.org/faxNumber": {"expected_type": ["http://schema.org/Text"], "description": "The fax number."}, "http://schema.org/additionalType": {"expected_type": ["http://schema.org/URL"], "description": "An additional type for the item, typically used for adding more specific types from external vocabularies in microdata syntax. This is a relationship between something and a class that the thing is in. In RDFa syntax, it is better to use the native RDFa syntax - the 'typeof' attribute - for multiple types. Schema.org tools may have only weaker understanding of extra types, in particular those defined externally."}, "http://schema.org/naics": {"expected_type": ["http://schema.org/Text"], "description": "The North American Industry Classification System (NAICS) code for a particular organization or business person."}, "http://schema.org/height": {"expected_type": ["http://schema.org/QuantitativeValue", "http://schema.org/Distance"], "description": "The height of the item."}}}, "description": "A person (alive, dead, undead, or fictional).", "format": "http://schema.org/Person", "id": "Person.json", "instances": {"http://schema.org/member": {"description": "A member of an Organization or a ProgramMembership. Organizations can be members of organizations; ProgramMembership is typically for individuals. Supersedes members. inverse property: memberOf.", "used_on_types": ["http://schema.org/ProgramMembership"]}, "http://schema.org/translator": {"description": "Organization or person who adapts a creative work to different languages, regional differences and technical requirements of a target market.", "used_on_types": ["http://schema.org/CreativeWork"]}, "http://schema.org/children": {"description": "A child of the person.", "used_on_types": ["http://schema.org/Person"]}, "http://schema.org/seller": {"description": "An entity which offers (sells / leases / lends / loans) the services / goods. A seller may also be a provider. Supersedes merchant.", "used_on_types": ["http://schema.org/Demand"]}, "http://schema.org/musicBy": {"description": "The composer of the soundtrack.", "used_on_types": ["http://schema.org/Clip"]}, "http://schema.org/colleague": {"description": "A colleague of the person. Supersedes colleagues.", "used_on_types": ["http://schema.org/Person"]}, "http://schema.org/coach": {"description": "A person that acts in a coaching role for a sports team.", "used_on_types": ["http://schema.org/SportsTeam"]}, "http://schema.org/sibling": {"description": "A sibling of the person. Supersedes siblings.", "used_on_types": ["http://schema.org/Person"]}, "http://schema.org/composer": {"description": "The person or organization who wrote the composition.", "used_on_types": ["http://schema.org/MusicComposition"]}, "http://schema.org/follows": {"description": "The most generic uni-directional social relation.", "used_on_types": ["http://schema.org/Person"]}, "http://schema.org/parent": {"description": "A parent of this person. Supersedes parents.", "used_on_types": ["http://schema.org/Person"]}, "http://schema.org/homeTeam": {"description": "The home team in a sports event.", "used_on_types": ["http://schema.org/SportsEvent"]}, "http://schema.org/knows": {"description": "The most generic bi-directional social/work relation.", "used_on_types": ["http://schema.org/Person"]}, "http://schema.org/editor": {"description": "Specifies the Person who edited the CreativeWork.", "used_on_types": ["http://schema.org/CreativeWork"]}, "http://schema.org/offeredBy": {"description": "A pointer to the organization or person making the offer. inverse property: makesOffer.", "used_on_types": ["http://schema.org/Offer"]}, "http://schema.org/creditedTo": {"description": "The group the release is credited to if different than the byArtist. For example, Red and Blue is credited to \"Stefani Germanotta Band\", but by Lady Gaga.", "used_on_types": ["http://schema.org/MusicRelease"]}, "http://schema.org/spouse": {"description": "The person's spouse.", "used_on_types": ["http://schema.org/Person"]}, "http://schema.org/loser": {"description": "A sub property of participant. The loser of the action.", "used_on_types": ["http://schema.org/WinAction"]}, "http://schema.org/attendee": {"description": "A person or organization attending the event. Supersedes attendees.", "used_on_types": ["http://schema.org/Event"]}, "http://schema.org/winner": {"description": "A sub property of participant. The winner of the action.", "used_on_types": ["http://schema.org/LoseAction"]}, "http://schema.org/founder": {"description": "A person who founded this organization. Supersedes founders.", "used_on_types": ["http://schema.org/Organization"]}, "http://schema.org/author": {"description": "The author of this content. Please note that author is special in that HTML 5 provides a special mechanism for indicating authorship via the rel tag. That is equivalent to this and may be used interchangeably.", "used_on_types": ["http://schema.org/CreativeWork"]}, "http://schema.org/broker": {"description": "An entity that arranges for an exchange between a buyer and a seller. In most cases a broker never acquires or releases ownership of a product or service involved in an exchange. If it is not clear whether an entity is a broker, seller, or buyer, the latter two terms are preferred. Supersedes bookingAgent.", "used_on_types": ["http://schema.org/Reservation"]}, "http://schema.org/reviewedBy": {"description": "People or organizations that have reviewed the content on this web page for accuracy and/or completeness.", "used_on_types": ["http://schema.org/WebPage"]}, "http://schema.org/contributor": {"description": "A secondary contributor to the CreativeWork.", "used_on_types": ["http://schema.org/CreativeWork"]}, "http://schema.org/acquiredFrom": {"description": "The organization or person from which the product was acquired.", "used_on_types": ["http://schema.org/OwnershipInfo"]}, "http://schema.org/relatedTo": {"description": "The most generic familial relation.", "used_on_types": ["http://schema.org/Person"]}, "http://schema.org/alumni": {"description": "Alumni of an organization. inverse property: alumniOf.", "used_on_types": ["http://schema.org/Organization"]}, "http://schema.org/performer": {"description": "A performer at the event\u2014for example, a presenter, musician, musical group or actor. Supersedes performers.", "used_on_types": ["http://schema.org/Event"]}, "http://schema.org/sender": {"description": "A sub property of participant. The participant who is at the sending end of the action.", "used_on_types": ["http://schema.org/ReceiveAction"]}, "http://schema.org/provider": {"description": "The service provider, service operator, or service performer; the goods producer. Another party (a seller) may offer those services or goods on behalf of the provider. A provider may also serve as the seller. Supersedes carrier.", "used_on_types": ["http://schema.org/BusTrip"]}, "http://schema.org/competitor": {"description": "A competitor in a sports event.", "used_on_types": ["http://schema.org/SportsEvent"]}, "http://schema.org/copyrightHolder": {"description": "The party holding the legal copyright to the CreativeWork.", "used_on_types": ["http://schema.org/CreativeWork"]}, "http://schema.org/recipient": {"description": "A sub property of participant. The participant who is at the receiving end of the action.", "used_on_types": ["http://schema.org/GiveAction"]}, "http://schema.org/borrower": {"description": "A sub property of participant. The person that borrows the object being lent.", "used_on_types": ["http://schema.org/LendAction"]}, "http://schema.org/candidate": {"description": "A sub property of object. The candidate subject of this action.", "used_on_types": ["http://schema.org/VoteAction"]}, "http://schema.org/underName": {"description": "The person or organization the reservation or ticket is for.", "used_on_types": ["http://schema.org/Reservation"]}, "http://schema.org/awayTeam": {"description": "The away team in a sports event.", "used_on_types": ["http://schema.org/SportsEvent"]}, "http://schema.org/illustrator": {"description": "The illustrator of the book.", "used_on_types": ["http://schema.org/Book"]}, "http://schema.org/employee": {"description": "Someone working for this organization. Supersedes employees.", "used_on_types": ["http://schema.org/Organization"]}, "http://schema.org/accountablePerson": {"description": "Specifies the Person that is legally accountable for the CreativeWork.", "used_on_types": ["http://schema.org/CreativeWork"]}, "http://schema.org/endorsee": {"description": "A sub property of participant. The person/organization being supported.", "used_on_types": ["http://schema.org/EndorseAction"]}, "http://schema.org/customer": {"description": "Party placing the order or paying the invoice.", "used_on_types": ["http://schema.org/Order"]}, "http://schema.org/director": {"description": "A director of e.g. tv, radio, movie, video games etc. content. Directors can be associated with individual items or with a series, episode, clip. Supersedes directors.", "used_on_types": ["http://schema.org/Clip"]}, "http://schema.org/participant": {"description": "Other co-agents that participated in the action indirectly. e.g. John wrote a book with *Steve*.", "used_on_types": ["http://schema.org/Action"]}, "http://schema.org/buyer": {"description": "A sub property of participant. The participant/person/organization that bought the object.", "used_on_types": ["http://schema.org/SellAction"]}, "http://schema.org/character": {"description": "Fictional person connected with a creative work.", "used_on_types": ["http://schema.org/CreativeWork"]}, "http://schema.org/producer": {"description": "The person or organization who produced the work (e.g. music album, movie, tv/radio series etc.).", "used_on_types": ["http://schema.org/CreativeWork"]}, "http://schema.org/followee": {"description": "A sub property of object. The person or organization being followed.", "used_on_types": ["http://schema.org/FollowAction"]}, "http://schema.org/lyricist": {"description": "The person who wrote the words.", "used_on_types": ["http://schema.org/MusicComposition"]}, "http://schema.org/lender": {"description": "A sub property of participant. The person that lends the object being borrowed.", "used_on_types": ["http://schema.org/BorrowAction"]}, "http://schema.org/endorsers": {"description": "People or organizations that endorse the plan.", "used_on_types": ["http://schema.org/Diet"]}, "http://schema.org/athlete": {"description": "A person that acts as performing member of a sports team; a player as opposed to a coach.", "used_on_types": ["http://schema.org/SportsTeam"]}, "http://schema.org/actor": {"description": "An actor, e.g. in tv, radio, movie, video games etc. Actors can be associated with individual items or with a series, episode, clip. Supersedes actors.", "used_on_types": ["http://schema.org/Clip"]}, "http://schema.org/creator": {"description": "The creator/author of this CreativeWork. This is the same as the Author property for CreativeWork.", "used_on_types": ["http://schema.org/CreativeWork"]}, "http://schema.org/opponent": {"description": "A sub property of participant. The opponent on this action.", "used_on_types": ["http://schema.org/ExerciseAction"]}, "http://schema.org/landlord": {"description": "A sub property of participant. The owner of the real estate property.", "used_on_types": ["http://schema.org/RentAction"]}, "http://schema.org/publisher": {"description": "The publisher of the creative work.", "used_on_types": ["http://schema.org/CreativeWork"]}, "http://schema.org/organizer": {"description": "An organizer of an Event.", "used_on_types": ["http://schema.org/Event"]}, "http://schema.org/agent": {"description": "The direct performer or driver of the action (animate or inanimate). e.g. *John* wrote a book.", "used_on_types": ["http://schema.org/Action"]}}, "title": "Person"}