{"media": {"type": "application/json;profile=http://schema.org/ProductModel"}, "properties": {"http://schema.org/Product": {"http://schema.org/purchaseDate": {"expected_type": ["http://schema.org/Date"], "description": "The date the item e.g. vehicle was purchased by the current owner."}, "http://schema.org/itemCondition": {"expected_type": ["http://schema.org/OfferItemCondition"], "description": "A predefined value from OfferItemCondition or a textual description of the condition of the product or service, or the products or services included in the offer."}, "http://schema.org/gtin12": {"expected_type": ["http://schema.org/Text"], "description": "The GTIN-12 code of the product, or the product to which the offer refers. The GTIN-12 is the 12-digit GS1 Identification Key composed of a U.P.C. Company Prefix, Item Reference, and Check Digit used to identify trade items. See GS1 GTIN Summary for more details."}, "http://schema.org/isConsumableFor": {"expected_type": ["http://schema.org/Product"], "description": "A pointer to another product (or multiple products) for which this product is a consumable."}, "http://schema.org/width": {"expected_type": ["http://schema.org/QuantitativeValue", "http://schema.org/Distance"], "description": "The width of the item."}, "http://schema.org/aggregateRating": {"expected_type": ["http://schema.org/AggregateRating"], "description": "The overall rating, based on a collection of reviews or ratings, of the item."}, "http://schema.org/gtin8": {"expected_type": ["http://schema.org/Text"], "description": "The GTIN-8 code of the product, or the product to which the offer refers. This code is also known as EAN/UCC-8 or 8-digit EAN. See GS1 GTIN Summary for more details."}, "http://schema.org/manufacturer": {"expected_type": ["http://schema.org/Organization"], "description": "The manufacturer of the product."}, "http://schema.org/depth": {"expected_type": ["http://schema.org/QuantitativeValue", "http://schema.org/Distance"], "description": "The depth of the item."}, "http://schema.org/url": {"expected_type": ["http://schema.org/URL"], "description": "URL of the item."}, "http://schema.org/isSimilarTo": {"expected_type": ["http://schema.org/Product"], "description": "A pointer to another, functionally similar product (or multiple products)."}, "http://schema.org/model": {"expected_type": ["http://schema.org/Text", "http://schema.org/ProductModel"], "description": "The model of the product. Use with the URL of a ProductModel or a textual representation of the model identifier. The URL of the ProductModel can be from an external source. It is recommended to additionally provide strong product identifiers via the gtin8/gtin13/gtin14 and mpn properties."}, "http://schema.org/brand": {"expected_type": ["http://schema.org/Brand", "http://schema.org/Organization"], "description": "The brand(s) associated with a product or service, or the brand(s) maintained by an organization or business person."}, "http://schema.org/alternateName": {"expected_type": ["http://schema.org/Text"], "description": "An alias for the item."}, "http://schema.org/award": {"expected_type": ["http://schema.org/Text"], "description": "An award won by or for this item. Supersedes awards."}, "http://schema.org/category": {"expected_type": ["http://schema.org/Thing", "http://schema.org/Text", "http://schema.org/PhysicalActivityCategory"], "description": "A category for the item. Greater signs or slashes can be used to informally indicate a category hierarchy."}, "http://schema.org/productID": {"expected_type": ["http://schema.org/Text"], "description": "The product identifier, such as ISBN. For example: <meta itemprop='productID' content='isbn:123-456-789'/>."}, "http://schema.org/isAccessoryOrSparePartFor": {"expected_type": ["http://schema.org/Product"], "description": "A pointer to another product (or multiple products) for which this product is an accessory or spare part."}, "http://schema.org/review": {"expected_type": ["http://schema.org/Review"], "description": "A review of the item. Supersedes reviews."}, "http://schema.org/audience": {"expected_type": ["http://schema.org/Audience"], "description": "An intended audience, i.e. a group for whom something was created. Supersedes serviceAudience."}, "http://schema.org/offers": {"expected_type": ["http://schema.org/Offer"], "description": "An offer to provide this item\u2014for example, an offer to sell a product, rent the DVD of a movie, perform a service, or give away tickets to an event."}, "http://schema.org/potentialAction": {"expected_type": ["http://schema.org/Action"], "description": "Indicates a potential Action, which describes an idealized action in which this thing would play an 'object' role."}, "http://schema.org/productionDate": {"expected_type": ["http://schema.org/Date"], "description": "The date of production of the item, e.g. vehicle."}, "http://schema.org/description": {"expected_type": ["http://schema.org/Text"], "description": "A short description of the item."}, "http://schema.org/weight": {"expected_type": ["http://schema.org/QuantitativeValue"], "description": "The weight of the product or person."}, "http://schema.org/image": {"expected_type": ["http://schema.org/URL", "http://schema.org/ImageObject"], "description": "An image of the item. This can be a URL or a fully described ImageObject."}, "http://schema.org/color": {"expected_type": ["http://schema.org/Text"], "description": "The color of the product."}, "http://schema.org/mainEntityOfPage": {"expected_type": ["http://schema.org/URL", "http://schema.org/CreativeWork"], "description": "Indicates a page (or other CreativeWork) for which this thing is the main entity being described. See background notes for details. Inverse property: mainEntity."}, "http://schema.org/additionalProperty": {"expected_type": ["http://schema.org/PropertyValue"], "description": "A property-value pair representing an additional characteristics of the entitity, e.g. a product feature or another characteristic for which there is no matching property in schema.org. Note: Publishers should be aware that applications designed to use specific schema.org properties (e.g. http://schema.org/width, http://schema.org/color, http://schema.org/gtin13, ...) will typically expect such data to be provided using those properties, rather than using the generic property/value mechanism."}, "http://schema.org/sku": {"expected_type": ["http://schema.org/Text"], "description": "The Stock Keeping Unit (SKU), i.e. a merchant-specific identifier for a product or service, or the product to which the offer refers."}, "http://schema.org/name": {"expected_type": ["http://schema.org/Text"], "description": "The name of the item."}, "http://schema.org/additionalType": {"expected_type": ["http://schema.org/URL"], "description": "An additional type for the item, typically used for adding more specific types from external vocabularies in microdata syntax. This is a relationship between something and a class that the thing is in. In RDFa syntax, it is better to use the native RDFa syntax - the 'typeof' attribute - for multiple types. Schema.org tools may have only weaker understanding of extra types, in particular those defined externally."}, "http://schema.org/sameAs": {"expected_type": ["http://schema.org/URL"], "description": "URL of a reference Web page that unambiguously indicates the item's identity. E.g. the URL of the item's Wikipedia page, Freebase page, or official website."}, "http://schema.org/height": {"expected_type": ["http://schema.org/QuantitativeValue", "http://schema.org/Distance"], "description": "The height of the item."}, "http://schema.org/gtin13": {"expected_type": ["http://schema.org/Text"], "description": "The GTIN-13 code of the product, or the product to which the offer refers. This is equivalent to 13-digit ISBN codes and EAN UCC-13. Former 12-digit UPC codes can be converted into a GTIN-13 code by simply adding a preceeding zero. See GS1 GTIN Summary for more details."}, "http://schema.org/gtin14": {"expected_type": ["http://schema.org/Text"], "description": "The GTIN-14 code of the product, or the product to which the offer refers. See GS1 GTIN Summary for more details."}, "http://schema.org/releaseDate": {"expected_type": ["http://schema.org/Date"], "description": "The release date of a product or product model. This can be used to distinguish the exact variant of a product."}, "http://schema.org/mpn": {"expected_type": ["http://schema.org/Text"], "description": "The Manufacturer Part Number (MPN) of the product, or the product to which the offer refers."}, "http://schema.org/logo": {"expected_type": ["http://schema.org/URL", "http://schema.org/ImageObject"], "description": "An associated logo."}, "http://schema.org/isRelatedTo": {"expected_type": ["http://schema.org/Product"], "description": "A pointer to another, somehow related product (or multiple products)."}}, "http://schema.org/Thing": {"http://schema.org/image": {"expected_type": ["http://schema.org/URL", "http://schema.org/ImageObject"], "description": "An image of the item. This can be a URL or a fully described ImageObject."}, "http://schema.org/url": {"expected_type": ["http://schema.org/URL"], "description": "URL of the item."}, "http://schema.org/alternateName": {"expected_type": ["http://schema.org/Text"], "description": "An alias for the item."}, "http://schema.org/description": {"expected_type": ["http://schema.org/Text"], "description": "A short description of the item."}, "http://schema.org/potentialAction": {"expected_type": ["http://schema.org/Action"], "description": "Indicates a potential Action, which describes an idealized action in which this thing would play an 'object' role."}, "http://schema.org/mainEntityOfPage": {"expected_type": ["http://schema.org/URL", "http://schema.org/CreativeWork"], "description": "Indicates a page (or other CreativeWork) for which this thing is the main entity being described. See background notes for details. Inverse property: mainEntity."}, "http://schema.org/additionalType": {"expected_type": ["http://schema.org/URL"], "description": "An additional type for the item, typically used for adding more specific types from external vocabularies in microdata syntax. This is a relationship between something and a class that the thing is in. In RDFa syntax, it is better to use the native RDFa syntax - the 'typeof' attribute - for multiple types. Schema.org tools may have only weaker understanding of extra types, in particular those defined externally."}, "http://schema.org/name": {"expected_type": ["http://schema.org/Text"], "description": "The name of the item."}, "http://schema.org/sameAs": {"expected_type": ["http://schema.org/URL"], "description": "URL of a reference Web page that unambiguously indicates the item's identity. E.g. the URL of the item's Wikipedia page, Freebase page, or official website."}}, "http://schema.org/ProductModel": {"http://schema.org/purchaseDate": {"expected_type": ["http://schema.org/Date"], "description": "The date the item e.g. vehicle was purchased by the current owner."}, "http://schema.org/itemCondition": {"expected_type": ["http://schema.org/OfferItemCondition"], "description": "A predefined value from OfferItemCondition or a textual description of the condition of the product or service, or the products or services included in the offer."}, "http://schema.org/gtin12": {"expected_type": ["http://schema.org/Text"], "description": "The GTIN-12 code of the product, or the product to which the offer refers. The GTIN-12 is the 12-digit GS1 Identification Key composed of a U.P.C. Company Prefix, Item Reference, and Check Digit used to identify trade items. See GS1 GTIN Summary for more details."}, "http://schema.org/model": {"expected_type": ["http://schema.org/Text", "http://schema.org/ProductModel"], "description": "The model of the product. Use with the URL of a ProductModel or a textual representation of the model identifier. The URL of the ProductModel can be from an external source. It is recommended to additionally provide strong product identifiers via the gtin8/gtin13/gtin14 and mpn properties."}, "http://schema.org/width": {"expected_type": ["http://schema.org/QuantitativeValue", "http://schema.org/Distance"], "description": "The width of the item."}, "http://schema.org/aggregateRating": {"expected_type": ["http://schema.org/AggregateRating"], "description": "The overall rating, based on a collection of reviews or ratings, of the item."}, "http://schema.org/isVariantOf": {"expected_type": ["http://schema.org/ProductModel"], "description": "A pointer to a base product from which this product is a variant. It is safe to infer that the variant inherits all product features from the base model, unless defined locally. This is not transitive."}, "http://schema.org/manufacturer": {"expected_type": ["http://schema.org/Organization"], "description": "The manufacturer of the product."}, "http://schema.org/depth": {"expected_type": ["http://schema.org/QuantitativeValue", "http://schema.org/Distance"], "description": "The depth of the item."}, "http://schema.org/url": {"expected_type": ["http://schema.org/URL"], "description": "URL of the item."}, "http://schema.org/predecessorOf": {"expected_type": ["http://schema.org/ProductModel"], "description": "A pointer from a previous, often discontinued variant of the product to its newer variant."}, "http://schema.org/isSimilarTo": {"expected_type": ["http://schema.org/Product"], "description": "A pointer to another, functionally similar product (or multiple products)."}, "http://schema.org/isConsumableFor": {"expected_type": ["http://schema.org/Product"], "description": "A pointer to another product (or multiple products) for which this product is a consumable."}, "http://schema.org/brand": {"expected_type": ["http://schema.org/Brand", "http://schema.org/Organization"], "description": "The brand(s) associated with a product or service, or the brand(s) maintained by an organization or business person."}, "http://schema.org/alternateName": {"expected_type": ["http://schema.org/Text"], "description": "An alias for the item."}, "http://schema.org/award": {"expected_type": ["http://schema.org/Text"], "description": "An award won by or for this item. Supersedes awards."}, "http://schema.org/category": {"expected_type": ["http://schema.org/Thing", "http://schema.org/Text", "http://schema.org/PhysicalActivityCategory"], "description": "A category for the item. Greater signs or slashes can be used to informally indicate a category hierarchy."}, "http://schema.org/productID": {"expected_type": ["http://schema.org/Text"], "description": "The product identifier, such as ISBN. For example: <meta itemprop='productID' content='isbn:123-456-789'/>."}, "http://schema.org/isAccessoryOrSparePartFor": {"expected_type": ["http://schema.org/Product"], "description": "A pointer to another product (or multiple products) for which this product is an accessory or spare part."}, "http://schema.org/review": {"expected_type": ["http://schema.org/Review"], "description": "A review of the item. Supersedes reviews."}, "http://schema.org/successorOf": {"expected_type": ["http://schema.org/ProductModel"], "description": "A pointer from a newer variant of a product to its previous, often discontinued predecessor."}, "http://schema.org/offers": {"expected_type": ["http://schema.org/Offer"], "description": "An offer to provide this item\u2014for example, an offer to sell a product, rent the DVD of a movie, perform a service, or give away tickets to an event."}, "http://schema.org/potentialAction": {"expected_type": ["http://schema.org/Action"], "description": "Indicates a potential Action, which describes an idealized action in which this thing would play an 'object' role."}, "http://schema.org/productionDate": {"expected_type": ["http://schema.org/Date"], "description": "The date of production of the item, e.g. vehicle."}, "http://schema.org/releaseDate": {"expected_type": ["http://schema.org/Date"], "description": "The release date of a product or product model. This can be used to distinguish the exact variant of a product."}, "http://schema.org/weight": {"expected_type": ["http://schema.org/QuantitativeValue"], "description": "The weight of the product or person."}, "http://schema.org/image": {"expected_type": ["http://schema.org/URL", "http://schema.org/ImageObject"], "description": "An image of the item. This can be a URL or a fully described ImageObject."}, "http://schema.org/color": {"expected_type": ["http://schema.org/Text"], "description": "The color of the product."}, "http://schema.org/mainEntityOfPage": {"expected_type": ["http://schema.org/URL", "http://schema.org/CreativeWork"], "description": "Indicates a page (or other CreativeWork) for which this thing is the main entity being described. See background notes for details. Inverse property: mainEntity."}, "http://schema.org/additionalProperty": {"expected_type": ["http://schema.org/PropertyValue"], "description": "A property-value pair representing an additional characteristics of the entitity, e.g. a product feature or another characteristic for which there is no matching property in schema.org. Note: Publishers should be aware that applications designed to use specific schema.org properties (e.g. http://schema.org/width, http://schema.org/color, http://schema.org/gtin13, ...) will typically expect such data to be provided using those properties, rather than using the generic property/value mechanism."}, "http://schema.org/sku": {"expected_type": ["http://schema.org/Text"], "description": "The Stock Keeping Unit (SKU), i.e. a merchant-specific identifier for a product or service, or the product to which the offer refers."}, "http://schema.org/name": {"expected_type": ["http://schema.org/Text"], "description": "The name of the item."}, "http://schema.org/additionalType": {"expected_type": ["http://schema.org/URL"], "description": "An additional type for the item, typically used for adding more specific types from external vocabularies in microdata syntax. This is a relationship between something and a class that the thing is in. In RDFa syntax, it is better to use the native RDFa syntax - the 'typeof' attribute - for multiple types. Schema.org tools may have only weaker understanding of extra types, in particular those defined externally."}, "http://schema.org/sameAs": {"expected_type": ["http://schema.org/URL"], "description": "URL of a reference Web page that unambiguously indicates the item's identity. E.g. the URL of the item's Wikipedia page, Freebase page, or official website."}, "http://schema.org/logo": {"expected_type": ["http://schema.org/URL", "http://schema.org/ImageObject"], "description": "An associated logo."}, "http://schema.org/gtin8": {"expected_type": ["http://schema.org/Text"], "description": "The GTIN-8 code of the product, or the product to which the offer refers. This code is also known as EAN/UCC-8 or 8-digit EAN. See GS1 GTIN Summary for more details."}, "http://schema.org/description": {"expected_type": ["http://schema.org/Text"], "description": "A short description of the item."}, "http://schema.org/gtin13": {"expected_type": ["http://schema.org/Text"], "description": "The GTIN-13 code of the product, or the product to which the offer refers. This is equivalent to 13-digit ISBN codes and EAN UCC-13. Former 12-digit UPC codes can be converted into a GTIN-13 code by simply adding a preceeding zero. See GS1 GTIN Summary for more details."}, "http://schema.org/gtin14": {"expected_type": ["http://schema.org/Text"], "description": "The GTIN-14 code of the product, or the product to which the offer refers. See GS1 GTIN Summary for more details."}, "http://schema.org/audience": {"expected_type": ["http://schema.org/Audience"], "description": "An intended audience, i.e. a group for whom something was created. Supersedes serviceAudience."}, "http://schema.org/mpn": {"expected_type": ["http://schema.org/Text"], "description": "The Manufacturer Part Number (MPN) of the product, or the product to which the offer refers."}, "http://schema.org/height": {"expected_type": ["http://schema.org/QuantitativeValue", "http://schema.org/Distance"], "description": "The height of the item."}, "http://schema.org/isRelatedTo": {"expected_type": ["http://schema.org/Product"], "description": "A pointer to another, somehow related product (or multiple products)."}}}, "description": "A datasheet or vendor specification of a product (in the sense of a prototypical description).", "format": "http://schema.org/ProductModel", "id": "ProductModel.json", "instances": {"http://schema.org/predecessorOf": {"description": "A pointer from a previous, often discontinued variant of the product to its newer variant.", "used_on_types": ["http://schema.org/ProductModel"]}, "http://schema.org/isVariantOf": {"description": "A pointer to a base product from which this product is a variant. It is safe to infer that the variant inherits all product features from the base model, unless defined locally. This is not transitive.", "used_on_types": ["http://schema.org/ProductModel"]}, "http://schema.org/model": {"description": "The model of the product. Use with the URL of a ProductModel or a textual representation of the model identifier. The URL of the ProductModel can be from an external source. It is recommended to additionally provide strong product identifiers via the gtin8/gtin13/gtin14 and mpn properties.", "used_on_types": ["http://schema.org/Product"]}, "http://schema.org/successorOf": {"description": "A pointer from a newer variant of a product to its previous, often discontinued predecessor.", "used_on_types": ["http://schema.org/ProductModel"]}}, "title": "ProductModel"}