{"media": {"type": "application/json;profile=http://schema.org/PropertyValue"}, "properties": {"http://schema.org/Thing": {"http://schema.org/image": {"expected_type": ["http://schema.org/URL", "http://schema.org/ImageObject"], "description": "An image of the item. This can be a URL or a fully described ImageObject."}, "http://schema.org/url": {"expected_type": ["http://schema.org/URL"], "description": "URL of the item."}, "http://schema.org/alternateName": {"expected_type": ["http://schema.org/Text"], "description": "An alias for the item."}, "http://schema.org/description": {"expected_type": ["http://schema.org/Text"], "description": "A short description of the item."}, "http://schema.org/potentialAction": {"expected_type": ["http://schema.org/Action"], "description": "Indicates a potential Action, which describes an idealized action in which this thing would play an 'object' role."}, "http://schema.org/mainEntityOfPage": {"expected_type": ["http://schema.org/URL", "http://schema.org/CreativeWork"], "description": "Indicates a page (or other CreativeWork) for which this thing is the main entity being described. See background notes for details. Inverse property: mainEntity."}, "http://schema.org/additionalType": {"expected_type": ["http://schema.org/URL"], "description": "An additional type for the item, typically used for adding more specific types from external vocabularies in microdata syntax. This is a relationship between something and a class that the thing is in. In RDFa syntax, it is better to use the native RDFa syntax - the 'typeof' attribute - for multiple types. Schema.org tools may have only weaker understanding of extra types, in particular those defined externally."}, "http://schema.org/name": {"expected_type": ["http://schema.org/Text"], "description": "The name of the item."}, "http://schema.org/sameAs": {"expected_type": ["http://schema.org/URL"], "description": "URL of a reference Web page that unambiguously indicates the item's identity. E.g. the URL of the item's Wikipedia page, Freebase page, or official website."}}, "http://schema.org/PropertyValue": {"http://schema.org/unitCode": {"expected_type": ["http://schema.org/Text", "http://schema.org/URL"], "description": "The unit of measurement given using the UN/CEFACT Common Code (3 characters) or a URL. Other codes than the UN/CEFACT Common Code may be used with a prefix followed by a colon."}, "http://schema.org/url": {"expected_type": ["http://schema.org/URL"], "description": "URL of the item."}, "http://schema.org/minValue": {"expected_type": ["http://schema.org/Number"], "description": "The lower value of some characteristic or property."}, "http://schema.org/description": {"expected_type": ["http://schema.org/Text"], "description": "A short description of the item."}, "http://schema.org/potentialAction": {"expected_type": ["http://schema.org/Action"], "description": "Indicates a potential Action, which describes an idealized action in which this thing would play an 'object' role."}, "http://schema.org/mainEntityOfPage": {"expected_type": ["http://schema.org/URL", "http://schema.org/CreativeWork"], "description": "Indicates a page (or other CreativeWork) for which this thing is the main entity being described. See background notes for details. Inverse property: mainEntity."}, "http://schema.org/name": {"expected_type": ["http://schema.org/Text"], "description": "The name of the item."}, "http://schema.org/propertyID": {"expected_type": ["http://schema.org/Text", "http://schema.org/URL"], "description": "A commonly used identifier for the characteristic represented by the property, e.g. a manufacturer or a standard code for a property. propertyID can be(1) a prefixed string, mainly meant to be used with standards for product properties; (2) a site-specific, non-prefixed string (e.g. the primary key of the property or the vendor-specific id of the property), or (3)a URL indicating the type of the property, either pointing to an external vocabulary, or a Web resource that describes the property (e.g. a glossary entry).Standards bodies should promote a standard prefix for the identifiers of properties from their standards."}, "http://schema.org/image": {"expected_type": ["http://schema.org/URL", "http://schema.org/ImageObject"], "description": "An image of the item. This can be a URL or a fully described ImageObject."}, "http://schema.org/valueReference": {"expected_type": ["http://schema.org/StructuredValue", "http://schema.org/QualitativeValue", "http://schema.org/PropertyValue", "http://schema.org/QuantitativeValue", "http://schema.org/Enumeration"], "description": "A pointer to a secondary value that provides additional information on the original value, e.g. a reference temperature."}, "http://schema.org/alternateName": {"expected_type": ["http://schema.org/Text"], "description": "An alias for the item."}, "http://schema.org/value": {"expected_type": ["http://schema.org/Boolean", "http://schema.org/Text", "http://schema.org/StructuredValue", "http://schema.org/Number"], "description": "The value of the quantitative value or property value node. For QuantitativeValue, the recommended type for values is 'Number'. For PropertyValue, it can be 'Text;', 'Number', 'Boolean', or 'StructuredValue'."}, "http://schema.org/maxValue": {"expected_type": ["http://schema.org/Number"], "description": "The upper value of some characteristic or property."}, "http://schema.org/sameAs": {"expected_type": ["http://schema.org/URL"], "description": "URL of a reference Web page that unambiguously indicates the item's identity. E.g. the URL of the item's Wikipedia page, Freebase page, or official website."}, "http://schema.org/additionalType": {"expected_type": ["http://schema.org/URL"], "description": "An additional type for the item, typically used for adding more specific types from external vocabularies in microdata syntax. This is a relationship between something and a class that the thing is in. In RDFa syntax, it is better to use the native RDFa syntax - the 'typeof' attribute - for multiple types. Schema.org tools may have only weaker understanding of extra types, in particular those defined externally."}, "http://schema.org/unitText": {"expected_type": ["http://schema.org/Text"], "description": "A string or text indicating the unit of measurement. Useful if you cannot provide a standard unit code forunitCode."}}}, "description": "A property-value pair, e.g. representing a feature of a product or place. Use the 'name' property for the name of the property. If there is an additional human-readable version of the value, put that into the 'description' property.\n        \n        Always use specific schema.org properties when a) they exist and b) you can populate them. Using PropertyValue as a substitute will typically not trigger the same effect as using the original, specific property.", "format": "http://schema.org/PropertyValue", "id": "PropertyValue.json", "instances": {"http://schema.org/exifData": {"description": "exif data for this object.", "used_on_types": ["http://schema.org/ImageObject"]}, "http://schema.org/additionalProperty": {"description": "A property-value pair representing an additional characteristics of the entitity, e.g. a product feature or another characteristic for which there is no matching property in schema.org. Note: Publishers should be aware that applications designed to use specific schema.org properties (e.g. http://schema.org/width, http://schema.org/color, http://schema.org/gtin13, ...) will typically expect such data to be provided using those properties, rather than using the generic property/value mechanism.", "used_on_types": ["http://schema.org/Place"]}, "http://schema.org/valueReference": {"description": "A pointer to a secondary value that provides additional information on the original value, e.g. a reference temperature.", "used_on_types": ["http://schema.org/QualitativeValue"]}}, "title": "PropertyValue"}