{"media": {"type": "application/json;profile=http://schema.org/SteeringPositionValue"}, "properties": {"http://schema.org/QualitativeValue": {"http://schema.org/url": {"expected_type": ["http://schema.org/URL"], "description": "URL of the item."}, "http://schema.org/greater": {"expected_type": ["http://schema.org/QualitativeValue"], "description": "This ordering relation for qualitative values indicates that the subject is greater than the object."}, "http://schema.org/description": {"expected_type": ["http://schema.org/Text"], "description": "A short description of the item."}, "http://schema.org/image": {"expected_type": ["http://schema.org/URL", "http://schema.org/ImageObject"], "description": "An image of the item. This can be a URL or a fully described ImageObject."}, "http://schema.org/potentialAction": {"expected_type": ["http://schema.org/Action"], "description": "Indicates a potential Action, which describes an idealized action in which this thing would play an 'object' role."}, "http://schema.org/mainEntityOfPage": {"expected_type": ["http://schema.org/URL", "http://schema.org/CreativeWork"], "description": "Indicates a page (or other CreativeWork) for which this thing is the main entity being described. See background notes for details. Inverse property: mainEntity."}, "http://schema.org/additionalProperty": {"expected_type": ["http://schema.org/PropertyValue"], "description": "A property-value pair representing an additional characteristics of the entitity, e.g. a product feature or another characteristic for which there is no matching property in schema.org. Note: Publishers should be aware that applications designed to use specific schema.org properties (e.g. http://schema.org/width, http://schema.org/color, http://schema.org/gtin13, ...) will typically expect such data to be provided using those properties, rather than using the generic property/value mechanism."}, "http://schema.org/supersededBy": {"expected_type": ["http://schema.org/Class", "http://schema.org/Property", "http://schema.org/Enumeration"], "description": "Relates a term (i.e. a property, class or enumeration) to one that supersedes it."}, "http://schema.org/name": {"expected_type": ["http://schema.org/Text"], "description": "The name of the item."}, "http://schema.org/lesserOrEqual": {"expected_type": ["http://schema.org/QualitativeValue"], "description": "This ordering relation for qualitative values indicates that the subject is lesser than or equal to the object."}, "http://schema.org/greaterOrEqual": {"expected_type": ["http://schema.org/QualitativeValue"], "description": "This ordering relation for qualitative values indicates that the subject is greater than or equal to the object."}, "http://schema.org/equal": {"expected_type": ["http://schema.org/QualitativeValue"], "description": "This ordering relation for qualitative values indicates that the subject is equal to the object."}, "http://schema.org/valueReference": {"expected_type": ["http://schema.org/StructuredValue", "http://schema.org/QualitativeValue", "http://schema.org/PropertyValue", "http://schema.org/QuantitativeValue", "http://schema.org/Enumeration"], "description": "A pointer to a secondary value that provides additional information on the original value, e.g. a reference temperature."}, "http://schema.org/alternateName": {"expected_type": ["http://schema.org/Text"], "description": "An alias for the item."}, "http://schema.org/nonEqual": {"expected_type": ["http://schema.org/QualitativeValue"], "description": "This ordering relation for qualitative values indicates that the subject is not equal to the object."}, "http://schema.org/lesser": {"expected_type": ["http://schema.org/QualitativeValue"], "description": "This ordering relation for qualitative values indicates that the subject is lesser than the object."}, "http://schema.org/additionalType": {"expected_type": ["http://schema.org/URL"], "description": "An additional type for the item, typically used for adding more specific types from external vocabularies in microdata syntax. This is a relationship between something and a class that the thing is in. In RDFa syntax, it is better to use the native RDFa syntax - the 'typeof' attribute - for multiple types. Schema.org tools may have only weaker understanding of extra types, in particular those defined externally."}, "http://schema.org/sameAs": {"expected_type": ["http://schema.org/URL"], "description": "URL of a reference Web page that unambiguously indicates the item's identity. E.g. the URL of the item's Wikipedia page, Freebase page, or official website."}}, "http://schema.org/Thing": {"http://schema.org/image": {"expected_type": ["http://schema.org/URL", "http://schema.org/ImageObject"], "description": "An image of the item. This can be a URL or a fully described ImageObject."}, "http://schema.org/url": {"expected_type": ["http://schema.org/URL"], "description": "URL of the item."}, "http://schema.org/alternateName": {"expected_type": ["http://schema.org/Text"], "description": "An alias for the item."}, "http://schema.org/description": {"expected_type": ["http://schema.org/Text"], "description": "A short description of the item."}, "http://schema.org/potentialAction": {"expected_type": ["http://schema.org/Action"], "description": "Indicates a potential Action, which describes an idealized action in which this thing would play an 'object' role."}, "http://schema.org/mainEntityOfPage": {"expected_type": ["http://schema.org/URL", "http://schema.org/CreativeWork"], "description": "Indicates a page (or other CreativeWork) for which this thing is the main entity being described. See background notes for details. Inverse property: mainEntity."}, "http://schema.org/additionalType": {"expected_type": ["http://schema.org/URL"], "description": "An additional type for the item, typically used for adding more specific types from external vocabularies in microdata syntax. This is a relationship between something and a class that the thing is in. In RDFa syntax, it is better to use the native RDFa syntax - the 'typeof' attribute - for multiple types. Schema.org tools may have only weaker understanding of extra types, in particular those defined externally."}, "http://schema.org/name": {"expected_type": ["http://schema.org/Text"], "description": "The name of the item."}, "http://schema.org/sameAs": {"expected_type": ["http://schema.org/URL"], "description": "URL of a reference Web page that unambiguously indicates the item's identity. E.g. the URL of the item's Wikipedia page, Freebase page, or official website."}}, "http://schema.org/Enumeration": {"http://schema.org/image": {"expected_type": ["http://schema.org/URL", "http://schema.org/ImageObject"], "description": "An image of the item. This can be a URL or a fully described ImageObject."}, "http://schema.org/url": {"expected_type": ["http://schema.org/URL"], "description": "URL of the item."}, "http://schema.org/alternateName": {"expected_type": ["http://schema.org/Text"], "description": "An alias for the item."}, "http://schema.org/description": {"expected_type": ["http://schema.org/Text"], "description": "A short description of the item."}, "http://schema.org/potentialAction": {"expected_type": ["http://schema.org/Action"], "description": "Indicates a potential Action, which describes an idealized action in which this thing would play an 'object' role."}, "http://schema.org/mainEntityOfPage": {"expected_type": ["http://schema.org/URL", "http://schema.org/CreativeWork"], "description": "Indicates a page (or other CreativeWork) for which this thing is the main entity being described. See background notes for details. Inverse property: mainEntity."}, "http://schema.org/additionalType": {"expected_type": ["http://schema.org/URL"], "description": "An additional type for the item, typically used for adding more specific types from external vocabularies in microdata syntax. This is a relationship between something and a class that the thing is in. In RDFa syntax, it is better to use the native RDFa syntax - the 'typeof' attribute - for multiple types. Schema.org tools may have only weaker understanding of extra types, in particular those defined externally."}, "http://schema.org/supersededBy": {"expected_type": ["http://schema.org/Class", "http://schema.org/Property", "http://schema.org/Enumeration"], "description": "Relates a term (i.e. a property, class or enumeration) to one that supersedes it."}, "http://schema.org/name": {"expected_type": ["http://schema.org/Text"], "description": "The name of the item."}, "http://schema.org/sameAs": {"expected_type": ["http://schema.org/URL"], "description": "URL of a reference Web page that unambiguously indicates the item's identity. E.g. the URL of the item's Wikipedia page, Freebase page, or official website."}}}, "description": "A value indicating a steering position.", "format": "http://schema.org/SteeringPositionValue", "id": "SteeringPositionValue.json", "instances": {"http://schema.org/steeringPosition": {"description": "The position of the steering wheel or similar device (mostly for cars).", "used_on_types": ["http://schema.org/Vehicle"]}}, "title": "SteeringPositionValue"}