{"media": {"type": "application/json;profile=http://schema.org/TaxiReservation"}, "properties": {"http://schema.org/Thing": {"http://schema.org/image": {"expected_type": ["http://schema.org/URL", "http://schema.org/ImageObject"], "description": "An image of the item. This can be a URL or a fully described ImageObject."}, "http://schema.org/url": {"expected_type": ["http://schema.org/URL"], "description": "URL of the item."}, "http://schema.org/alternateName": {"expected_type": ["http://schema.org/Text"], "description": "An alias for the item."}, "http://schema.org/description": {"expected_type": ["http://schema.org/Text"], "description": "A short description of the item."}, "http://schema.org/potentialAction": {"expected_type": ["http://schema.org/Action"], "description": "Indicates a potential Action, which describes an idealized action in which this thing would play an 'object' role."}, "http://schema.org/mainEntityOfPage": {"expected_type": ["http://schema.org/URL", "http://schema.org/CreativeWork"], "description": "Indicates a page (or other CreativeWork) for which this thing is the main entity being described. See background notes for details. Inverse property: mainEntity."}, "http://schema.org/additionalType": {"expected_type": ["http://schema.org/URL"], "description": "An additional type for the item, typically used for adding more specific types from external vocabularies in microdata syntax. This is a relationship between something and a class that the thing is in. In RDFa syntax, it is better to use the native RDFa syntax - the 'typeof' attribute - for multiple types. Schema.org tools may have only weaker understanding of extra types, in particular those defined externally."}, "http://schema.org/name": {"expected_type": ["http://schema.org/Text"], "description": "The name of the item."}, "http://schema.org/sameAs": {"expected_type": ["http://schema.org/URL"], "description": "URL of a reference Web page that unambiguously indicates the item's identity. E.g. the URL of the item's Wikipedia page, Freebase page, or official website."}}, "http://schema.org/TaxiReservation": {"http://schema.org/url": {"expected_type": ["http://schema.org/URL"], "description": "URL of the item."}, "http://schema.org/underName": {"expected_type": ["http://schema.org/Organization", "http://schema.org/Person"], "description": "The person or organization the reservation or ticket is for."}, "http://schema.org/potentialAction": {"expected_type": ["http://schema.org/Action"], "description": "Indicates a potential Action, which describes an idealized action in which this thing would play an 'object' role."}, "http://schema.org/name": {"expected_type": ["http://schema.org/Text"], "description": "The name of the item."}, "http://schema.org/partySize": {"expected_type": ["http://schema.org/QuantitativeValue", "http://schema.org/Integer"], "description": "Number of people the reservation should accommodate."}, "http://schema.org/priceCurrency": {"expected_type": ["http://schema.org/Text"], "description": "The currency (in 3-letter ISO 4217 format) of the price or a price component, when attached to PriceSpecification and its subtypes."}, "http://schema.org/alternateName": {"expected_type": ["http://schema.org/Text"], "description": "An alias for the item."}, "http://schema.org/pickupTime": {"expected_type": ["http://schema.org/DateTime"], "description": "When a taxi will pickup a passenger or a rental car can be picked up."}, "http://schema.org/bookingTime": {"expected_type": ["http://schema.org/DateTime"], "description": "The date and time the reservation was booked."}, "http://schema.org/reservationId": {"expected_type": ["http://schema.org/Text"], "description": "A unique identifier for the reservation."}, "http://schema.org/pickupLocation": {"expected_type": ["http://schema.org/Place"], "description": "Where a taxi will pick up a passenger or a rental car can be picked up."}, "http://schema.org/provider": {"expected_type": ["http://schema.org/Organization", "http://schema.org/Person"], "description": "The service provider, service operator, or service performer; the goods producer. Another party (a seller) may offer those services or goods on behalf of the provider. A provider may also serve as the seller. Supersedes carrier."}, "http://schema.org/reservationFor": {"expected_type": ["http://schema.org/Thing"], "description": "The thing -- flight, event, restaurant,etc. being reserved."}, "http://schema.org/reservationStatus": {"expected_type": ["http://schema.org/ReservationStatusType"], "description": "The current status of the reservation."}, "http://schema.org/description": {"expected_type": ["http://schema.org/Text"], "description": "A short description of the item."}, "http://schema.org/mainEntityOfPage": {"expected_type": ["http://schema.org/URL", "http://schema.org/CreativeWork"], "description": "Indicates a page (or other CreativeWork) for which this thing is the main entity being described. See background notes for details. Inverse property: mainEntity."}, "http://schema.org/reservedTicket": {"expected_type": ["http://schema.org/Ticket"], "description": "A ticket associated with the reservation."}, "http://schema.org/broker": {"expected_type": ["http://schema.org/Organization", "http://schema.org/Person"], "description": "An entity that arranges for an exchange between a buyer and a seller. In most cases a broker never acquires or releases ownership of a product or service involved in an exchange. If it is not clear whether an entity is a broker, seller, or buyer, the latter two terms are preferred. Supersedes bookingAgent."}, "http://schema.org/image": {"expected_type": ["http://schema.org/URL", "http://schema.org/ImageObject"], "description": "An image of the item. This can be a URL or a fully described ImageObject."}, "http://schema.org/programMembershipUsed": {"expected_type": ["http://schema.org/ProgramMembership"], "description": "Any membership in a frequent flyer, hotel loyalty program, etc. being applied to the reservation."}, "http://schema.org/additionalType": {"expected_type": ["http://schema.org/URL"], "description": "An additional type for the item, typically used for adding more specific types from external vocabularies in microdata syntax. This is a relationship between something and a class that the thing is in. In RDFa syntax, it is better to use the native RDFa syntax - the 'typeof' attribute - for multiple types. Schema.org tools may have only weaker understanding of extra types, in particular those defined externally."}, "http://schema.org/sameAs": {"expected_type": ["http://schema.org/URL"], "description": "URL of a reference Web page that unambiguously indicates the item's identity. E.g. the URL of the item's Wikipedia page, Freebase page, or official website."}, "http://schema.org/modifiedTime": {"expected_type": ["http://schema.org/DateTime"], "description": "The date and time the reservation was modified."}, "http://schema.org/totalPrice": {"expected_type": ["http://schema.org/PriceSpecification", "http://schema.org/Number", "http://schema.org/Text"], "description": "The total price for the reservation or ticket, including applicable taxes, shipping, etc."}}, "http://schema.org/Reservation": {"http://schema.org/reservationFor": {"expected_type": ["http://schema.org/Thing"], "description": "The thing -- flight, event, restaurant,etc. being reserved."}, "http://schema.org/url": {"expected_type": ["http://schema.org/URL"], "description": "URL of the item."}, "http://schema.org/reservationStatus": {"expected_type": ["http://schema.org/ReservationStatusType"], "description": "The current status of the reservation."}, "http://schema.org/description": {"expected_type": ["http://schema.org/Text"], "description": "A short description of the item."}, "http://schema.org/underName": {"expected_type": ["http://schema.org/Organization", "http://schema.org/Person"], "description": "The person or organization the reservation or ticket is for."}, "http://schema.org/image": {"expected_type": ["http://schema.org/URL", "http://schema.org/ImageObject"], "description": "An image of the item. This can be a URL or a fully described ImageObject."}, "http://schema.org/potentialAction": {"expected_type": ["http://schema.org/Action"], "description": "Indicates a potential Action, which describes an idealized action in which this thing would play an 'object' role."}, "http://schema.org/mainEntityOfPage": {"expected_type": ["http://schema.org/URL", "http://schema.org/CreativeWork"], "description": "Indicates a page (or other CreativeWork) for which this thing is the main entity being described. See background notes for details. Inverse property: mainEntity."}, "http://schema.org/reservedTicket": {"expected_type": ["http://schema.org/Ticket"], "description": "A ticket associated with the reservation."}, "http://schema.org/additionalType": {"expected_type": ["http://schema.org/URL"], "description": "An additional type for the item, typically used for adding more specific types from external vocabularies in microdata syntax. This is a relationship between something and a class that the thing is in. In RDFa syntax, it is better to use the native RDFa syntax - the 'typeof' attribute - for multiple types. Schema.org tools may have only weaker understanding of extra types, in particular those defined externally."}, "http://schema.org/broker": {"expected_type": ["http://schema.org/Organization", "http://schema.org/Person"], "description": "An entity that arranges for an exchange between a buyer and a seller. In most cases a broker never acquires or releases ownership of a product or service involved in an exchange. If it is not clear whether an entity is a broker, seller, or buyer, the latter two terms are preferred. Supersedes bookingAgent."}, "http://schema.org/priceCurrency": {"expected_type": ["http://schema.org/Text"], "description": "The currency (in 3-letter ISO 4217 format) of the price or a price component, when attached to PriceSpecification and its subtypes."}, "http://schema.org/name": {"expected_type": ["http://schema.org/Text"], "description": "The name of the item."}, "http://schema.org/programMembershipUsed": {"expected_type": ["http://schema.org/ProgramMembership"], "description": "Any membership in a frequent flyer, hotel loyalty program, etc. being applied to the reservation."}, "http://schema.org/alternateName": {"expected_type": ["http://schema.org/Text"], "description": "An alias for the item."}, "http://schema.org/bookingTime": {"expected_type": ["http://schema.org/DateTime"], "description": "The date and time the reservation was booked."}, "http://schema.org/sameAs": {"expected_type": ["http://schema.org/URL"], "description": "URL of a reference Web page that unambiguously indicates the item's identity. E.g. the URL of the item's Wikipedia page, Freebase page, or official website."}, "http://schema.org/modifiedTime": {"expected_type": ["http://schema.org/DateTime"], "description": "The date and time the reservation was modified."}, "http://schema.org/reservationId": {"expected_type": ["http://schema.org/Text"], "description": "A unique identifier for the reservation."}, "http://schema.org/totalPrice": {"expected_type": ["http://schema.org/PriceSpecification", "http://schema.org/Number", "http://schema.org/Text"], "description": "The total price for the reservation or ticket, including applicable taxes, shipping, etc."}, "http://schema.org/provider": {"expected_type": ["http://schema.org/Organization", "http://schema.org/Person"], "description": "The service provider, service operator, or service performer; the goods producer. Another party (a seller) may offer those services or goods on behalf of the provider. A provider may also serve as the seller. Supersedes carrier."}}}, "description": "A reservation for a taxi.", "format": "http://schema.org/TaxiReservation", "id": "TaxiReservation.json", "instances": {}, "title": "TaxiReservation"}