{"media": {"type": "application/json;profile=http://schema.org/Ticket"}, "properties": {"http://schema.org/Ticket": {"http://schema.org/ticketNumber": {"expected_type": ["http://schema.org/Text"], "description": "The unique identifier for the ticket."}, "http://schema.org/alternateName": {"expected_type": ["http://schema.org/Text"], "description": "An alias for the item."}, "http://schema.org/description": {"expected_type": ["http://schema.org/Text"], "description": "A short description of the item."}, "http://schema.org/image": {"expected_type": ["http://schema.org/URL", "http://schema.org/ImageObject"], "description": "An image of the item. This can be a URL or a fully described ImageObject."}, "http://schema.org/ticketedSeat": {"expected_type": ["http://schema.org/Seat"], "description": "The seat associated with the ticket."}, "http://schema.org/mainEntityOfPage": {"expected_type": ["http://schema.org/URL", "http://schema.org/CreativeWork"], "description": "Indicates a page (or other CreativeWork) for which this thing is the main entity being described. See background notes for details. Inverse property: mainEntity."}, "http://schema.org/potentialAction": {"expected_type": ["http://schema.org/Action"], "description": "Indicates a potential Action, which describes an idealized action in which this thing would play an 'object' role."}, "http://schema.org/name": {"expected_type": ["http://schema.org/Text"], "description": "The name of the item."}, "http://schema.org/url": {"expected_type": ["http://schema.org/URL"], "description": "URL of the item."}, "http://schema.org/priceCurrency": {"expected_type": ["http://schema.org/Text"], "description": "The currency (in 3-letter ISO 4217 format) of the price or a price component, when attached to PriceSpecification and its subtypes."}, "http://schema.org/ticketToken": {"expected_type": ["http://schema.org/Text", "http://schema.org/URL"], "description": "Reference to an asset (e.g., Barcode, QR code image or PDF) usable for entrance."}, "http://schema.org/issuedBy": {"expected_type": ["http://schema.org/Organization"], "description": "The organization issuing the ticket or permit."}, "http://schema.org/dateIssued": {"expected_type": ["http://schema.org/DateTime"], "description": "The date the ticket was issued."}, "http://schema.org/additionalType": {"expected_type": ["http://schema.org/URL"], "description": "An additional type for the item, typically used for adding more specific types from external vocabularies in microdata syntax. This is a relationship between something and a class that the thing is in. In RDFa syntax, it is better to use the native RDFa syntax - the 'typeof' attribute - for multiple types. Schema.org tools may have only weaker understanding of extra types, in particular those defined externally."}, "http://schema.org/underName": {"expected_type": ["http://schema.org/Organization", "http://schema.org/Person"], "description": "The person or organization the reservation or ticket is for."}, "http://schema.org/totalPrice": {"expected_type": ["http://schema.org/Text", "http://schema.org/PriceSpecification", "http://schema.org/Number"], "description": "The total price for the reservation or ticket, including applicable taxes, shipping, etc."}, "http://schema.org/sameAs": {"expected_type": ["http://schema.org/URL"], "description": "URL of a reference Web page that unambiguously indicates the item's identity. E.g. the URL of the item's Wikipedia page, Freebase page, or official website."}}, "http://schema.org/Thing": {"http://schema.org/image": {"expected_type": ["http://schema.org/URL", "http://schema.org/ImageObject"], "description": "An image of the item. This can be a URL or a fully described ImageObject."}, "http://schema.org/url": {"expected_type": ["http://schema.org/URL"], "description": "URL of the item."}, "http://schema.org/alternateName": {"expected_type": ["http://schema.org/Text"], "description": "An alias for the item."}, "http://schema.org/description": {"expected_type": ["http://schema.org/Text"], "description": "A short description of the item."}, "http://schema.org/potentialAction": {"expected_type": ["http://schema.org/Action"], "description": "Indicates a potential Action, which describes an idealized action in which this thing would play an 'object' role."}, "http://schema.org/mainEntityOfPage": {"expected_type": ["http://schema.org/URL", "http://schema.org/CreativeWork"], "description": "Indicates a page (or other CreativeWork) for which this thing is the main entity being described. See background notes for details. Inverse property: mainEntity."}, "http://schema.org/additionalType": {"expected_type": ["http://schema.org/URL"], "description": "An additional type for the item, typically used for adding more specific types from external vocabularies in microdata syntax. This is a relationship between something and a class that the thing is in. In RDFa syntax, it is better to use the native RDFa syntax - the 'typeof' attribute - for multiple types. Schema.org tools may have only weaker understanding of extra types, in particular those defined externally."}, "http://schema.org/name": {"expected_type": ["http://schema.org/Text"], "description": "The name of the item."}, "http://schema.org/sameAs": {"expected_type": ["http://schema.org/URL"], "description": "URL of a reference Web page that unambiguously indicates the item's identity. E.g. the URL of the item's Wikipedia page, Freebase page, or official website."}}}, "description": "Used to describe a ticket to an event, a flight, a bus ride, etc.", "format": "http://schema.org/Ticket", "id": "Ticket.json", "instances": {"http://schema.org/reservedTicket": {"description": "A ticket associated with the reservation.", "used_on_types": ["http://schema.org/Reservation"]}}, "title": "Ticket"}