{"media": {"type": "application/json;profile=http://schema.org/Time"}, "properties": {}, "description": "A point in time recurring on multiple days in the form hh:mm:ss[Z|(+|-)hh:mm] (see XML schema for details).", "format": "http://schema.org/Time", "id": "Time.json", "instances": {"http://schema.org/closes": {"description": "The closing hour of the place or service on the given day(s) of the week.", "used_on_types": ["http://schema.org/OpeningHoursSpecification"]}, "http://schema.org/opens": {"description": "The opening hour of the place or service on the given day(s) of the week.", "used_on_types": ["http://schema.org/OpeningHoursSpecification"]}}, "title": "Time"}