{"media": {"type": "application/json;profile=http://schema.org/AnatomicalStructure"}, "properties": {"http://schema.org/MedicalEntity": {"http://schema.org/url": {"expected_type": ["http://schema.org/URL"], "description": "URL of the item."}, "http://schema.org/medicineSystem": {"expected_type": ["http://schema.org/MedicineSystem"], "description": "The system of medicine that includes this MedicalEntity, for example 'evidence-based', 'homeopathic', 'chiropractic', etc."}, "http://schema.org/potentialAction": {"expected_type": ["http://schema.org/Action"], "description": "Indicates a potential Action, which describes an idealized action in which this thing would play an 'object' role."}, "http://schema.org/description": {"expected_type": ["http://schema.org/Text"], "description": "A short description of the item."}, "http://schema.org/relevantSpecialty": {"expected_type": ["http://schema.org/MedicalSpecialty"], "description": "If applicable, a medical specialty in which this entity is relevant."}, "http://schema.org/recognizingAuthority": {"expected_type": ["http://schema.org/Organization"], "description": "If applicable, the organization that officially recognizes this entity as part of its endorsed system of medicine."}, "http://schema.org/mainEntityOfPage": {"expected_type": ["http://schema.org/URL", "http://schema.org/CreativeWork"], "description": "Indicates a page (or other CreativeWork) for which this thing is the main entity being described. See background notes for details. Inverse property: mainEntity."}, "http://schema.org/name": {"expected_type": ["http://schema.org/Text"], "description": "The name of the item."}, "http://schema.org/study": {"expected_type": ["http://schema.org/MedicalStudy"], "description": "A medical study or trial related to this entity."}, "http://schema.org/image": {"expected_type": ["http://schema.org/URL", "http://schema.org/ImageObject"], "description": "An image of the item. This can be a URL or a fully described ImageObject."}, "http://schema.org/alternateName": {"expected_type": ["http://schema.org/Text"], "description": "An alias for the item."}, "http://schema.org/code": {"expected_type": ["http://schema.org/MedicalCode"], "description": "A medical code for the entity, taken from a controlled vocabulary or ontology such as ICD-9, DiseasesDB, MeSH, SNOMED-CT, RxNorm, etc."}, "http://schema.org/additionalType": {"expected_type": ["http://schema.org/URL"], "description": "An additional type for the item, typically used for adding more specific types from external vocabularies in microdata syntax. This is a relationship between something and a class that the thing is in. In RDFa syntax, it is better to use the native RDFa syntax - the 'typeof' attribute - for multiple types. Schema.org tools may have only weaker understanding of extra types, in particular those defined externally."}, "http://schema.org/guideline": {"expected_type": ["http://schema.org/MedicalGuideline"], "description": "A medical guideline related to this entity."}, "http://schema.org/sameAs": {"expected_type": ["http://schema.org/URL"], "description": "URL of a reference Web page that unambiguously indicates the item's identity. E.g. the URL of the item's Wikipedia page, Freebase page, or official website."}}, "http://schema.org/AnatomicalStructure": {"http://schema.org/medicineSystem": {"expected_type": ["http://schema.org/MedicineSystem"], "description": "The system of medicine that includes this MedicalEntity, for example 'evidence-based', 'homeopathic', 'chiropractic', etc."}, "http://schema.org/subStructure": {"expected_type": ["http://schema.org/AnatomicalStructure"], "description": "Component (sub-)structure(s) that comprise this anatomical structure."}, "http://schema.org/potentialAction": {"expected_type": ["http://schema.org/Action"], "description": "Indicates a potential Action, which describes an idealized action in which this thing would play an 'object' role."}, "http://schema.org/name": {"expected_type": ["http://schema.org/Text"], "description": "The name of the item."}, "http://schema.org/url": {"expected_type": ["http://schema.org/URL"], "description": "URL of the item."}, "http://schema.org/alternateName": {"expected_type": ["http://schema.org/Text"], "description": "An alias for the item."}, "http://schema.org/code": {"expected_type": ["http://schema.org/MedicalCode"], "description": "A medical code for the entity, taken from a controlled vocabulary or ontology such as ICD-9, DiseasesDB, MeSH, SNOMED-CT, RxNorm, etc."}, "http://schema.org/guideline": {"expected_type": ["http://schema.org/MedicalGuideline"], "description": "A medical guideline related to this entity."}, "http://schema.org/associatedPathophysiology": {"expected_type": ["http://schema.org/Text"], "description": "If applicable, a description of the pathophysiology associated with the anatomical system, including potential abnormal changes in the mechanical, physical, and biochemical functions of the system."}, "http://schema.org/sameAs": {"expected_type": ["http://schema.org/URL"], "description": "URL of a reference Web page that unambiguously indicates the item's identity. E.g. the URL of the item's Wikipedia page, Freebase page, or official website."}, "http://schema.org/bodyLocation": {"expected_type": ["http://schema.org/Text"], "description": "Location in the body of the anatomical structure."}, "http://schema.org/function": {"expected_type": ["http://schema.org/Text"], "description": "Function of the anatomical structure."}, "http://schema.org/study": {"expected_type": ["http://schema.org/MedicalStudy"], "description": "A medical study or trial related to this entity."}, "http://schema.org/diagram": {"expected_type": ["http://schema.org/ImageObject"], "description": "An image containing a diagram that illustrates the structure and/or its component substructures and/or connections with other structures."}, "http://schema.org/relatedCondition": {"expected_type": ["http://schema.org/MedicalCondition"], "description": "A medical condition associated with this anatomy."}, "http://schema.org/description": {"expected_type": ["http://schema.org/Text"], "description": "A short description of the item."}, "http://schema.org/relevantSpecialty": {"expected_type": ["http://schema.org/MedicalSpecialty"], "description": "If applicable, a medical specialty in which this entity is relevant."}, "http://schema.org/recognizingAuthority": {"expected_type": ["http://schema.org/Organization"], "description": "If applicable, the organization that officially recognizes this entity as part of its endorsed system of medicine."}, "http://schema.org/mainEntityOfPage": {"expected_type": ["http://schema.org/URL", "http://schema.org/CreativeWork"], "description": "Indicates a page (or other CreativeWork) for which this thing is the main entity being described. See background notes for details. Inverse property: mainEntity."}, "http://schema.org/image": {"expected_type": ["http://schema.org/URL", "http://schema.org/ImageObject"], "description": "An image of the item. This can be a URL or a fully described ImageObject."}, "http://schema.org/partOfSystem": {"expected_type": ["http://schema.org/AnatomicalSystem"], "description": "The anatomical or organ system that this structure is part of."}, "http://schema.org/relatedTherapy": {"expected_type": ["http://schema.org/MedicalTherapy"], "description": "A medical therapy related to this anatomy."}, "http://schema.org/additionalType": {"expected_type": ["http://schema.org/URL"], "description": "An additional type for the item, typically used for adding more specific types from external vocabularies in microdata syntax. This is a relationship between something and a class that the thing is in. In RDFa syntax, it is better to use the native RDFa syntax - the 'typeof' attribute - for multiple types. Schema.org tools may have only weaker understanding of extra types, in particular those defined externally."}, "http://schema.org/connectedTo": {"expected_type": ["http://schema.org/AnatomicalStructure"], "description": "Other anatomical structures to which this structure is connected."}}, "http://schema.org/Thing": {"http://schema.org/image": {"expected_type": ["http://schema.org/URL", "http://schema.org/ImageObject"], "description": "An image of the item. This can be a URL or a fully described ImageObject."}, "http://schema.org/url": {"expected_type": ["http://schema.org/URL"], "description": "URL of the item."}, "http://schema.org/alternateName": {"expected_type": ["http://schema.org/Text"], "description": "An alias for the item."}, "http://schema.org/description": {"expected_type": ["http://schema.org/Text"], "description": "A short description of the item."}, "http://schema.org/potentialAction": {"expected_type": ["http://schema.org/Action"], "description": "Indicates a potential Action, which describes an idealized action in which this thing would play an 'object' role."}, "http://schema.org/mainEntityOfPage": {"expected_type": ["http://schema.org/URL", "http://schema.org/CreativeWork"], "description": "Indicates a page (or other CreativeWork) for which this thing is the main entity being described. See background notes for details. Inverse property: mainEntity."}, "http://schema.org/additionalType": {"expected_type": ["http://schema.org/URL"], "description": "An additional type for the item, typically used for adding more specific types from external vocabularies in microdata syntax. This is a relationship between something and a class that the thing is in. In RDFa syntax, it is better to use the native RDFa syntax - the 'typeof' attribute - for multiple types. Schema.org tools may have only weaker understanding of extra types, in particular those defined externally."}, "http://schema.org/name": {"expected_type": ["http://schema.org/Text"], "description": "The name of the item."}, "http://schema.org/sameAs": {"expected_type": ["http://schema.org/URL"], "description": "URL of a reference Web page that unambiguously indicates the item's identity. E.g. the URL of the item's Wikipedia page, Freebase page, or official website."}}}, "description": "Any part of the human body, typically a component of an anatomical system. Organs, tissues, and cells are all anatomical structures.", "format": "http://schema.org/AnatomicalStructure", "id": "AnatomicalStructure.json", "instances": {"http://schema.org/sensoryUnit": {"description": "The neurological pathway extension that inputs and sends information to the brain or spinal cord.", "used_on_types": ["http://schema.org/Nerve"]}, "http://schema.org/branch": {"description": "The branches that delineate from the nerve bundle.", "used_on_types": ["http://schema.org/Nerve"]}, "http://schema.org/regionDrained": {"description": "The anatomical or organ system drained by this vessel; generally refers to a specific part of an organ.", "used_on_types": ["http://schema.org/LymphaticVessel"]}, "http://schema.org/subStructure": {"description": "Component (sub-)structure(s) that comprise this anatomical structure.", "used_on_types": ["http://schema.org/AnatomicalStructure"]}, "http://schema.org/source": {"description": "The anatomical or organ system that the artery originates from.", "used_on_types": ["http://schema.org/Artery"]}, "http://schema.org/arterialBranch": {"description": "The branches that comprise the arterial structure.", "used_on_types": ["http://schema.org/Artery"]}, "http://schema.org/supplyTo": {"description": "The area to which the artery supplies blood.", "used_on_types": ["http://schema.org/Artery"]}, "http://schema.org/insertion": {"description": "The place of attachment of a muscle, or what the muscle moves.", "used_on_types": ["http://schema.org/Muscle"]}, "http://schema.org/relatedStructure": {"description": "Related anatomical structure(s) that are not part of the system but relate or connect to it, such as vascular bundles associated with an organ system.", "used_on_types": ["http://schema.org/AnatomicalSystem"]}, "http://schema.org/comprisedOf": {"description": "The underlying anatomical structures, such as organs, that comprise the anatomical system.", "used_on_types": ["http://schema.org/AnatomicalSystem"]}, "http://schema.org/origin": {"description": "The place or point where a muscle arises.", "used_on_types": ["http://schema.org/Muscle"]}, "http://schema.org/associatedAnatomy": {"description": "The anatomy of the underlying organ system or structures associated with this entity.", "used_on_types": ["http://schema.org/PhysicalActivity"]}, "http://schema.org/relatedAnatomy": {"description": "Anatomical systems or structures that relate to the superficial anatomy.", "used_on_types": ["http://schema.org/SuperficialAnatomy"]}, "http://schema.org/connectedTo": {"description": "Other anatomical structures to which this structure is connected.", "used_on_types": ["http://schema.org/AnatomicalStructure"]}, "http://schema.org/tributary": {"description": "The anatomical or organ system that the vein flows into; a larger structure that the vein connects to.", "used_on_types": ["http://schema.org/Vein"]}}, "title": "AnatomicalStructure"}