{"media": {"type": "application/json;profile=http://schema.org/BusinessFunction"}, "properties": {"http://schema.org/Thing": {"http://schema.org/image": {"expected_type": ["http://schema.org/URL", "http://schema.org/ImageObject"], "description": "An image of the item. This can be a URL or a fully described ImageObject."}, "http://schema.org/url": {"expected_type": ["http://schema.org/URL"], "description": "URL of the item."}, "http://schema.org/alternateName": {"expected_type": ["http://schema.org/Text"], "description": "An alias for the item."}, "http://schema.org/description": {"expected_type": ["http://schema.org/Text"], "description": "A short description of the item."}, "http://schema.org/potentialAction": {"expected_type": ["http://schema.org/Action"], "description": "Indicates a potential Action, which describes an idealized action in which this thing would play an 'object' role."}, "http://schema.org/mainEntityOfPage": {"expected_type": ["http://schema.org/URL", "http://schema.org/CreativeWork"], "description": "Indicates a page (or other CreativeWork) for which this thing is the main entity being described. See background notes for details. Inverse property: mainEntity."}, "http://schema.org/additionalType": {"expected_type": ["http://schema.org/URL"], "description": "An additional type for the item, typically used for adding more specific types from external vocabularies in microdata syntax. This is a relationship between something and a class that the thing is in. In RDFa syntax, it is better to use the native RDFa syntax - the 'typeof' attribute - for multiple types. Schema.org tools may have only weaker understanding of extra types, in particular those defined externally."}, "http://schema.org/name": {"expected_type": ["http://schema.org/Text"], "description": "The name of the item."}, "http://schema.org/sameAs": {"expected_type": ["http://schema.org/URL"], "description": "URL of a reference Web page that unambiguously indicates the item's identity. E.g. the URL of the item's Wikipedia page, Freebase page, or official website."}}, "http://schema.org/Enumeration": {"http://schema.org/image": {"expected_type": ["http://schema.org/URL", "http://schema.org/ImageObject"], "description": "An image of the item. This can be a URL or a fully described ImageObject."}, "http://schema.org/url": {"expected_type": ["http://schema.org/URL"], "description": "URL of the item."}, "http://schema.org/alternateName": {"expected_type": ["http://schema.org/Text"], "description": "An alias for the item."}, "http://schema.org/description": {"expected_type": ["http://schema.org/Text"], "description": "A short description of the item."}, "http://schema.org/potentialAction": {"expected_type": ["http://schema.org/Action"], "description": "Indicates a potential Action, which describes an idealized action in which this thing would play an 'object' role."}, "http://schema.org/mainEntityOfPage": {"expected_type": ["http://schema.org/URL", "http://schema.org/CreativeWork"], "description": "Indicates a page (or other CreativeWork) for which this thing is the main entity being described. See background notes for details. Inverse property: mainEntity."}, "http://schema.org/additionalType": {"expected_type": ["http://schema.org/URL"], "description": "An additional type for the item, typically used for adding more specific types from external vocabularies in microdata syntax. This is a relationship between something and a class that the thing is in. In RDFa syntax, it is better to use the native RDFa syntax - the 'typeof' attribute - for multiple types. Schema.org tools may have only weaker understanding of extra types, in particular those defined externally."}, "http://schema.org/supersededBy": {"expected_type": ["http://schema.org/Class", "http://schema.org/Property", "http://schema.org/Enumeration"], "description": "Relates a term (i.e. a property, class or enumeration) to one that supersedes it."}, "http://schema.org/name": {"expected_type": ["http://schema.org/Text"], "description": "The name of the item."}, "http://schema.org/sameAs": {"expected_type": ["http://schema.org/URL"], "description": "URL of a reference Web page that unambiguously indicates the item's identity. E.g. the URL of the item's Wikipedia page, Freebase page, or official website."}}}, "description": "The business function specifies the type of activity or access (i.e., the bundle of rights) offered by the organization or business person through the offer. Typical are sell, rental or lease, maintenance or repair, manufacture / produce, recycle / dispose, engineering / construction, or installation. Proprietary specifications of access rights are also instances of this class.\n\n    Commonly used values:\n\n    http://purl.org/goodrelations/v1#ConstructionInstallation \n    http://purl.org/goodrelations/v1#Dispose \n    http://purl.org/goodrelations/v1#LeaseOut \n    http://purl.org/goodrelations/v1#Maintain \n    http://purl.org/goodrelations/v1#ProvideService \n    http://purl.org/goodrelations/v1#Repair \n    http://purl.org/goodrelations/v1#Sell \n    http://purl.org/goodrelations/v1#Buy", "format": "http://schema.org/BusinessFunction", "id": "BusinessFunction.json", "instances": {"http://schema.org/businessFunction": {"description": "The business function (e.g. sell, lease, repair, dispose) of the offer or component of a bundle (TypeAndQuantityNode). The default is http://purl.org/goodrelations/v1#Sell.", "used_on_types": ["http://schema.org/Demand"]}}, "title": "BusinessFunction"}