{"media": {"type": "application/json;profile=http://schema.org/CableOrSatelliteService"}, "properties": {"http://schema.org/Service": {"http://schema.org/providerMobility": {"expected_type": ["http://schema.org/Text"], "description": "Indicates the mobility of a provided service (e.g. 'static', 'dynamic')."}, "http://schema.org/review": {"expected_type": ["http://schema.org/Review"], "description": "A review of the item. Supersedes reviews."}, "http://schema.org/potentialAction": {"expected_type": ["http://schema.org/Action"], "description": "Indicates a potential Action, which describes an idealized action in which this thing would play an 'object' role."}, "http://schema.org/aggregateRating": {"expected_type": ["http://schema.org/AggregateRating"], "description": "The overall rating, based on a collection of reviews or ratings, of the item."}, "http://schema.org/name": {"expected_type": ["http://schema.org/Text"], "description": "The name of the item."}, "http://schema.org/hoursAvailable": {"expected_type": ["http://schema.org/OpeningHoursSpecification"], "description": "The hours during which this service or contact is available."}, "http://schema.org/hasOfferCatalog": {"expected_type": ["http://schema.org/OfferCatalog"], "description": "Indicates an OfferCatalog listing for this Organization, Person, or Service."}, "http://schema.org/alternateName": {"expected_type": ["http://schema.org/Text"], "description": "An alias for the item."}, "http://schema.org/award": {"expected_type": ["http://schema.org/Text"], "description": "An award won by or for this item. Supersedes awards."}, "http://schema.org/availableChannel": {"expected_type": ["http://schema.org/ServiceChannel"], "description": "A means of accessing the service (e.g. a phone bank, a web site, a location, etc.)."}, "http://schema.org/sameAs": {"expected_type": ["http://schema.org/URL"], "description": "URL of a reference Web page that unambiguously indicates the item's identity. E.g. the URL of the item's Wikipedia page, Freebase page, or official website."}, "http://schema.org/url": {"expected_type": ["http://schema.org/URL"], "description": "URL of the item."}, "http://schema.org/offers": {"expected_type": ["http://schema.org/Offer"], "description": "An offer to provide this item\u2014for example, an offer to sell a product, rent the DVD of a movie, perform a service, or give away tickets to an event."}, "http://schema.org/serviceOutput": {"expected_type": ["http://schema.org/Thing"], "description": "The tangible thing generated by the service, e.g. a passport, permit, etc. Supersedes produces."}, "http://schema.org/description": {"expected_type": ["http://schema.org/Text"], "description": "A short description of the item."}, "http://schema.org/areaServed": {"expected_type": ["http://schema.org/GeoShape", "http://schema.org/AdministrativeArea", "http://schema.org/Place", "http://schema.org/Text"], "description": "The geographic area where a service or offered item is provided. Supersedes serviceArea."}, "http://schema.org/mainEntityOfPage": {"expected_type": ["http://schema.org/URL", "http://schema.org/CreativeWork"], "description": "Indicates a page (or other CreativeWork) for which this thing is the main entity being described. See background notes for details. Inverse property: mainEntity."}, "http://schema.org/serviceType": {"expected_type": ["http://schema.org/Text"], "description": "The type of service being offered, e.g. veterans' benefits, emergency relief, etc."}, "http://schema.org/image": {"expected_type": ["http://schema.org/URL", "http://schema.org/ImageObject"], "description": "An image of the item. This can be a URL or a fully described ImageObject."}, "http://schema.org/category": {"expected_type": ["http://schema.org/PhysicalActivityCategory", "http://schema.org/Thing", "http://schema.org/Text"], "description": "A category for the item. Greater signs or slashes can be used to informally indicate a category hierarchy."}, "http://schema.org/additionalType": {"expected_type": ["http://schema.org/URL"], "description": "An additional type for the item, typically used for adding more specific types from external vocabularies in microdata syntax. This is a relationship between something and a class that the thing is in. In RDFa syntax, it is better to use the native RDFa syntax - the 'typeof' attribute - for multiple types. Schema.org tools may have only weaker understanding of extra types, in particular those defined externally."}, "http://schema.org/provider": {"expected_type": ["http://schema.org/Organization", "http://schema.org/Person"], "description": "The service provider, service operator, or service performer; the goods producer. Another party (a seller) may offer those services or goods on behalf of the provider. A provider may also serve as the seller. Supersedes carrier."}}, "http://schema.org/Thing": {"http://schema.org/image": {"expected_type": ["http://schema.org/URL", "http://schema.org/ImageObject"], "description": "An image of the item. This can be a URL or a fully described ImageObject."}, "http://schema.org/url": {"expected_type": ["http://schema.org/URL"], "description": "URL of the item."}, "http://schema.org/alternateName": {"expected_type": ["http://schema.org/Text"], "description": "An alias for the item."}, "http://schema.org/description": {"expected_type": ["http://schema.org/Text"], "description": "A short description of the item."}, "http://schema.org/potentialAction": {"expected_type": ["http://schema.org/Action"], "description": "Indicates a potential Action, which describes an idealized action in which this thing would play an 'object' role."}, "http://schema.org/mainEntityOfPage": {"expected_type": ["http://schema.org/URL", "http://schema.org/CreativeWork"], "description": "Indicates a page (or other CreativeWork) for which this thing is the main entity being described. See background notes for details. Inverse property: mainEntity."}, "http://schema.org/additionalType": {"expected_type": ["http://schema.org/URL"], "description": "An additional type for the item, typically used for adding more specific types from external vocabularies in microdata syntax. This is a relationship between something and a class that the thing is in. In RDFa syntax, it is better to use the native RDFa syntax - the 'typeof' attribute - for multiple types. Schema.org tools may have only weaker understanding of extra types, in particular those defined externally."}, "http://schema.org/name": {"expected_type": ["http://schema.org/Text"], "description": "The name of the item."}, "http://schema.org/sameAs": {"expected_type": ["http://schema.org/URL"], "description": "URL of a reference Web page that unambiguously indicates the item's identity. E.g. the URL of the item's Wikipedia page, Freebase page, or official website."}}}, "description": "A service which provides access to media programming like TV or radio. Access may be via cable or satellite.", "format": "http://schema.org/CableOrSatelliteService", "id": "CableOrSatelliteService.json", "instances": {"http://schema.org/inBroadcastLineup": {"description": "The CableOrSatelliteService offering the channel.", "used_on_types": ["http://schema.org/BroadcastChannel"]}}, "title": "CableOrSatelliteService"}