{"media": {"type": "application/json;profile=http://schema.org/ContactPoint"}, "properties": {"http://schema.org/Thing": {"http://schema.org/image": {"expected_type": ["http://schema.org/URL", "http://schema.org/ImageObject"], "description": "An image of the item. This can be a URL or a fully described ImageObject."}, "http://schema.org/url": {"expected_type": ["http://schema.org/URL"], "description": "URL of the item."}, "http://schema.org/alternateName": {"expected_type": ["http://schema.org/Text"], "description": "An alias for the item."}, "http://schema.org/description": {"expected_type": ["http://schema.org/Text"], "description": "A short description of the item."}, "http://schema.org/potentialAction": {"expected_type": ["http://schema.org/Action"], "description": "Indicates a potential Action, which describes an idealized action in which this thing would play an 'object' role."}, "http://schema.org/mainEntityOfPage": {"expected_type": ["http://schema.org/URL", "http://schema.org/CreativeWork"], "description": "Indicates a page (or other CreativeWork) for which this thing is the main entity being described. See background notes for details. Inverse property: mainEntity."}, "http://schema.org/additionalType": {"expected_type": ["http://schema.org/URL"], "description": "An additional type for the item, typically used for adding more specific types from external vocabularies in microdata syntax. This is a relationship between something and a class that the thing is in. In RDFa syntax, it is better to use the native RDFa syntax - the 'typeof' attribute - for multiple types. Schema.org tools may have only weaker understanding of extra types, in particular those defined externally."}, "http://schema.org/name": {"expected_type": ["http://schema.org/Text"], "description": "The name of the item."}, "http://schema.org/sameAs": {"expected_type": ["http://schema.org/URL"], "description": "URL of a reference Web page that unambiguously indicates the item's identity. E.g. the URL of the item's Wikipedia page, Freebase page, or official website."}}, "http://schema.org/ContactPoint": {"http://schema.org/email": {"expected_type": ["http://schema.org/Text"], "description": "Email address."}, "http://schema.org/url": {"expected_type": ["http://schema.org/URL"], "description": "URL of the item."}, "http://schema.org/potentialAction": {"expected_type": ["http://schema.org/Action"], "description": "Indicates a potential Action, which describes an idealized action in which this thing would play an 'object' role."}, "http://schema.org/description": {"expected_type": ["http://schema.org/Text"], "description": "A short description of the item."}, "http://schema.org/image": {"expected_type": ["http://schema.org/URL", "http://schema.org/ImageObject"], "description": "An image of the item. This can be a URL or a fully described ImageObject."}, "http://schema.org/areaServed": {"expected_type": ["http://schema.org/GeoShape", "http://schema.org/AdministrativeArea", "http://schema.org/Place", "http://schema.org/Text"], "description": "The geographic area where a service or offered item is provided. Supersedes serviceArea."}, "http://schema.org/contactOption": {"expected_type": ["http://schema.org/ContactPointOption"], "description": "An option available on this contact point (e.g. a toll-free number or support for hearing-impaired callers)."}, "http://schema.org/name": {"expected_type": ["http://schema.org/Text"], "description": "The name of the item."}, "http://schema.org/hoursAvailable": {"expected_type": ["http://schema.org/OpeningHoursSpecification"], "description": "The hours during which this service or contact is available."}, "http://schema.org/contactType": {"expected_type": ["http://schema.org/Text"], "description": "A person or organization can have different contact points, for different purposes. For example, a sales contact point, a PR contact point and so on. This property is used to specify the kind of contact point."}, "http://schema.org/productSupported": {"expected_type": ["http://schema.org/Text", "http://schema.org/Product"], "description": "The product or service this support contact point is related to (such as product support for a particular product line). This can be a specific product or product line (e.g. \"iPhone\") or a general category of products or services (e.g. \"smartphones\")."}, "http://schema.org/alternateName": {"expected_type": ["http://schema.org/Text"], "description": "An alias for the item."}, "http://schema.org/faxNumber": {"expected_type": ["http://schema.org/Text"], "description": "The fax number."}, "http://schema.org/telephone": {"expected_type": ["http://schema.org/Text"], "description": "The telephone number."}, "http://schema.org/availableLanguage": {"expected_type": ["http://schema.org/Language"], "description": "A language someone may use with the item."}, "http://schema.org/additionalType": {"expected_type": ["http://schema.org/URL"], "description": "An additional type for the item, typically used for adding more specific types from external vocabularies in microdata syntax. This is a relationship between something and a class that the thing is in. In RDFa syntax, it is better to use the native RDFa syntax - the 'typeof' attribute - for multiple types. Schema.org tools may have only weaker understanding of extra types, in particular those defined externally."}, "http://schema.org/mainEntityOfPage": {"expected_type": ["http://schema.org/URL", "http://schema.org/CreativeWork"], "description": "Indicates a page (or other CreativeWork) for which this thing is the main entity being described. See background notes for details. Inverse property: mainEntity."}, "http://schema.org/sameAs": {"expected_type": ["http://schema.org/URL"], "description": "URL of a reference Web page that unambiguously indicates the item's identity. E.g. the URL of the item's Wikipedia page, Freebase page, or official website."}}}, "description": "A contact point\u2014for example, a Customer Complaints department.", "format": "http://schema.org/ContactPoint", "id": "ContactPoint.json", "instances": {"http://schema.org/servicePhone": {"description": "The phone number to use to access the service.", "used_on_types": ["http://schema.org/ServiceChannel"]}, "http://schema.org/workLocation": {"description": "A contact location for a person's place of work.", "used_on_types": ["http://schema.org/Person"]}, "http://schema.org/contactPoint": {"description": "A contact point for a person or organization. Supersedes contactPoints.", "used_on_types": ["http://schema.org/Organization"]}, "http://schema.org/serviceSmsNumber": {"description": "The number to access the service by text message.", "used_on_types": ["http://schema.org/ServiceChannel"]}, "http://schema.org/homeLocation": {"description": "A contact location for a person's residence.", "used_on_types": ["http://schema.org/Person"]}}, "title": "ContactPoint"}