{"media": {"type": "application/json;profile=http://schema.org/Date"}, "properties": {}, "description": "A date value in ISO 8601 date format.", "format": "http://schema.org/Date", "id": "Date.json", "instances": {"http://schema.org/purchaseDate": {"description": "The date the item e.g. vehicle was purchased by the current owner.", "used_on_types": ["http://schema.org/Product"]}, "http://schema.org/dateVehicleFirstRegistered": {"description": "The date of the first registration of the vehicle with the respective public authorities.", "used_on_types": ["http://schema.org/Vehicle"]}, "http://schema.org/vehicleModelDate": {"description": "The release date of a vehicle model (often used to differentiate versions of the same make and model).", "used_on_types": ["http://schema.org/Vehicle"]}, "http://schema.org/uploadDate": {"description": "Date when this media object was uploaded to this site.", "used_on_types": ["http://schema.org/MediaObject"]}, "http://schema.org/productionDate": {"description": "The date of production of the item, e.g. vehicle.", "used_on_types": ["http://schema.org/Product"]}, "http://schema.org/endDate": {"description": "The end date and time of the item (in ISO 8601 date format).", "used_on_types": ["http://schema.org/CreativeWorkSeason"]}, "http://schema.org/scheduledPaymentDate": {"description": "The date the invoice is scheduled to be paid.", "used_on_types": ["http://schema.org/Invoice"]}, "http://schema.org/dateCreated": {"description": "The date on which the CreativeWork was created or the item was added to a DataFeed.", "used_on_types": ["http://schema.org/DataFeedItem"]}, "http://schema.org/lastReviewed": {"description": "Date on which the content on this web page was last reviewed for accuracy and/or completeness.", "used_on_types": ["http://schema.org/WebPage"]}, "http://schema.org/deathDate": {"description": "Date of death.", "used_on_types": ["http://schema.org/Person"]}, "http://schema.org/commentTime": {"description": "The time at which the UserComment was made.", "used_on_types": ["http://schema.org/UserComments"]}, "http://schema.org/birthDate": {"description": "Date of birth.", "used_on_types": ["http://schema.org/Person"]}, "http://schema.org/releaseDate": {"description": "The release date of a product or product model. This can be used to distinguish the exact variant of a product.", "used_on_types": ["http://schema.org/Product"]}, "http://schema.org/expires": {"description": "Date the content expires and is no longer useful or available. Useful for videos.", "used_on_types": ["http://schema.org/MediaObject"]}, "http://schema.org/previousStartDate": {"description": "Used in conjunction with eventStatus for rescheduled or cancelled events. This property contains the previously scheduled start date. For rescheduled events, the startDate property should be used for the newly scheduled start date. In the (rare) case of an event that has been postponed and rescheduled multiple times, this field may be repeated.", "used_on_types": ["http://schema.org/Event"]}, "http://schema.org/datePublished": {"description": "Date of first broadcast/publication.", "used_on_types": ["http://schema.org/CreativeWork"]}, "http://schema.org/dissolutionDate": {"description": "The date that this organization was dissolved.", "used_on_types": ["http://schema.org/Organization"]}, "http://schema.org/validUntil": {"description": "The date when the item is no longer valid.", "used_on_types": ["http://schema.org/Permit"]}, "http://schema.org/foundingDate": {"description": "The date that this organization was founded.", "used_on_types": ["http://schema.org/Organization"]}, "http://schema.org/startDate": {"description": "The start date and time of the item (in ISO 8601 date format).", "used_on_types": ["http://schema.org/CreativeWorkSeason"]}, "http://schema.org/priceValidUntil": {"description": "The date after which the price is no longer available.", "used_on_types": ["http://schema.org/Offer"]}, "http://schema.org/datePosted": {"description": "Publication date for the job posting.", "used_on_types": ["http://schema.org/JobPosting"]}, "http://schema.org/guidelineDate": {"description": "Date on which this guideline's recommendation was made.", "used_on_types": ["http://schema.org/MedicalGuideline"]}, "http://schema.org/dateModified": {"description": "The date on which the CreativeWork was most recently modified or when the item's entry was modified within a DataFeed.", "used_on_types": ["http://schema.org/DataFeedItem"]}}, "title": "Date"}