{"media": {"type": "application/json;profile=http://schema.org/DeliveryMethod"}, "properties": {"http://schema.org/Thing": {"http://schema.org/image": {"expected_type": ["http://schema.org/URL", "http://schema.org/ImageObject"], "description": "An image of the item. This can be a URL or a fully described ImageObject."}, "http://schema.org/url": {"expected_type": ["http://schema.org/URL"], "description": "URL of the item."}, "http://schema.org/alternateName": {"expected_type": ["http://schema.org/Text"], "description": "An alias for the item."}, "http://schema.org/description": {"expected_type": ["http://schema.org/Text"], "description": "A short description of the item."}, "http://schema.org/potentialAction": {"expected_type": ["http://schema.org/Action"], "description": "Indicates a potential Action, which describes an idealized action in which this thing would play an 'object' role."}, "http://schema.org/mainEntityOfPage": {"expected_type": ["http://schema.org/URL", "http://schema.org/CreativeWork"], "description": "Indicates a page (or other CreativeWork) for which this thing is the main entity being described. See background notes for details. Inverse property: mainEntity."}, "http://schema.org/additionalType": {"expected_type": ["http://schema.org/URL"], "description": "An additional type for the item, typically used for adding more specific types from external vocabularies in microdata syntax. This is a relationship between something and a class that the thing is in. In RDFa syntax, it is better to use the native RDFa syntax - the 'typeof' attribute - for multiple types. Schema.org tools may have only weaker understanding of extra types, in particular those defined externally."}, "http://schema.org/name": {"expected_type": ["http://schema.org/Text"], "description": "The name of the item."}, "http://schema.org/sameAs": {"expected_type": ["http://schema.org/URL"], "description": "URL of a reference Web page that unambiguously indicates the item's identity. E.g. the URL of the item's Wikipedia page, Freebase page, or official website."}}, "http://schema.org/Enumeration": {"http://schema.org/image": {"expected_type": ["http://schema.org/URL", "http://schema.org/ImageObject"], "description": "An image of the item. This can be a URL or a fully described ImageObject."}, "http://schema.org/url": {"expected_type": ["http://schema.org/URL"], "description": "URL of the item."}, "http://schema.org/alternateName": {"expected_type": ["http://schema.org/Text"], "description": "An alias for the item."}, "http://schema.org/description": {"expected_type": ["http://schema.org/Text"], "description": "A short description of the item."}, "http://schema.org/potentialAction": {"expected_type": ["http://schema.org/Action"], "description": "Indicates a potential Action, which describes an idealized action in which this thing would play an 'object' role."}, "http://schema.org/mainEntityOfPage": {"expected_type": ["http://schema.org/URL", "http://schema.org/CreativeWork"], "description": "Indicates a page (or other CreativeWork) for which this thing is the main entity being described. See background notes for details. Inverse property: mainEntity."}, "http://schema.org/additionalType": {"expected_type": ["http://schema.org/URL"], "description": "An additional type for the item, typically used for adding more specific types from external vocabularies in microdata syntax. This is a relationship between something and a class that the thing is in. In RDFa syntax, it is better to use the native RDFa syntax - the 'typeof' attribute - for multiple types. Schema.org tools may have only weaker understanding of extra types, in particular those defined externally."}, "http://schema.org/supersededBy": {"expected_type": ["http://schema.org/Class", "http://schema.org/Property", "http://schema.org/Enumeration"], "description": "Relates a term (i.e. a property, class or enumeration) to one that supersedes it."}, "http://schema.org/name": {"expected_type": ["http://schema.org/Text"], "description": "The name of the item."}, "http://schema.org/sameAs": {"expected_type": ["http://schema.org/URL"], "description": "URL of a reference Web page that unambiguously indicates the item's identity. E.g. the URL of the item's Wikipedia page, Freebase page, or official website."}}}, "description": "A delivery method is a standardized procedure for transferring the product or service to the destination of fulfillment chosen by the customer. Delivery methods are characterized by the means of transportation used, and by the organization or group that is the contracting party for the sending organization or person.\n\n    Commonly used values:\n\n    http://purl.org/goodrelations/v1#DeliveryModeDirectDownload \n    http://purl.org/goodrelations/v1#DeliveryModeFreight \n    http://purl.org/goodrelations/v1#DeliveryModeMail \n    http://purl.org/goodrelations/v1#DeliveryModeOwnFleet \n    http://purl.org/goodrelations/v1#DeliveryModePickUp \n    http://purl.org/goodrelations/v1#DHL \n    http://purl.org/goodrelations/v1#FederalExpress \n    http://purl.org/goodrelations/v1#UPS", "format": "http://schema.org/DeliveryMethod", "id": "DeliveryMethod.json", "instances": {"http://schema.org/hasDeliveryMethod": {"description": "Method used for delivery or shipping.", "used_on_types": ["http://schema.org/ParcelDelivery"]}, "http://schema.org/deliveryMethod": {"description": "A sub property of instrument. The method of delivery.", "used_on_types": ["http://schema.org/OrderAction"]}, "http://schema.org/appliesToDeliveryMethod": {"description": "The delivery method(s) to which the delivery charge or payment charge specification applies.", "used_on_types": ["http://schema.org/DeliveryChargeSpecification"]}, "http://schema.org/availableDeliveryMethod": {"description": "The delivery method(s) available for this offer.", "used_on_types": ["http://schema.org/Offer"]}}, "title": "DeliveryMethod"}