{"media": {"type": "application/json;profile=http://schema.org/Duration"}, "properties": {"http://schema.org/Thing": {"http://schema.org/image": {"expected_type": ["http://schema.org/URL", "http://schema.org/ImageObject"], "description": "An image of the item. This can be a URL or a fully described ImageObject."}, "http://schema.org/url": {"expected_type": ["http://schema.org/URL"], "description": "URL of the item."}, "http://schema.org/alternateName": {"expected_type": ["http://schema.org/Text"], "description": "An alias for the item."}, "http://schema.org/description": {"expected_type": ["http://schema.org/Text"], "description": "A short description of the item."}, "http://schema.org/potentialAction": {"expected_type": ["http://schema.org/Action"], "description": "Indicates a potential Action, which describes an idealized action in which this thing would play an 'object' role."}, "http://schema.org/mainEntityOfPage": {"expected_type": ["http://schema.org/URL", "http://schema.org/CreativeWork"], "description": "Indicates a page (or other CreativeWork) for which this thing is the main entity being described. See background notes for details. Inverse property: mainEntity."}, "http://schema.org/additionalType": {"expected_type": ["http://schema.org/URL"], "description": "An additional type for the item, typically used for adding more specific types from external vocabularies in microdata syntax. This is a relationship between something and a class that the thing is in. In RDFa syntax, it is better to use the native RDFa syntax - the 'typeof' attribute - for multiple types. Schema.org tools may have only weaker understanding of extra types, in particular those defined externally."}, "http://schema.org/name": {"expected_type": ["http://schema.org/Text"], "description": "The name of the item."}, "http://schema.org/sameAs": {"expected_type": ["http://schema.org/URL"], "description": "URL of a reference Web page that unambiguously indicates the item's identity. E.g. the URL of the item's Wikipedia page, Freebase page, or official website."}}}, "description": "Quantity: Duration (use  ISO 8601 duration format).", "format": "http://schema.org/Duration", "id": "Duration.json", "instances": {"http://schema.org/processingTime": {"description": "Estimated processing time for the service using this channel.", "used_on_types": ["http://schema.org/ServiceChannel"]}, "http://schema.org/prepTime": {"description": "The length of time it takes to prepare the recipe, in ISO 8601 duration format.", "used_on_types": ["http://schema.org/Recipe"]}, "http://schema.org/activityDuration": {"description": "Length of time to engage in the activity.", "used_on_types": ["http://schema.org/ExercisePlan"]}, "http://schema.org/validFor": {"description": "The time validity of the permit.", "used_on_types": ["http://schema.org/Permit"]}, "http://schema.org/billingPeriod": {"description": "The time interval used to compute the invoice.", "used_on_types": ["http://schema.org/Invoice"]}, "http://schema.org/totalTime": {"description": "The total time it takes to prepare and cook the recipe, in ISO 8601 duration format.", "used_on_types": ["http://schema.org/Recipe"]}, "http://schema.org/duration": {"description": "The duration of the item (movie, audio recording, event, etc.) in ISO 8601 date format.", "used_on_types": ["http://schema.org/Movie"]}, "http://schema.org/cookTime": {"description": "The time it takes to actually cook the dish, in ISO 8601 duration format.", "used_on_types": ["http://schema.org/Recipe"]}, "http://schema.org/estimatedFlightDuration": {"description": "The estimated time the flight will take.", "used_on_types": ["http://schema.org/Flight"]}, "http://schema.org/timeRequired": {"description": "Approximate or typical time it takes to work with or through this learning resource for the typical intended target audience, e.g. 'P30M', 'P1H25M'.", "used_on_types": ["http://schema.org/CreativeWork"]}}, "title": "Duration"}