{"media": {"type": "application/json;profile=http://schema.org/EducationalOrganization"}, "properties": {"http://schema.org/EducationalOrganization": {"http://schema.org/member": {"expected_type": ["http://schema.org/Organization", "http://schema.org/Person"], "description": "A member of an Organization or a ProgramMembership. Organizations can be members of organizations; ProgramMembership is typically for individuals. Supersedes musicGroupMember, members. Inverse property: memberOf."}, "http://schema.org/parentOrganization": {"expected_type": ["http://schema.org/Organization"], "description": "The larger organization that this organization is a branch of, if any. Supersedes branchOf. Inverse property: subOrganization."}, "http://schema.org/memberOf": {"expected_type": ["http://schema.org/ProgramMembership", "http://schema.org/Organization"], "description": "An Organization (or ProgramMembership) to which this Person or Organization belongs. Inverse property: member."}, "http://schema.org/aggregateRating": {"expected_type": ["http://schema.org/AggregateRating"], "description": "The overall rating, based on a collection of reviews or ratings, of the item."}, "http://schema.org/address": {"expected_type": ["http://schema.org/PostalAddress", "http://schema.org/Text"], "description": "Physical address of the item."}, "http://schema.org/name": {"expected_type": ["http://schema.org/Text"], "description": "The name of the item."}, "http://schema.org/hasOfferCatalog": {"expected_type": ["http://schema.org/OfferCatalog"], "description": "Indicates an OfferCatalog listing for this Organization, Person, or Service."}, "http://schema.org/foundingLocation": {"expected_type": ["http://schema.org/Place"], "description": "The place where the Organization was founded."}, "http://schema.org/owns": {"expected_type": ["http://schema.org/Product", "http://schema.org/OwnershipInfo"], "description": "Products owned by the organization or person."}, "http://schema.org/review": {"expected_type": ["http://schema.org/Review"], "description": "A review of the item. Supersedes reviews."}, "http://schema.org/telephone": {"expected_type": ["http://schema.org/Text"], "description": "The telephone number."}, "http://schema.org/location": {"expected_type": ["http://schema.org/PostalAddress", "http://schema.org/Place", "http://schema.org/Text"], "description": "The location of for example where the event is happening, an organization is located, or where an action takes place."}, "http://schema.org/department": {"expected_type": ["http://schema.org/Organization"], "description": "A relationship between an organization and a department of that organization, also described as an organization (allowing different urls, logos, opening hours). For example: a store with a pharmacy, or a bakery with a cafe."}, "http://schema.org/description": {"expected_type": ["http://schema.org/Text"], "description": "A short description of the item."}, "http://schema.org/makesOffer": {"expected_type": ["http://schema.org/Offer"], "description": "A pointer to products or services offered by the organization or person. Inverse property: offeredBy."}, "http://schema.org/event": {"expected_type": ["http://schema.org/Event"], "description": "Upcoming or past event associated with this place, organization, or action. Supersedes events."}, "http://schema.org/isicV4": {"expected_type": ["http://schema.org/Text"], "description": "The International Standard of Industrial Classification of All Economic Activities (ISIC), Revision 4 code for a particular organization, business person, or place."}, "http://schema.org/founder": {"expected_type": ["http://schema.org/Person"], "description": "A person who founded this organization. Supersedes founders."}, "http://schema.org/legalName": {"expected_type": ["http://schema.org/Text"], "description": "The official name of the organization, e.g. the registered company name."}, "http://schema.org/vatID": {"expected_type": ["http://schema.org/Text"], "description": "The Value-added Tax ID of the organization or person."}, "http://schema.org/image": {"expected_type": ["http://schema.org/URL", "http://schema.org/ImageObject"], "description": "An image of the item. This can be a URL or a fully described ImageObject."}, "http://schema.org/dissolutionDate": {"expected_type": ["http://schema.org/Date"], "description": "The date that this organization was dissolved."}, "http://schema.org/hasPOS": {"expected_type": ["http://schema.org/Place"], "description": "Points-of-Sales operated by the organization or person."}, "http://schema.org/email": {"expected_type": ["http://schema.org/Text"], "description": "Email address."}, "http://schema.org/url": {"expected_type": ["http://schema.org/URL"], "description": "URL of the item."}, "http://schema.org/taxID": {"expected_type": ["http://schema.org/Text"], "description": "The Tax / Fiscal ID of the organization or person, e.g. the TIN in the US or the CIF/NIF in Spain."}, "http://schema.org/potentialAction": {"expected_type": ["http://schema.org/Action"], "description": "Indicates a potential Action, which describes an idealized action in which this thing would play an 'object' role."}, "http://schema.org/alumni": {"expected_type": ["http://schema.org/Person"], "description": "Alumni of an organization. Inverse property: alumniOf."}, "http://schema.org/sameAs": {"expected_type": ["http://schema.org/URL"], "description": "URL of a reference Web page that unambiguously indicates the item's identity. E.g. the URL of the item's Wikipedia page, Freebase page, or official website."}, "http://schema.org/employee": {"expected_type": ["http://schema.org/Person"], "description": "Someone working for this organization. Supersedes employees."}, "http://schema.org/alternateName": {"expected_type": ["http://schema.org/Text"], "description": "An alias for the item."}, "http://schema.org/brand": {"expected_type": ["http://schema.org/Brand", "http://schema.org/Organization"], "description": "The brand(s) associated with a product or service, or the brand(s) maintained by an organization or business person."}, "http://schema.org/duns": {"expected_type": ["http://schema.org/Text"], "description": "The Dun & Bradstreet DUNS number for identifying an organization or business person."}, "http://schema.org/award": {"expected_type": ["http://schema.org/Text"], "description": "An award won by or for this item. Supersedes awards."}, "http://schema.org/numberOfEmployees": {"expected_type": ["http://schema.org/QuantitativeValue"], "description": "The number of employees in an organization e.g. business."}, "http://schema.org/seeks": {"expected_type": ["http://schema.org/Demand"], "description": "A pointer to products or services sought by the organization or person (demand)."}, "http://schema.org/areaServed": {"expected_type": ["http://schema.org/GeoShape", "http://schema.org/AdministrativeArea", "http://schema.org/Place", "http://schema.org/Text"], "description": "The geographic area where a service or offered item is provided. Supersedes serviceArea."}, "http://schema.org/mainEntityOfPage": {"expected_type": ["http://schema.org/URL", "http://schema.org/CreativeWork"], "description": "Indicates a page (or other CreativeWork) for which this thing is the main entity being described. See background notes for details. Inverse property: mainEntity."}, "http://schema.org/contactPoint": {"expected_type": ["http://schema.org/ContactPoint"], "description": "A contact point for a person or organization. Supersedes contactPoints."}, "http://schema.org/subOrganization": {"expected_type": ["http://schema.org/Organization"], "description": "A relationship between two organizations where the first includes the second, e.g., as a subsidiary. See also: the more specific 'department' property. Inverse property: parentOrganization."}, "http://schema.org/globalLocationNumber": {"expected_type": ["http://schema.org/Text"], "description": "The Global Location Number (GLN, sometimes also referred to as International Location Number or ILN) of the respective organization, person, or place. The GLN is a 13-digit number used to identify parties and physical locations."}, "http://schema.org/foundingDate": {"expected_type": ["http://schema.org/Date"], "description": "The date that this organization was founded."}, "http://schema.org/faxNumber": {"expected_type": ["http://schema.org/Text"], "description": "The fax number."}, "http://schema.org/additionalType": {"expected_type": ["http://schema.org/URL"], "description": "An additional type for the item, typically used for adding more specific types from external vocabularies in microdata syntax. This is a relationship between something and a class that the thing is in. In RDFa syntax, it is better to use the native RDFa syntax - the 'typeof' attribute - for multiple types. Schema.org tools may have only weaker understanding of extra types, in particular those defined externally."}, "http://schema.org/naics": {"expected_type": ["http://schema.org/Text"], "description": "The North American Industry Classification System (NAICS) code for a particular organization or business person."}, "http://schema.org/logo": {"expected_type": ["http://schema.org/URL", "http://schema.org/ImageObject"], "description": "An associated logo."}}, "http://schema.org/Thing": {"http://schema.org/image": {"expected_type": ["http://schema.org/URL", "http://schema.org/ImageObject"], "description": "An image of the item. This can be a URL or a fully described ImageObject."}, "http://schema.org/url": {"expected_type": ["http://schema.org/URL"], "description": "URL of the item."}, "http://schema.org/alternateName": {"expected_type": ["http://schema.org/Text"], "description": "An alias for the item."}, "http://schema.org/description": {"expected_type": ["http://schema.org/Text"], "description": "A short description of the item."}, "http://schema.org/potentialAction": {"expected_type": ["http://schema.org/Action"], "description": "Indicates a potential Action, which describes an idealized action in which this thing would play an 'object' role."}, "http://schema.org/mainEntityOfPage": {"expected_type": ["http://schema.org/URL", "http://schema.org/CreativeWork"], "description": "Indicates a page (or other CreativeWork) for which this thing is the main entity being described. See background notes for details. Inverse property: mainEntity."}, "http://schema.org/additionalType": {"expected_type": ["http://schema.org/URL"], "description": "An additional type for the item, typically used for adding more specific types from external vocabularies in microdata syntax. This is a relationship between something and a class that the thing is in. In RDFa syntax, it is better to use the native RDFa syntax - the 'typeof' attribute - for multiple types. Schema.org tools may have only weaker understanding of extra types, in particular those defined externally."}, "http://schema.org/name": {"expected_type": ["http://schema.org/Text"], "description": "The name of the item."}, "http://schema.org/sameAs": {"expected_type": ["http://schema.org/URL"], "description": "URL of a reference Web page that unambiguously indicates the item's identity. E.g. the URL of the item's Wikipedia page, Freebase page, or official website."}}, "http://schema.org/Organization": {"http://schema.org/member": {"expected_type": ["http://schema.org/Organization", "http://schema.org/Person"], "description": "A member of an Organization or a ProgramMembership. Organizations can be members of organizations; ProgramMembership is typically for individuals. Supersedes musicGroupMember, members. Inverse property: memberOf."}, "http://schema.org/parentOrganization": {"expected_type": ["http://schema.org/Organization"], "description": "The larger organization that this organization is a branch of, if any. Supersedes branchOf. Inverse property: subOrganization."}, "http://schema.org/memberOf": {"expected_type": ["http://schema.org/ProgramMembership", "http://schema.org/Organization"], "description": "An Organization (or ProgramMembership) to which this Person or Organization belongs. Inverse property: member."}, "http://schema.org/aggregateRating": {"expected_type": ["http://schema.org/AggregateRating"], "description": "The overall rating, based on a collection of reviews or ratings, of the item."}, "http://schema.org/address": {"expected_type": ["http://schema.org/PostalAddress", "http://schema.org/Text"], "description": "Physical address of the item."}, "http://schema.org/name": {"expected_type": ["http://schema.org/Text"], "description": "The name of the item."}, "http://schema.org/hasOfferCatalog": {"expected_type": ["http://schema.org/OfferCatalog"], "description": "Indicates an OfferCatalog listing for this Organization, Person, or Service."}, "http://schema.org/foundingLocation": {"expected_type": ["http://schema.org/Place"], "description": "The place where the Organization was founded."}, "http://schema.org/owns": {"expected_type": ["http://schema.org/Product", "http://schema.org/OwnershipInfo"], "description": "Products owned by the organization or person."}, "http://schema.org/review": {"expected_type": ["http://schema.org/Review"], "description": "A review of the item. Supersedes reviews."}, "http://schema.org/telephone": {"expected_type": ["http://schema.org/Text"], "description": "The telephone number."}, "http://schema.org/location": {"expected_type": ["http://schema.org/PostalAddress", "http://schema.org/Place", "http://schema.org/Text"], "description": "The location of for example where the event is happening, an organization is located, or where an action takes place."}, "http://schema.org/department": {"expected_type": ["http://schema.org/Organization"], "description": "A relationship between an organization and a department of that organization, also described as an organization (allowing different urls, logos, opening hours). For example: a store with a pharmacy, or a bakery with a cafe."}, "http://schema.org/description": {"expected_type": ["http://schema.org/Text"], "description": "A short description of the item."}, "http://schema.org/makesOffer": {"expected_type": ["http://schema.org/Offer"], "description": "A pointer to products or services offered by the organization or person. Inverse property: offeredBy."}, "http://schema.org/event": {"expected_type": ["http://schema.org/Event"], "description": "Upcoming or past event associated with this place, organization, or action. Supersedes events."}, "http://schema.org/isicV4": {"expected_type": ["http://schema.org/Text"], "description": "The International Standard of Industrial Classification of All Economic Activities (ISIC), Revision 4 code for a particular organization, business person, or place."}, "http://schema.org/founder": {"expected_type": ["http://schema.org/Person"], "description": "A person who founded this organization. Supersedes founders."}, "http://schema.org/legalName": {"expected_type": ["http://schema.org/Text"], "description": "The official name of the organization, e.g. the registered company name."}, "http://schema.org/vatID": {"expected_type": ["http://schema.org/Text"], "description": "The Value-added Tax ID of the organization or person."}, "http://schema.org/image": {"expected_type": ["http://schema.org/URL", "http://schema.org/ImageObject"], "description": "An image of the item. This can be a URL or a fully described ImageObject."}, "http://schema.org/dissolutionDate": {"expected_type": ["http://schema.org/Date"], "description": "The date that this organization was dissolved."}, "http://schema.org/hasPOS": {"expected_type": ["http://schema.org/Place"], "description": "Points-of-Sales operated by the organization or person."}, "http://schema.org/email": {"expected_type": ["http://schema.org/Text"], "description": "Email address."}, "http://schema.org/url": {"expected_type": ["http://schema.org/URL"], "description": "URL of the item."}, "http://schema.org/taxID": {"expected_type": ["http://schema.org/Text"], "description": "The Tax / Fiscal ID of the organization or person, e.g. the TIN in the US or the CIF/NIF in Spain."}, "http://schema.org/potentialAction": {"expected_type": ["http://schema.org/Action"], "description": "Indicates a potential Action, which describes an idealized action in which this thing would play an 'object' role."}, "http://schema.org/alumni": {"expected_type": ["http://schema.org/Person"], "description": "Alumni of an organization. Inverse property: alumniOf."}, "http://schema.org/sameAs": {"expected_type": ["http://schema.org/URL"], "description": "URL of a reference Web page that unambiguously indicates the item's identity. E.g. the URL of the item's Wikipedia page, Freebase page, or official website."}, "http://schema.org/employee": {"expected_type": ["http://schema.org/Person"], "description": "Someone working for this organization. Supersedes employees."}, "http://schema.org/alternateName": {"expected_type": ["http://schema.org/Text"], "description": "An alias for the item."}, "http://schema.org/brand": {"expected_type": ["http://schema.org/Brand", "http://schema.org/Organization"], "description": "The brand(s) associated with a product or service, or the brand(s) maintained by an organization or business person."}, "http://schema.org/duns": {"expected_type": ["http://schema.org/Text"], "description": "The Dun & Bradstreet DUNS number for identifying an organization or business person."}, "http://schema.org/award": {"expected_type": ["http://schema.org/Text"], "description": "An award won by or for this item. Supersedes awards."}, "http://schema.org/numberOfEmployees": {"expected_type": ["http://schema.org/QuantitativeValue"], "description": "The number of employees in an organization e.g. business."}, "http://schema.org/seeks": {"expected_type": ["http://schema.org/Demand"], "description": "A pointer to products or services sought by the organization or person (demand)."}, "http://schema.org/areaServed": {"expected_type": ["http://schema.org/GeoShape", "http://schema.org/AdministrativeArea", "http://schema.org/Place", "http://schema.org/Text"], "description": "The geographic area where a service or offered item is provided. Supersedes serviceArea."}, "http://schema.org/mainEntityOfPage": {"expected_type": ["http://schema.org/URL", "http://schema.org/CreativeWork"], "description": "Indicates a page (or other CreativeWork) for which this thing is the main entity being described. See background notes for details. Inverse property: mainEntity."}, "http://schema.org/contactPoint": {"expected_type": ["http://schema.org/ContactPoint"], "description": "A contact point for a person or organization. Supersedes contactPoints."}, "http://schema.org/subOrganization": {"expected_type": ["http://schema.org/Organization"], "description": "A relationship between two organizations where the first includes the second, e.g., as a subsidiary. See also: the more specific 'department' property. Inverse property: parentOrganization."}, "http://schema.org/globalLocationNumber": {"expected_type": ["http://schema.org/Text"], "description": "The Global Location Number (GLN, sometimes also referred to as International Location Number or ILN) of the respective organization, person, or place. The GLN is a 13-digit number used to identify parties and physical locations."}, "http://schema.org/foundingDate": {"expected_type": ["http://schema.org/Date"], "description": "The date that this organization was founded."}, "http://schema.org/faxNumber": {"expected_type": ["http://schema.org/Text"], "description": "The fax number."}, "http://schema.org/additionalType": {"expected_type": ["http://schema.org/URL"], "description": "An additional type for the item, typically used for adding more specific types from external vocabularies in microdata syntax. This is a relationship between something and a class that the thing is in. In RDFa syntax, it is better to use the native RDFa syntax - the 'typeof' attribute - for multiple types. Schema.org tools may have only weaker understanding of extra types, in particular those defined externally."}, "http://schema.org/naics": {"expected_type": ["http://schema.org/Text"], "description": "The North American Industry Classification System (NAICS) code for a particular organization or business person."}, "http://schema.org/logo": {"expected_type": ["http://schema.org/URL", "http://schema.org/ImageObject"], "description": "An associated logo."}}}, "description": "An educational organization.", "format": "http://schema.org/EducationalOrganization", "id": "EducationalOrganization.json", "instances": {"http://schema.org/alumniOf": {"description": "An organization that the person is an alumni of. inverse property: alumni.", "used_on_types": ["http://schema.org/Person"]}}, "title": "EducationalOrganization"}