{"media": {"type": "application/json;profile=http://schema.org/Flight"}, "properties": {"http://schema.org/Flight": {"http://schema.org/flightNumber": {"expected_type": ["http://schema.org/Text"], "description": "The unique identifier for a flight including the airline IATA code. For example, if describing United flight 110, where the IATA code for United is 'UA', the flightNumber is 'UA110'."}, "http://schema.org/url": {"expected_type": ["http://schema.org/URL"], "description": "URL of the item."}, "http://schema.org/arrivalTerminal": {"expected_type": ["http://schema.org/Text"], "description": "Identifier of the flight's arrival terminal."}, "http://schema.org/mealService": {"expected_type": ["http://schema.org/Text"], "description": "Description of the meals that will be provided or available for purchase."}, "http://schema.org/potentialAction": {"expected_type": ["http://schema.org/Action"], "description": "Indicates a potential Action, which describes an idealized action in which this thing would play an 'object' role."}, "http://schema.org/name": {"expected_type": ["http://schema.org/Text"], "description": "The name of the item."}, "http://schema.org/boardingPolicy": {"expected_type": ["http://schema.org/BoardingPolicyType"], "description": "The type of boarding policy used by the airline (e.g. zone-based or group-based)."}, "http://schema.org/departureAirport": {"expected_type": ["http://schema.org/Airport"], "description": "The airport where the flight originates."}, "http://schema.org/flightDistance": {"expected_type": ["http://schema.org/Distance", "http://schema.org/Text"], "description": "The distance of the flight."}, "http://schema.org/seller": {"expected_type": ["http://schema.org/Organization", "http://schema.org/Person"], "description": "An entity which offers (sells / leases / lends / loans) the services / goods. A seller may also be a provider. Supersedes merchant, vendor."}, "http://schema.org/alternateName": {"expected_type": ["http://schema.org/Text"], "description": "An alias for the item."}, "http://schema.org/additionalType": {"expected_type": ["http://schema.org/URL"], "description": "An additional type for the item, typically used for adding more specific types from external vocabularies in microdata syntax. This is a relationship between something and a class that the thing is in. In RDFa syntax, it is better to use the native RDFa syntax - the 'typeof' attribute - for multiple types. Schema.org tools may have only weaker understanding of extra types, in particular those defined externally."}, "http://schema.org/departureTime": {"expected_type": ["http://schema.org/DateTime"], "description": "The expected departure time."}, "http://schema.org/provider": {"expected_type": ["http://schema.org/Organization", "http://schema.org/Person"], "description": "The service provider, service operator, or service performer; the goods producer. Another party (a seller) may offer those services or goods on behalf of the provider. A provider may also serve as the seller. Supersedes carrier."}, "http://schema.org/description": {"expected_type": ["http://schema.org/Text"], "description": "A short description of the item."}, "http://schema.org/arrivalAirport": {"expected_type": ["http://schema.org/Airport"], "description": "The airport where the flight terminates."}, "http://schema.org/departureGate": {"expected_type": ["http://schema.org/Text"], "description": "Identifier of the flight's departure gate."}, "http://schema.org/mainEntityOfPage": {"expected_type": ["http://schema.org/URL", "http://schema.org/CreativeWork"], "description": "Indicates a page (or other CreativeWork) for which this thing is the main entity being described. See background notes for details. Inverse property: mainEntity."}, "http://schema.org/sameAs": {"expected_type": ["http://schema.org/URL"], "description": "URL of a reference Web page that unambiguously indicates the item's identity. E.g. the URL of the item's Wikipedia page, Freebase page, or official website."}, "http://schema.org/webCheckinTime": {"expected_type": ["http://schema.org/DateTime"], "description": "The time when a passenger can check into the flight online."}, "http://schema.org/arrivalTime": {"expected_type": ["http://schema.org/DateTime"], "description": "The expected arrival time."}, "http://schema.org/image": {"expected_type": ["http://schema.org/URL", "http://schema.org/ImageObject"], "description": "An image of the item. This can be a URL or a fully described ImageObject."}, "http://schema.org/arrivalGate": {"expected_type": ["http://schema.org/Text"], "description": "Identifier of the flight's arrival gate."}, "http://schema.org/departureTerminal": {"expected_type": ["http://schema.org/Text"], "description": "Identifier of the flight's departure terminal."}, "http://schema.org/estimatedFlightDuration": {"expected_type": ["http://schema.org/Duration", "http://schema.org/Text"], "description": "The estimated time the flight will take."}, "http://schema.org/aircraft": {"expected_type": ["http://schema.org/Vehicle", "http://schema.org/Text"], "description": "The kind of aircraft (e.g., \"Boeing 747\")."}}, "http://schema.org/Thing": {"http://schema.org/image": {"expected_type": ["http://schema.org/URL", "http://schema.org/ImageObject"], "description": "An image of the item. This can be a URL or a fully described ImageObject."}, "http://schema.org/url": {"expected_type": ["http://schema.org/URL"], "description": "URL of the item."}, "http://schema.org/alternateName": {"expected_type": ["http://schema.org/Text"], "description": "An alias for the item."}, "http://schema.org/description": {"expected_type": ["http://schema.org/Text"], "description": "A short description of the item."}, "http://schema.org/potentialAction": {"expected_type": ["http://schema.org/Action"], "description": "Indicates a potential Action, which describes an idealized action in which this thing would play an 'object' role."}, "http://schema.org/mainEntityOfPage": {"expected_type": ["http://schema.org/URL", "http://schema.org/CreativeWork"], "description": "Indicates a page (or other CreativeWork) for which this thing is the main entity being described. See background notes for details. Inverse property: mainEntity."}, "http://schema.org/additionalType": {"expected_type": ["http://schema.org/URL"], "description": "An additional type for the item, typically used for adding more specific types from external vocabularies in microdata syntax. This is a relationship between something and a class that the thing is in. In RDFa syntax, it is better to use the native RDFa syntax - the 'typeof' attribute - for multiple types. Schema.org tools may have only weaker understanding of extra types, in particular those defined externally."}, "http://schema.org/name": {"expected_type": ["http://schema.org/Text"], "description": "The name of the item."}, "http://schema.org/sameAs": {"expected_type": ["http://schema.org/URL"], "description": "URL of a reference Web page that unambiguously indicates the item's identity. E.g. the URL of the item's Wikipedia page, Freebase page, or official website."}}}, "description": "An airline flight.", "format": "http://schema.org/Flight", "id": "Flight.json", "instances": {}, "title": "Flight"}