{"media": {"type": "application/json;profile=http://schema.org/JobPosting"}, "properties": {"http://schema.org/Thing": {"http://schema.org/image": {"expected_type": ["http://schema.org/URL", "http://schema.org/ImageObject"], "description": "An image of the item. This can be a URL or a fully described ImageObject."}, "http://schema.org/url": {"expected_type": ["http://schema.org/URL"], "description": "URL of the item."}, "http://schema.org/alternateName": {"expected_type": ["http://schema.org/Text"], "description": "An alias for the item."}, "http://schema.org/description": {"expected_type": ["http://schema.org/Text"], "description": "A short description of the item."}, "http://schema.org/potentialAction": {"expected_type": ["http://schema.org/Action"], "description": "Indicates a potential Action, which describes an idealized action in which this thing would play an 'object' role."}, "http://schema.org/mainEntityOfPage": {"expected_type": ["http://schema.org/URL", "http://schema.org/CreativeWork"], "description": "Indicates a page (or other CreativeWork) for which this thing is the main entity being described. See background notes for details. Inverse property: mainEntity."}, "http://schema.org/additionalType": {"expected_type": ["http://schema.org/URL"], "description": "An additional type for the item, typically used for adding more specific types from external vocabularies in microdata syntax. This is a relationship between something and a class that the thing is in. In RDFa syntax, it is better to use the native RDFa syntax - the 'typeof' attribute - for multiple types. Schema.org tools may have only weaker understanding of extra types, in particular those defined externally."}, "http://schema.org/name": {"expected_type": ["http://schema.org/Text"], "description": "The name of the item."}, "http://schema.org/sameAs": {"expected_type": ["http://schema.org/URL"], "description": "URL of a reference Web page that unambiguously indicates the item's identity. E.g. the URL of the item's Wikipedia page, Freebase page, or official website."}}, "http://schema.org/JobPosting": {"http://schema.org/hiringOrganization": {"expected_type": ["http://schema.org/Organization"], "description": "Organization offering the job position."}, "http://schema.org/url": {"expected_type": ["http://schema.org/URL"], "description": "URL of the item."}, "http://schema.org/salaryCurrency": {"expected_type": ["http://schema.org/Text"], "description": "The currency (coded using ISO 4217, http://en.wikipedia.org/wiki/ISO_4217 ) used for the main salary information in this job posting or for this employee."}, "http://schema.org/occupationalCategory": {"expected_type": ["http://schema.org/Text"], "description": "Category or categories describing the job. Use BLS O*NET-SOC taxonomy: http://www.onetcenter.org/taxonomy.html. Ideally includes textual label and formal code, with the property repeated for each applicable value."}, "http://schema.org/incentiveCompensation": {"expected_type": ["http://schema.org/Text"], "description": "Description of bonus and commission compensation aspects of the job. Supersedes incentives."}, "http://schema.org/skills": {"expected_type": ["http://schema.org/Text"], "description": "Skills required to fulfill this role."}, "http://schema.org/potentialAction": {"expected_type": ["http://schema.org/Action"], "description": "Indicates a potential Action, which describes an idealized action in which this thing would play an 'object' role."}, "http://schema.org/name": {"expected_type": ["http://schema.org/Text"], "description": "The name of the item."}, "http://schema.org/baseSalary": {"expected_type": ["http://schema.org/PriceSpecification", "http://schema.org/Number"], "description": "The base salary of the job or of an employee in an EmployeeRole."}, "http://schema.org/jobLocation": {"expected_type": ["http://schema.org/Place"], "description": "A (typically single) geographic location associated with the job position."}, "http://schema.org/jobBenefits": {"expected_type": ["http://schema.org/Text"], "description": "Description of benefits associated with the job. Supersedes benefits."}, "http://schema.org/experienceRequirements": {"expected_type": ["http://schema.org/Text"], "description": "Description of skills and experience needed for the position."}, "http://schema.org/alternateName": {"expected_type": ["http://schema.org/Text"], "description": "An alias for the item."}, "http://schema.org/workHours": {"expected_type": ["http://schema.org/Text"], "description": "The typical working hours for this job (e.g. 1st shift, night shift, 8am-5pm)."}, "http://schema.org/responsibilities": {"expected_type": ["http://schema.org/Text"], "description": "Responsibilities associated with this role."}, "http://schema.org/sameAs": {"expected_type": ["http://schema.org/URL"], "description": "URL of a reference Web page that unambiguously indicates the item's identity. E.g. the URL of the item's Wikipedia page, Freebase page, or official website."}, "http://schema.org/industry": {"expected_type": ["http://schema.org/Text"], "description": "The industry associated with the job position."}, "http://schema.org/title": {"expected_type": ["http://schema.org/Text"], "description": "The title of the job."}, "http://schema.org/description": {"expected_type": ["http://schema.org/Text"], "description": "A short description of the item."}, "http://schema.org/specialCommitments": {"expected_type": ["http://schema.org/Text"], "description": "Any special commitments associated with this job posting. Valid entries include VeteranCommit, MilitarySpouseCommit, etc."}, "http://schema.org/mainEntityOfPage": {"expected_type": ["http://schema.org/URL", "http://schema.org/CreativeWork"], "description": "Indicates a page (or other CreativeWork) for which this thing is the main entity being described. See background notes for details. Inverse property: mainEntity."}, "http://schema.org/educationRequirements": {"expected_type": ["http://schema.org/Text"], "description": "Educational background needed for the position."}, "http://schema.org/image": {"expected_type": ["http://schema.org/URL", "http://schema.org/ImageObject"], "description": "An image of the item. This can be a URL or a fully described ImageObject."}, "http://schema.org/employmentType": {"expected_type": ["http://schema.org/Text"], "description": "Type of employment (e.g. full-time, part-time, contract, temporary, seasonal, internship)."}, "http://schema.org/qualifications": {"expected_type": ["http://schema.org/Text"], "description": "Specific qualifications required for this role."}, "http://schema.org/additionalType": {"expected_type": ["http://schema.org/URL"], "description": "An additional type for the item, typically used for adding more specific types from external vocabularies in microdata syntax. This is a relationship between something and a class that the thing is in. In RDFa syntax, it is better to use the native RDFa syntax - the 'typeof' attribute - for multiple types. Schema.org tools may have only weaker understanding of extra types, in particular those defined externally."}, "http://schema.org/datePosted": {"expected_type": ["http://schema.org/Date"], "description": "Publication date for the job posting."}}}, "description": "A listing that describes a job opening in a certain organization.", "format": "http://schema.org/JobPosting", "id": "JobPosting.json", "instances": {}, "title": "JobPosting"}