{"media": {"type": "application/json;profile=http://schema.org/MedicalCondition"}, "properties": {"http://schema.org/MedicalEntity": {"http://schema.org/url": {"expected_type": ["http://schema.org/URL"], "description": "URL of the item."}, "http://schema.org/medicineSystem": {"expected_type": ["http://schema.org/MedicineSystem"], "description": "The system of medicine that includes this MedicalEntity, for example 'evidence-based', 'homeopathic', 'chiropractic', etc."}, "http://schema.org/potentialAction": {"expected_type": ["http://schema.org/Action"], "description": "Indicates a potential Action, which describes an idealized action in which this thing would play an 'object' role."}, "http://schema.org/description": {"expected_type": ["http://schema.org/Text"], "description": "A short description of the item."}, "http://schema.org/relevantSpecialty": {"expected_type": ["http://schema.org/MedicalSpecialty"], "description": "If applicable, a medical specialty in which this entity is relevant."}, "http://schema.org/recognizingAuthority": {"expected_type": ["http://schema.org/Organization"], "description": "If applicable, the organization that officially recognizes this entity as part of its endorsed system of medicine."}, "http://schema.org/mainEntityOfPage": {"expected_type": ["http://schema.org/URL", "http://schema.org/CreativeWork"], "description": "Indicates a page (or other CreativeWork) for which this thing is the main entity being described. See background notes for details. Inverse property: mainEntity."}, "http://schema.org/name": {"expected_type": ["http://schema.org/Text"], "description": "The name of the item."}, "http://schema.org/study": {"expected_type": ["http://schema.org/MedicalStudy"], "description": "A medical study or trial related to this entity."}, "http://schema.org/image": {"expected_type": ["http://schema.org/URL", "http://schema.org/ImageObject"], "description": "An image of the item. This can be a URL or a fully described ImageObject."}, "http://schema.org/alternateName": {"expected_type": ["http://schema.org/Text"], "description": "An alias for the item."}, "http://schema.org/code": {"expected_type": ["http://schema.org/MedicalCode"], "description": "A medical code for the entity, taken from a controlled vocabulary or ontology such as ICD-9, DiseasesDB, MeSH, SNOMED-CT, RxNorm, etc."}, "http://schema.org/additionalType": {"expected_type": ["http://schema.org/URL"], "description": "An additional type for the item, typically used for adding more specific types from external vocabularies in microdata syntax. This is a relationship between something and a class that the thing is in. In RDFa syntax, it is better to use the native RDFa syntax - the 'typeof' attribute - for multiple types. Schema.org tools may have only weaker understanding of extra types, in particular those defined externally."}, "http://schema.org/guideline": {"expected_type": ["http://schema.org/MedicalGuideline"], "description": "A medical guideline related to this entity."}, "http://schema.org/sameAs": {"expected_type": ["http://schema.org/URL"], "description": "URL of a reference Web page that unambiguously indicates the item's identity. E.g. the URL of the item's Wikipedia page, Freebase page, or official website."}}, "http://schema.org/MedicalCondition": {"http://schema.org/image": {"expected_type": ["http://schema.org/URL", "http://schema.org/ImageObject"], "description": "An image of the item. This can be a URL or a fully described ImageObject."}, "http://schema.org/medicineSystem": {"expected_type": ["http://schema.org/MedicineSystem"], "description": "The system of medicine that includes this MedicalEntity, for example 'evidence-based', 'homeopathic', 'chiropractic', etc."}, "http://schema.org/study": {"expected_type": ["http://schema.org/MedicalStudy"], "description": "A medical study or trial related to this entity."}, "http://schema.org/potentialAction": {"expected_type": ["http://schema.org/Action"], "description": "Indicates a potential Action, which describes an idealized action in which this thing would play an 'object' role."}, "http://schema.org/expectedPrognosis": {"expected_type": ["http://schema.org/Text"], "description": "The likely outcome in either the short term or long term of the medical condition."}, "http://schema.org/name": {"expected_type": ["http://schema.org/Text"], "description": "The name of the item."}, "http://schema.org/pathophysiology": {"expected_type": ["http://schema.org/Text"], "description": "Changes in the normal mechanical, physical, and biochemical functions that are associated with this activity or condition."}, "http://schema.org/signOrSymptom": {"expected_type": ["http://schema.org/MedicalSignOrSymptom"], "description": "A sign or symptom of this condition. Signs are objective or physically observable manifestations of the medical condition while symptoms are the subjective experience of the medical condition."}, "http://schema.org/alternateName": {"expected_type": ["http://schema.org/Text"], "description": "An alias for the item."}, "http://schema.org/stage": {"expected_type": ["http://schema.org/MedicalConditionStage"], "description": "The stage of the condition, if applicable."}, "http://schema.org/primaryPrevention": {"expected_type": ["http://schema.org/MedicalTherapy"], "description": "A preventative therapy used to prevent an initial occurrence of the medical condition, such as vaccination."}, "http://schema.org/code": {"expected_type": ["http://schema.org/MedicalCode"], "description": "A medical code for the entity, taken from a controlled vocabulary or ontology such as ICD-9, DiseasesDB, MeSH, SNOMED-CT, RxNorm, etc."}, "http://schema.org/cause": {"expected_type": ["http://schema.org/MedicalCause"], "description": "An underlying cause. More specifically, one of the causative agent(s) that are most directly responsible for the pathophysiologic process that eventually results in the occurrence."}, "http://schema.org/guideline": {"expected_type": ["http://schema.org/MedicalGuideline"], "description": "A medical guideline related to this entity."}, "http://schema.org/additionalType": {"expected_type": ["http://schema.org/URL"], "description": "An additional type for the item, typically used for adding more specific types from external vocabularies in microdata syntax. This is a relationship between something and a class that the thing is in. In RDFa syntax, it is better to use the native RDFa syntax - the 'typeof' attribute - for multiple types. Schema.org tools may have only weaker understanding of extra types, in particular those defined externally."}, "http://schema.org/sameAs": {"expected_type": ["http://schema.org/URL"], "description": "URL of a reference Web page that unambiguously indicates the item's identity. E.g. the URL of the item's Wikipedia page, Freebase page, or official website."}, "http://schema.org/url": {"expected_type": ["http://schema.org/URL"], "description": "URL of the item."}, "http://schema.org/possibleTreatment": {"expected_type": ["http://schema.org/MedicalTherapy"], "description": "A possible treatment to address this condition, sign or symptom."}, "http://schema.org/naturalProgression": {"expected_type": ["http://schema.org/Text"], "description": "The expected progression of the condition if it is not treated and allowed to progress naturally."}, "http://schema.org/riskFactor": {"expected_type": ["http://schema.org/MedicalRiskFactor"], "description": "A modifiable or non-modifiable factor that increases the risk of a patient contracting this condition, e.g. age, coexisting condition."}, "http://schema.org/description": {"expected_type": ["http://schema.org/Text"], "description": "A short description of the item."}, "http://schema.org/relevantSpecialty": {"expected_type": ["http://schema.org/MedicalSpecialty"], "description": "If applicable, a medical specialty in which this entity is relevant."}, "http://schema.org/possibleComplication": {"expected_type": ["http://schema.org/Text"], "description": "A possible unexpected and unfavorable evolution of a medical condition. Complications may include worsening of the signs or symptoms of the disease, extension of the condition to other organ systems, etc."}, "http://schema.org/subtype": {"expected_type": ["http://schema.org/Text"], "description": "A more specific type of the condition, where applicable, for example 'Type 1 Diabetes', 'Type 2 Diabetes', or 'Gestational Diabetes' for Diabetes."}, "http://schema.org/epidemiology": {"expected_type": ["http://schema.org/Text"], "description": "The characteristics of associated patients, such as age, gender, race etc."}, "http://schema.org/associatedAnatomy": {"expected_type": ["http://schema.org/AnatomicalStructure", "http://schema.org/AnatomicalSystem", "http://schema.org/SuperficialAnatomy"], "description": "The anatomy of the underlying organ system or structures associated with this entity."}, "http://schema.org/recognizingAuthority": {"expected_type": ["http://schema.org/Organization"], "description": "If applicable, the organization that officially recognizes this entity as part of its endorsed system of medicine."}, "http://schema.org/mainEntityOfPage": {"expected_type": ["http://schema.org/URL", "http://schema.org/CreativeWork"], "description": "Indicates a page (or other CreativeWork) for which this thing is the main entity being described. See background notes for details. Inverse property: mainEntity."}, "http://schema.org/typicalTest": {"expected_type": ["http://schema.org/MedicalTest"], "description": "A medical test typically performed given this condition."}, "http://schema.org/secondaryPrevention": {"expected_type": ["http://schema.org/MedicalTherapy"], "description": "A preventative therapy used to prevent reoccurrence of the medical condition after an initial episode of the condition."}, "http://schema.org/differentialDiagnosis": {"expected_type": ["http://schema.org/DDxElement"], "description": "One of a set of differential diagnoses for the condition. Specifically, a closely-related or competing diagnosis typically considered later in the cognitive process whereby this medical condition is distinguished from others most likely responsible for a similar collection of signs and symptoms to reach the most parsimonious diagnosis or diagnoses in a patient."}}, "http://schema.org/Thing": {"http://schema.org/image": {"expected_type": ["http://schema.org/URL", "http://schema.org/ImageObject"], "description": "An image of the item. This can be a URL or a fully described ImageObject."}, "http://schema.org/url": {"expected_type": ["http://schema.org/URL"], "description": "URL of the item."}, "http://schema.org/alternateName": {"expected_type": ["http://schema.org/Text"], "description": "An alias for the item."}, "http://schema.org/description": {"expected_type": ["http://schema.org/Text"], "description": "A short description of the item."}, "http://schema.org/potentialAction": {"expected_type": ["http://schema.org/Action"], "description": "Indicates a potential Action, which describes an idealized action in which this thing would play an 'object' role."}, "http://schema.org/mainEntityOfPage": {"expected_type": ["http://schema.org/URL", "http://schema.org/CreativeWork"], "description": "Indicates a page (or other CreativeWork) for which this thing is the main entity being described. See background notes for details. Inverse property: mainEntity."}, "http://schema.org/additionalType": {"expected_type": ["http://schema.org/URL"], "description": "An additional type for the item, typically used for adding more specific types from external vocabularies in microdata syntax. This is a relationship between something and a class that the thing is in. In RDFa syntax, it is better to use the native RDFa syntax - the 'typeof' attribute - for multiple types. Schema.org tools may have only weaker understanding of extra types, in particular those defined externally."}, "http://schema.org/name": {"expected_type": ["http://schema.org/Text"], "description": "The name of the item."}, "http://schema.org/sameAs": {"expected_type": ["http://schema.org/URL"], "description": "URL of a reference Web page that unambiguously indicates the item's identity. E.g. the URL of the item's Wikipedia page, Freebase page, or official website."}}}, "description": "Any condition of the human body that affects the normal functioning of a person, whether physically or mentally. Includes diseases, injuries, disabilities, disorders, syndromes, etc.", "format": "http://schema.org/MedicalCondition", "id": "MedicalCondition.json", "instances": {"http://schema.org/healthCondition": {"description": "Expectations for health conditions of target audience.", "used_on_types": ["http://schema.org/PeopleAudience"]}, "http://schema.org/diagnosis": {"description": "One or more alternative conditions considered in the differential diagnosis process.", "used_on_types": ["http://schema.org/DDxElement"]}, "http://schema.org/usedToDiagnose": {"description": "A condition the test is used to diagnose.", "used_on_types": ["http://schema.org/MedicalTest"]}, "http://schema.org/relatedCondition": {"description": "A medical condition associated with this anatomy.", "used_on_types": ["http://schema.org/AnatomicalStructure"]}}, "title": "MedicalCondition"}