{"media": {"type": "application/json;profile=http://schema.org/MedicalSpecialty"}, "properties": {"http://schema.org/MedicalEntity": {"http://schema.org/url": {"expected_type": ["http://schema.org/URL"], "description": "URL of the item."}, "http://schema.org/medicineSystem": {"expected_type": ["http://schema.org/MedicineSystem"], "description": "The system of medicine that includes this MedicalEntity, for example 'evidence-based', 'homeopathic', 'chiropractic', etc."}, "http://schema.org/potentialAction": {"expected_type": ["http://schema.org/Action"], "description": "Indicates a potential Action, which describes an idealized action in which this thing would play an 'object' role."}, "http://schema.org/description": {"expected_type": ["http://schema.org/Text"], "description": "A short description of the item."}, "http://schema.org/relevantSpecialty": {"expected_type": ["http://schema.org/MedicalSpecialty"], "description": "If applicable, a medical specialty in which this entity is relevant."}, "http://schema.org/recognizingAuthority": {"expected_type": ["http://schema.org/Organization"], "description": "If applicable, the organization that officially recognizes this entity as part of its endorsed system of medicine."}, "http://schema.org/mainEntityOfPage": {"expected_type": ["http://schema.org/URL", "http://schema.org/CreativeWork"], "description": "Indicates a page (or other CreativeWork) for which this thing is the main entity being described. See background notes for details. Inverse property: mainEntity."}, "http://schema.org/supersededBy": {"expected_type": ["http://schema.org/Class", "http://schema.org/Property", "http://schema.org/Enumeration"], "description": "Relates a term (i.e. a property, class or enumeration) to one that supersedes it."}, "http://schema.org/name": {"expected_type": ["http://schema.org/Text"], "description": "The name of the item."}, "http://schema.org/study": {"expected_type": ["http://schema.org/MedicalStudy"], "description": "A medical study or trial related to this entity."}, "http://schema.org/image": {"expected_type": ["http://schema.org/URL", "http://schema.org/ImageObject"], "description": "An image of the item. This can be a URL or a fully described ImageObject."}, "http://schema.org/alternateName": {"expected_type": ["http://schema.org/Text"], "description": "An alias for the item."}, "http://schema.org/code": {"expected_type": ["http://schema.org/MedicalCode"], "description": "A medical code for the entity, taken from a controlled vocabulary or ontology such as ICD-9, DiseasesDB, MeSH, SNOMED-CT, RxNorm, etc."}, "http://schema.org/additionalType": {"expected_type": ["http://schema.org/URL"], "description": "An additional type for the item, typically used for adding more specific types from external vocabularies in microdata syntax. This is a relationship between something and a class that the thing is in. In RDFa syntax, it is better to use the native RDFa syntax - the 'typeof' attribute - for multiple types. Schema.org tools may have only weaker understanding of extra types, in particular those defined externally."}, "http://schema.org/guideline": {"expected_type": ["http://schema.org/MedicalGuideline"], "description": "A medical guideline related to this entity."}, "http://schema.org/sameAs": {"expected_type": ["http://schema.org/URL"], "description": "URL of a reference Web page that unambiguously indicates the item's identity. E.g. the URL of the item's Wikipedia page, Freebase page, or official website."}}, "http://schema.org/Thing": {"http://schema.org/image": {"expected_type": ["http://schema.org/URL", "http://schema.org/ImageObject"], "description": "An image of the item. This can be a URL or a fully described ImageObject."}, "http://schema.org/url": {"expected_type": ["http://schema.org/URL"], "description": "URL of the item."}, "http://schema.org/alternateName": {"expected_type": ["http://schema.org/Text"], "description": "An alias for the item."}, "http://schema.org/description": {"expected_type": ["http://schema.org/Text"], "description": "A short description of the item."}, "http://schema.org/potentialAction": {"expected_type": ["http://schema.org/Action"], "description": "Indicates a potential Action, which describes an idealized action in which this thing would play an 'object' role."}, "http://schema.org/mainEntityOfPage": {"expected_type": ["http://schema.org/URL", "http://schema.org/CreativeWork"], "description": "Indicates a page (or other CreativeWork) for which this thing is the main entity being described. See background notes for details. Inverse property: mainEntity."}, "http://schema.org/additionalType": {"expected_type": ["http://schema.org/URL"], "description": "An additional type for the item, typically used for adding more specific types from external vocabularies in microdata syntax. This is a relationship between something and a class that the thing is in. In RDFa syntax, it is better to use the native RDFa syntax - the 'typeof' attribute - for multiple types. Schema.org tools may have only weaker understanding of extra types, in particular those defined externally."}, "http://schema.org/name": {"expected_type": ["http://schema.org/Text"], "description": "The name of the item."}, "http://schema.org/sameAs": {"expected_type": ["http://schema.org/URL"], "description": "URL of a reference Web page that unambiguously indicates the item's identity. E.g. the URL of the item's Wikipedia page, Freebase page, or official website."}}, "http://schema.org/Enumeration": {"http://schema.org/image": {"expected_type": ["http://schema.org/URL", "http://schema.org/ImageObject"], "description": "An image of the item. This can be a URL or a fully described ImageObject."}, "http://schema.org/url": {"expected_type": ["http://schema.org/URL"], "description": "URL of the item."}, "http://schema.org/alternateName": {"expected_type": ["http://schema.org/Text"], "description": "An alias for the item."}, "http://schema.org/description": {"expected_type": ["http://schema.org/Text"], "description": "A short description of the item."}, "http://schema.org/potentialAction": {"expected_type": ["http://schema.org/Action"], "description": "Indicates a potential Action, which describes an idealized action in which this thing would play an 'object' role."}, "http://schema.org/mainEntityOfPage": {"expected_type": ["http://schema.org/URL", "http://schema.org/CreativeWork"], "description": "Indicates a page (or other CreativeWork) for which this thing is the main entity being described. See background notes for details. Inverse property: mainEntity."}, "http://schema.org/additionalType": {"expected_type": ["http://schema.org/URL"], "description": "An additional type for the item, typically used for adding more specific types from external vocabularies in microdata syntax. This is a relationship between something and a class that the thing is in. In RDFa syntax, it is better to use the native RDFa syntax - the 'typeof' attribute - for multiple types. Schema.org tools may have only weaker understanding of extra types, in particular those defined externally."}, "http://schema.org/supersededBy": {"expected_type": ["http://schema.org/Class", "http://schema.org/Property", "http://schema.org/Enumeration"], "description": "Relates a term (i.e. a property, class or enumeration) to one that supersedes it."}, "http://schema.org/name": {"expected_type": ["http://schema.org/Text"], "description": "The name of the item."}, "http://schema.org/sameAs": {"expected_type": ["http://schema.org/URL"], "description": "URL of a reference Web page that unambiguously indicates the item's identity. E.g. the URL of the item's Wikipedia page, Freebase page, or official website."}}}, "description": "Any specific branch of medical science or practice. Medical specialities include clinical specialties that pertain to particular organ systems and their respective disease states, as well as allied health specialties. Enumerated type.", "format": "http://schema.org/MedicalSpecialty", "id": "MedicalSpecialty.json", "instances": {"http://schema.org/medicalSpecialty": {"description": "A medical specialty of the provider.", "used_on_types": ["http://schema.org/Hospital"]}, "http://schema.org/relevantSpecialty": {"description": "If applicable, a medical specialty in which this entity is relevant.", "used_on_types": ["http://schema.org/MedicalEntity"]}}, "title": "MedicalSpecialty"}