{"media": {"type": "application/json;profile=http://schema.org/MedicalTest"}, "properties": {"http://schema.org/MedicalEntity": {"http://schema.org/url": {"expected_type": ["http://schema.org/URL"], "description": "URL of the item."}, "http://schema.org/medicineSystem": {"expected_type": ["http://schema.org/MedicineSystem"], "description": "The system of medicine that includes this MedicalEntity, for example 'evidence-based', 'homeopathic', 'chiropractic', etc."}, "http://schema.org/potentialAction": {"expected_type": ["http://schema.org/Action"], "description": "Indicates a potential Action, which describes an idealized action in which this thing would play an 'object' role."}, "http://schema.org/description": {"expected_type": ["http://schema.org/Text"], "description": "A short description of the item."}, "http://schema.org/relevantSpecialty": {"expected_type": ["http://schema.org/MedicalSpecialty"], "description": "If applicable, a medical specialty in which this entity is relevant."}, "http://schema.org/recognizingAuthority": {"expected_type": ["http://schema.org/Organization"], "description": "If applicable, the organization that officially recognizes this entity as part of its endorsed system of medicine."}, "http://schema.org/mainEntityOfPage": {"expected_type": ["http://schema.org/URL", "http://schema.org/CreativeWork"], "description": "Indicates a page (or other CreativeWork) for which this thing is the main entity being described. See background notes for details. Inverse property: mainEntity."}, "http://schema.org/name": {"expected_type": ["http://schema.org/Text"], "description": "The name of the item."}, "http://schema.org/study": {"expected_type": ["http://schema.org/MedicalStudy"], "description": "A medical study or trial related to this entity."}, "http://schema.org/image": {"expected_type": ["http://schema.org/URL", "http://schema.org/ImageObject"], "description": "An image of the item. This can be a URL or a fully described ImageObject."}, "http://schema.org/alternateName": {"expected_type": ["http://schema.org/Text"], "description": "An alias for the item."}, "http://schema.org/code": {"expected_type": ["http://schema.org/MedicalCode"], "description": "A medical code for the entity, taken from a controlled vocabulary or ontology such as ICD-9, DiseasesDB, MeSH, SNOMED-CT, RxNorm, etc."}, "http://schema.org/additionalType": {"expected_type": ["http://schema.org/URL"], "description": "An additional type for the item, typically used for adding more specific types from external vocabularies in microdata syntax. This is a relationship between something and a class that the thing is in. In RDFa syntax, it is better to use the native RDFa syntax - the 'typeof' attribute - for multiple types. Schema.org tools may have only weaker understanding of extra types, in particular those defined externally."}, "http://schema.org/guideline": {"expected_type": ["http://schema.org/MedicalGuideline"], "description": "A medical guideline related to this entity."}, "http://schema.org/sameAs": {"expected_type": ["http://schema.org/URL"], "description": "URL of a reference Web page that unambiguously indicates the item's identity. E.g. the URL of the item's Wikipedia page, Freebase page, or official website."}}, "http://schema.org/MedicalTest": {"http://schema.org/url": {"expected_type": ["http://schema.org/URL"], "description": "URL of the item."}, "http://schema.org/medicineSystem": {"expected_type": ["http://schema.org/MedicineSystem"], "description": "The system of medicine that includes this MedicalEntity, for example 'evidence-based', 'homeopathic', 'chiropractic', etc."}, "http://schema.org/signDetected": {"expected_type": ["http://schema.org/MedicalSign"], "description": "A sign detected by the test."}, "http://schema.org/usedToDiagnose": {"expected_type": ["http://schema.org/MedicalCondition"], "description": "A condition the test is used to diagnose."}, "http://schema.org/description": {"expected_type": ["http://schema.org/Text"], "description": "A short description of the item."}, "http://schema.org/relevantSpecialty": {"expected_type": ["http://schema.org/MedicalSpecialty"], "description": "If applicable, a medical specialty in which this entity is relevant."}, "http://schema.org/recognizingAuthority": {"expected_type": ["http://schema.org/Organization"], "description": "If applicable, the organization that officially recognizes this entity as part of its endorsed system of medicine."}, "http://schema.org/guideline": {"expected_type": ["http://schema.org/MedicalGuideline"], "description": "A medical guideline related to this entity."}, "http://schema.org/potentialAction": {"expected_type": ["http://schema.org/Action"], "description": "Indicates a potential Action, which describes an idealized action in which this thing would play an 'object' role."}, "http://schema.org/name": {"expected_type": ["http://schema.org/Text"], "description": "The name of the item."}, "http://schema.org/study": {"expected_type": ["http://schema.org/MedicalStudy"], "description": "A medical study or trial related to this entity."}, "http://schema.org/image": {"expected_type": ["http://schema.org/URL", "http://schema.org/ImageObject"], "description": "An image of the item. This can be a URL or a fully described ImageObject."}, "http://schema.org/sameAs": {"expected_type": ["http://schema.org/URL"], "description": "URL of a reference Web page that unambiguously indicates the item's identity. E.g. the URL of the item's Wikipedia page, Freebase page, or official website."}, "http://schema.org/alternateName": {"expected_type": ["http://schema.org/Text"], "description": "An alias for the item."}, "http://schema.org/mainEntityOfPage": {"expected_type": ["http://schema.org/URL", "http://schema.org/CreativeWork"], "description": "Indicates a page (or other CreativeWork) for which this thing is the main entity being described. See background notes for details. Inverse property: mainEntity."}, "http://schema.org/code": {"expected_type": ["http://schema.org/MedicalCode"], "description": "A medical code for the entity, taken from a controlled vocabulary or ontology such as ICD-9, DiseasesDB, MeSH, SNOMED-CT, RxNorm, etc."}, "http://schema.org/additionalType": {"expected_type": ["http://schema.org/URL"], "description": "An additional type for the item, typically used for adding more specific types from external vocabularies in microdata syntax. This is a relationship between something and a class that the thing is in. In RDFa syntax, it is better to use the native RDFa syntax - the 'typeof' attribute - for multiple types. Schema.org tools may have only weaker understanding of extra types, in particular those defined externally."}, "http://schema.org/usesDevice": {"expected_type": ["http://schema.org/MedicalDevice"], "description": "Device used to perform the test."}, "http://schema.org/normalRange": {"expected_type": ["http://schema.org/Text"], "description": "Range of acceptable values for a typical patient, when applicable."}, "http://schema.org/affectedBy": {"expected_type": ["http://schema.org/Drug"], "description": "Drugs that affect the test's results."}}, "http://schema.org/Thing": {"http://schema.org/image": {"expected_type": ["http://schema.org/URL", "http://schema.org/ImageObject"], "description": "An image of the item. This can be a URL or a fully described ImageObject."}, "http://schema.org/url": {"expected_type": ["http://schema.org/URL"], "description": "URL of the item."}, "http://schema.org/alternateName": {"expected_type": ["http://schema.org/Text"], "description": "An alias for the item."}, "http://schema.org/description": {"expected_type": ["http://schema.org/Text"], "description": "A short description of the item."}, "http://schema.org/potentialAction": {"expected_type": ["http://schema.org/Action"], "description": "Indicates a potential Action, which describes an idealized action in which this thing would play an 'object' role."}, "http://schema.org/mainEntityOfPage": {"expected_type": ["http://schema.org/URL", "http://schema.org/CreativeWork"], "description": "Indicates a page (or other CreativeWork) for which this thing is the main entity being described. See background notes for details. Inverse property: mainEntity."}, "http://schema.org/additionalType": {"expected_type": ["http://schema.org/URL"], "description": "An additional type for the item, typically used for adding more specific types from external vocabularies in microdata syntax. This is a relationship between something and a class that the thing is in. In RDFa syntax, it is better to use the native RDFa syntax - the 'typeof' attribute - for multiple types. Schema.org tools may have only weaker understanding of extra types, in particular those defined externally."}, "http://schema.org/name": {"expected_type": ["http://schema.org/Text"], "description": "The name of the item."}, "http://schema.org/sameAs": {"expected_type": ["http://schema.org/URL"], "description": "URL of a reference Web page that unambiguously indicates the item's identity. E.g. the URL of the item's Wikipedia page, Freebase page, or official website."}}}, "description": "Any medical test, typically performed for diagnostic purposes.", "format": "http://schema.org/MedicalTest", "id": "MedicalTest.json", "instances": {"http://schema.org/typicalTest": {"description": "A medical test typically performed given this condition.", "used_on_types": ["http://schema.org/MedicalCondition"]}, "http://schema.org/identifyingTest": {"description": "A diagnostic test that can identify this sign.", "used_on_types": ["http://schema.org/MedicalSign"]}, "http://schema.org/availableTest": {"description": "A diagnostic test or procedure offered by this lab.", "used_on_types": ["http://schema.org/DiagnosticLab"]}, "http://schema.org/subTest": {"description": "A component test of the panel.", "used_on_types": ["http://schema.org/MedicalTestPanel"]}, "http://schema.org/availableService": {"description": "A medical service available from this provider.", "used_on_types": ["http://schema.org/MedicalClinic"]}}, "title": "MedicalTest"}