{"media": {"type": "application/json;profile=http://schema.org/MedicalProcedure"}, "properties": {"http://schema.org/MedicalEntity": {"http://schema.org/url": {"expected_type": ["http://schema.org/URL"], "description": "URL of the item."}, "http://schema.org/medicineSystem": {"expected_type": ["http://schema.org/MedicineSystem"], "description": "The system of medicine that includes this MedicalEntity, for example 'evidence-based', 'homeopathic', 'chiropractic', etc."}, "http://schema.org/potentialAction": {"expected_type": ["http://schema.org/Action"], "description": "Indicates a potential Action, which describes an idealized action in which this thing would play an 'object' role."}, "http://schema.org/description": {"expected_type": ["http://schema.org/Text"], "description": "A short description of the item."}, "http://schema.org/relevantSpecialty": {"expected_type": ["http://schema.org/MedicalSpecialty"], "description": "If applicable, a medical specialty in which this entity is relevant."}, "http://schema.org/recognizingAuthority": {"expected_type": ["http://schema.org/Organization"], "description": "If applicable, the organization that officially recognizes this entity as part of its endorsed system of medicine."}, "http://schema.org/mainEntityOfPage": {"expected_type": ["http://schema.org/URL", "http://schema.org/CreativeWork"], "description": "Indicates a page (or other CreativeWork) for which this thing is the main entity being described. See background notes for details. Inverse property: mainEntity."}, "http://schema.org/name": {"expected_type": ["http://schema.org/Text"], "description": "The name of the item."}, "http://schema.org/study": {"expected_type": ["http://schema.org/MedicalStudy"], "description": "A medical study or trial related to this entity."}, "http://schema.org/image": {"expected_type": ["http://schema.org/URL", "http://schema.org/ImageObject"], "description": "An image of the item. This can be a URL or a fully described ImageObject."}, "http://schema.org/alternateName": {"expected_type": ["http://schema.org/Text"], "description": "An alias for the item."}, "http://schema.org/code": {"expected_type": ["http://schema.org/MedicalCode"], "description": "A medical code for the entity, taken from a controlled vocabulary or ontology such as ICD-9, DiseasesDB, MeSH, SNOMED-CT, RxNorm, etc."}, "http://schema.org/additionalType": {"expected_type": ["http://schema.org/URL"], "description": "An additional type for the item, typically used for adding more specific types from external vocabularies in microdata syntax. This is a relationship between something and a class that the thing is in. In RDFa syntax, it is better to use the native RDFa syntax - the 'typeof' attribute - for multiple types. Schema.org tools may have only weaker understanding of extra types, in particular those defined externally."}, "http://schema.org/guideline": {"expected_type": ["http://schema.org/MedicalGuideline"], "description": "A medical guideline related to this entity."}, "http://schema.org/sameAs": {"expected_type": ["http://schema.org/URL"], "description": "URL of a reference Web page that unambiguously indicates the item's identity. E.g. the URL of the item's Wikipedia page, Freebase page, or official website."}}, "http://schema.org/Thing": {"http://schema.org/image": {"expected_type": ["http://schema.org/URL", "http://schema.org/ImageObject"], "description": "An image of the item. This can be a URL or a fully described ImageObject."}, "http://schema.org/url": {"expected_type": ["http://schema.org/URL"], "description": "URL of the item."}, "http://schema.org/alternateName": {"expected_type": ["http://schema.org/Text"], "description": "An alias for the item."}, "http://schema.org/description": {"expected_type": ["http://schema.org/Text"], "description": "A short description of the item."}, "http://schema.org/potentialAction": {"expected_type": ["http://schema.org/Action"], "description": "Indicates a potential Action, which describes an idealized action in which this thing would play an 'object' role."}, "http://schema.org/mainEntityOfPage": {"expected_type": ["http://schema.org/URL", "http://schema.org/CreativeWork"], "description": "Indicates a page (or other CreativeWork) for which this thing is the main entity being described. See background notes for details. Inverse property: mainEntity."}, "http://schema.org/additionalType": {"expected_type": ["http://schema.org/URL"], "description": "An additional type for the item, typically used for adding more specific types from external vocabularies in microdata syntax. This is a relationship between something and a class that the thing is in. In RDFa syntax, it is better to use the native RDFa syntax - the 'typeof' attribute - for multiple types. Schema.org tools may have only weaker understanding of extra types, in particular those defined externally."}, "http://schema.org/name": {"expected_type": ["http://schema.org/Text"], "description": "The name of the item."}, "http://schema.org/sameAs": {"expected_type": ["http://schema.org/URL"], "description": "URL of a reference Web page that unambiguously indicates the item's identity. E.g. the URL of the item's Wikipedia page, Freebase page, or official website."}}, "http://schema.org/MedicalProcedure": {"http://schema.org/url": {"expected_type": ["http://schema.org/URL"], "description": "URL of the item."}, "http://schema.org/preparation": {"expected_type": ["http://schema.org/Text"], "description": "Typical preparation that a patient must undergo before having the procedure performed."}, "http://schema.org/medicineSystem": {"expected_type": ["http://schema.org/MedicineSystem"], "description": "The system of medicine that includes this MedicalEntity, for example 'evidence-based', 'homeopathic', 'chiropractic', etc."}, "http://schema.org/image": {"expected_type": ["http://schema.org/URL", "http://schema.org/ImageObject"], "description": "An image of the item. This can be a URL or a fully described ImageObject."}, "http://schema.org/howPerformed": {"expected_type": ["http://schema.org/Text"], "description": "How the procedure is performed."}, "http://schema.org/description": {"expected_type": ["http://schema.org/Text"], "description": "A short description of the item."}, "http://schema.org/relevantSpecialty": {"expected_type": ["http://schema.org/MedicalSpecialty"], "description": "If applicable, a medical specialty in which this entity is relevant."}, "http://schema.org/recognizingAuthority": {"expected_type": ["http://schema.org/Organization"], "description": "If applicable, the organization that officially recognizes this entity as part of its endorsed system of medicine."}, "http://schema.org/mainEntityOfPage": {"expected_type": ["http://schema.org/URL", "http://schema.org/CreativeWork"], "description": "Indicates a page (or other CreativeWork) for which this thing is the main entity being described. See background notes for details. Inverse property: mainEntity."}, "http://schema.org/potentialAction": {"expected_type": ["http://schema.org/Action"], "description": "Indicates a potential Action, which describes an idealized action in which this thing would play an 'object' role."}, "http://schema.org/name": {"expected_type": ["http://schema.org/Text"], "description": "The name of the item."}, "http://schema.org/study": {"expected_type": ["http://schema.org/MedicalStudy"], "description": "A medical study or trial related to this entity."}, "http://schema.org/followup": {"expected_type": ["http://schema.org/Text"], "description": "Typical or recommended followup care after the procedure is performed."}, "http://schema.org/procedureType": {"expected_type": ["http://schema.org/MedicalProcedureType"], "description": "The type of procedure, for example Surgical, Noninvasive, or Percutaneous."}, "http://schema.org/alternateName": {"expected_type": ["http://schema.org/Text"], "description": "An alias for the item."}, "http://schema.org/code": {"expected_type": ["http://schema.org/MedicalCode"], "description": "A medical code for the entity, taken from a controlled vocabulary or ontology such as ICD-9, DiseasesDB, MeSH, SNOMED-CT, RxNorm, etc."}, "http://schema.org/additionalType": {"expected_type": ["http://schema.org/URL"], "description": "An additional type for the item, typically used for adding more specific types from external vocabularies in microdata syntax. This is a relationship between something and a class that the thing is in. In RDFa syntax, it is better to use the native RDFa syntax - the 'typeof' attribute - for multiple types. Schema.org tools may have only weaker understanding of extra types, in particular those defined externally."}, "http://schema.org/guideline": {"expected_type": ["http://schema.org/MedicalGuideline"], "description": "A medical guideline related to this entity."}, "http://schema.org/sameAs": {"expected_type": ["http://schema.org/URL"], "description": "URL of a reference Web page that unambiguously indicates the item's identity. E.g. the URL of the item's Wikipedia page, Freebase page, or official website."}}}, "description": "A process of care used in either a diagnostic, therapeutic, or palliative capacity that relies on invasive (surgical), non-invasive, or percutaneous techniques.", "format": "http://schema.org/MedicalProcedure", "id": "MedicalProcedure.json", "instances": {"http://schema.org/availableService": {"description": "A medical service available from this provider.", "used_on_types": ["http://schema.org/MedicalClinic"]}}, "title": "MedicalProcedure"}