{"media": {"type": "application/json;profile=http://schema.org/NewsArticle"}, "properties": {"http://schema.org/NewsArticle": {"http://schema.org/accessibilityAPI": {"expected_type": ["http://schema.org/Text"], "description": "Indicates that the resource is compatible with the referenced accessibility API (WebSchemas wiki lists possible values)."}, "http://schema.org/discussionUrl": {"expected_type": ["http://schema.org/URL"], "description": "A link to the page containing the comments of the CreativeWork."}, "http://schema.org/releasedEvent": {"expected_type": ["http://schema.org/PublicationEvent"], "description": "The place and time the release was issued, expressed as a PublicationEvent."}, "http://schema.org/keywords": {"expected_type": ["http://schema.org/Text"], "description": "Keywords or tags used to describe this content. Multiple entries in a keywords list are typically delimited by commas."}, "http://schema.org/publication": {"expected_type": ["http://schema.org/PublicationEvent"], "description": "A publication event associated with the item."}, "http://schema.org/pageEnd": {"expected_type": ["http://schema.org/Text", "http://schema.org/Integer"], "description": "The page on which the work ends; for example \"138\" or \"xvi\"."}, "http://schema.org/provider": {"expected_type": ["http://schema.org/Organization", "http://schema.org/Person"], "description": "The service provider, service operator, or service performer; the goods producer. Another party (a seller) may offer those services or goods on behalf of the provider. A provider may also serve as the seller. Supersedes carrier."}, "http://schema.org/pagination": {"expected_type": ["http://schema.org/Text"], "description": "Any description of pages that is not separated into pageStart and pageEnd; for example, \"1-6, 9, 55\" or \"10-12, 46-49\"."}, "http://schema.org/alternativeHeadline": {"expected_type": ["http://schema.org/Text"], "description": "A secondary title of the CreativeWork."}, "http://schema.org/accessibilityControl": {"expected_type": ["http://schema.org/Text"], "description": "Identifies input methods that are sufficient to fully control the described resource (WebSchemas wiki lists possible values)."}, "http://schema.org/interactivityType": {"expected_type": ["http://schema.org/Text"], "description": "The predominant mode of learning supported by the learning resource. Acceptable values are 'active', 'expositive', or 'mixed'."}, "http://schema.org/author": {"expected_type": ["http://schema.org/Organization", "http://schema.org/Person"], "description": "The author of this content. Please note that author is special in that HTML 5 provides a special mechanism for indicating authorship via the rel tag. That is equivalent to this and may be used interchangeably."}, "http://schema.org/producer": {"expected_type": ["http://schema.org/Organization", "http://schema.org/Person"], "description": "The person or organization who produced the work (e.g. music album, movie, tv/radio series etc.)."}, "http://schema.org/contributor": {"expected_type": ["http://schema.org/Organization", "http://schema.org/Person"], "description": "A secondary contributor to the CreativeWork."}, "http://schema.org/printPage": {"expected_type": ["http://schema.org/Text"], "description": "If this NewsArticle appears in print, this field indicates the name of the page on which the article is found. Please note that this field is intended for the exact page name (e.g. A5, B18)."}, "http://schema.org/mentions": {"expected_type": ["http://schema.org/Thing"], "description": "Indicates that the CreativeWork contains a reference to, but is not necessarily about a concept."}, "http://schema.org/citation": {"expected_type": ["http://schema.org/Text", "http://schema.org/CreativeWork"], "description": "A citation or reference to another creative work, such as another publication, web page, scholarly article, etc."}, "http://schema.org/printSection": {"expected_type": ["http://schema.org/Text"], "description": "If this NewsArticle appears in print, this field indicates the print section in which the article appeared."}, "http://schema.org/typicalAgeRange": {"expected_type": ["http://schema.org/Text"], "description": "The typical expected age range, e.g. '7-9', '11-'."}, "http://schema.org/translator": {"expected_type": ["http://schema.org/Organization", "http://schema.org/Person"], "description": "Organization or person who adapts a creative work to different languages, regional differences and technical requirements of a target market."}, "http://schema.org/contentLocation": {"expected_type": ["http://schema.org/Place"], "description": "The location depicted or described in the content. For example, the location in a photograph or painting."}, "http://schema.org/publishingPrinciples": {"expected_type": ["http://schema.org/URL"], "description": "Link to page describing the editorial principles of the organization primarily responsible for the creation of the CreativeWork."}, "http://schema.org/workExample": {"expected_type": ["http://schema.org/CreativeWork"], "description": "Example/instance/realization/derivation of the concept of this creative work. eg. The paperback edition, first edition, or eBook. Inverse property: exampleOfWork."}, "http://schema.org/name": {"expected_type": ["http://schema.org/Text"], "description": "The name of the item."}, "http://schema.org/educationalUse": {"expected_type": ["http://schema.org/Text"], "description": "The purpose of a work in the context of education; for example, 'assignment', 'group work'."}, "http://schema.org/printEdition": {"expected_type": ["http://schema.org/Text"], "description": "The edition of the print product in which the NewsArticle appears."}, "http://schema.org/inLanguage": {"expected_type": ["http://schema.org/Text", "http://schema.org/Language"], "description": "The language of the content or performance or used in an action. Please use one of the language codes from the IETF BCP 47 standard. Supersedes language."}, "http://schema.org/accountablePerson": {"expected_type": ["http://schema.org/Person"], "description": "Specifies the Person that is legally accountable for the CreativeWork."}, "http://schema.org/headline": {"expected_type": ["http://schema.org/Text"], "description": "Headline of the article."}, "http://schema.org/isFamilyFriendly": {"expected_type": ["http://schema.org/Boolean"], "description": "Indicates whether this content is family friendly."}, "http://schema.org/comment": {"expected_type": ["http://schema.org/Comment"], "description": "Comments, typically from users."}, "http://schema.org/articleBody": {"expected_type": ["http://schema.org/Text"], "description": "The actual body of the article."}, "http://schema.org/hasPart": {"expected_type": ["http://schema.org/CreativeWork"], "description": "Indicates a CreativeWork that is (in some sense) a part of this CreativeWork. Inverse property: isPartOf."}, "http://schema.org/thumbnailUrl": {"expected_type": ["http://schema.org/URL"], "description": "A thumbnail image relevant to the Thing."}, "http://schema.org/schemaVersion": {"expected_type": ["http://schema.org/Text", "http://schema.org/URL"], "description": "Indicates (by URL or string) a particular version of a schema used in some CreativeWork. For example, a document could declare a schemaVersion using a URL such as http://schema.org/version/2.0/ if precise indication of schema version was required by some application."}, "http://schema.org/pageStart": {"expected_type": ["http://schema.org/Text", "http://schema.org/Integer"], "description": "The page on which the work starts; for example \"135\" or \"xiii\"."}, "http://schema.org/publisher": {"expected_type": ["http://schema.org/Organization", "http://schema.org/Person"], "description": "The publisher of the creative work."}, "http://schema.org/review": {"expected_type": ["http://schema.org/Review"], "description": "A review of the item. Supersedes reviews."}, "http://schema.org/aggregateRating": {"expected_type": ["http://schema.org/AggregateRating"], "description": "The overall rating, based on a collection of reviews or ratings, of the item."}, "http://schema.org/copyrightYear": {"expected_type": ["http://schema.org/Number"], "description": "The year during which the claimed copyright for the CreativeWork was first asserted."}, "http://schema.org/about": {"expected_type": ["http://schema.org/Thing"], "description": "The subject matter of the content."}, "http://schema.org/potentialAction": {"expected_type": ["http://schema.org/Action"], "description": "Indicates a potential Action, which describes an idealized action in which this thing would play an 'object' role."}, "http://schema.org/exampleOfWork": {"expected_type": ["http://schema.org/CreativeWork"], "description": "A creative work that this work is an example/instance/realization/derivation of. Inverse property: workExample."}, "http://schema.org/position": {"expected_type": ["http://schema.org/Text", "http://schema.org/Integer"], "description": "The position of an item in a series or sequence of items."}, "http://schema.org/genre": {"expected_type": ["http://schema.org/Text", "http://schema.org/URL"], "description": "Genre of the creative work or group."}, "http://schema.org/text": {"expected_type": ["http://schema.org/Text"], "description": "The textual content of this CreativeWork."}, "http://schema.org/dateCreated": {"expected_type": ["http://schema.org/DateTime", "http://schema.org/Date"], "description": "The date on which the CreativeWork was created or the item was added to a DataFeed."}, "http://schema.org/isBasedOnUrl": {"expected_type": ["http://schema.org/URL"], "description": "A resource that was used in the creation of this resource. This term can be repeated for multiple sources. For example, http://example.com/great-multiplication-intro.html."}, "http://schema.org/audience": {"expected_type": ["http://schema.org/Audience"], "description": "An intended audience, i.e. a group for whom something was created. Supersedes serviceAudience."}, "http://schema.org/editor": {"expected_type": ["http://schema.org/Person"], "description": "Specifies the Person who edited the CreativeWork."}, "http://schema.org/offers": {"expected_type": ["http://schema.org/Offer"], "description": "An offer to provide this item\u2014for example, an offer to sell a product, rent the DVD of a movie, perform a service, or give away tickets to an event."}, "http://schema.org/recordedAt": {"expected_type": ["http://schema.org/Event"], "description": "The Event where the CreativeWork was recorded. The CreativeWork may capture all or part of the event. Inverse property: recordedIn."}, "http://schema.org/description": {"expected_type": ["http://schema.org/Text"], "description": "A short description of the item."}, "http://schema.org/creator": {"expected_type": ["http://schema.org/Organization", "http://schema.org/Person"], "description": "The creator/author of this CreativeWork. This is the same as the Author property for CreativeWork."}, "http://schema.org/video": {"expected_type": ["http://schema.org/VideoObject"], "description": "An embedded video object."}, "http://schema.org/accessibilityFeature": {"expected_type": ["http://schema.org/Text"], "description": "Content features of the resource, such as accessible media, alternatives and supported enhancements for accessibility (WebSchemas wiki lists possible values)."}, "http://schema.org/image": {"expected_type": ["http://schema.org/URL", "http://schema.org/ImageObject"], "description": "An image of the item. This can be a URL or a fully described ImageObject."}, "http://schema.org/interactionStatistic": {"expected_type": ["http://schema.org/InteractionCounter"], "description": "The number of interactions for the CreativeWork using the WebSite or SoftwareApplication. The most specific child type of InteractionCounter should be used. Supersedes interactionCount."}, "http://schema.org/sameAs": {"expected_type": ["http://schema.org/URL"], "description": "URL of a reference Web page that unambiguously indicates the item's identity. E.g. the URL of the item's Wikipedia page, Freebase page, or official website."}, "http://schema.org/copyrightHolder": {"expected_type": ["http://schema.org/Organization", "http://schema.org/Person"], "description": "The party holding the legal copyright to the CreativeWork."}, "http://schema.org/url": {"expected_type": ["http://schema.org/URL"], "description": "URL of the item."}, "http://schema.org/version": {"expected_type": ["http://schema.org/Number"], "description": "The version of the CreativeWork embodied by a specified resource."}, "http://schema.org/fileFormat": {"expected_type": ["http://schema.org/Text"], "description": "Media type (aka MIME format, see IANA site) of the content e.g. application/zip of a SoftwareApplication binary. In cases where a CreativeWork has several media type representations, 'encoding' can be used to indicate each MediaObject alongside particular fileFormat information."}, "http://schema.org/commentCount": {"expected_type": ["http://schema.org/Integer"], "description": "The number of comments this CreativeWork (e.g. Article, Question or Answer) has received. This is most applicable to works published in Web sites with commenting system; additional comments may exist elsewhere."}, "http://schema.org/associatedMedia": {"expected_type": ["http://schema.org/MediaObject"], "description": "A media object that encodes this CreativeWork. This property is a synonym for encoding."}, "http://schema.org/timeRequired": {"expected_type": ["http://schema.org/Duration"], "description": "Approximate or typical time it takes to work with or through this learning resource for the typical intended target audience, e.g. 'P30M', 'P1H25M'."}, "http://schema.org/license": {"expected_type": ["http://schema.org/URL", "http://schema.org/CreativeWork"], "description": "A license document that applies to this content, typically indicated by URL."}, "http://schema.org/wordCount": {"expected_type": ["http://schema.org/Integer"], "description": "The number of words in the text of the Article."}, "http://schema.org/printColumn": {"expected_type": ["http://schema.org/Text"], "description": "The number of the column in which the NewsArticle appears in the print edition."}, "http://schema.org/alternateName": {"expected_type": ["http://schema.org/Text"], "description": "An alias for the item."}, "http://schema.org/locationCreated": {"expected_type": ["http://schema.org/Place"], "description": "The location where the CreativeWork was created, which may not be the same as the location depicted in the CreativeWork."}, "http://schema.org/award": {"expected_type": ["http://schema.org/Text"], "description": "An award won by or for this item. Supersedes awards."}, "http://schema.org/encoding": {"expected_type": ["http://schema.org/MediaObject"], "description": "A media object that encodes this CreativeWork. This property is a synonym for associatedMedia. Supersedes encodings."}, "http://schema.org/learningResourceType": {"expected_type": ["http://schema.org/Text"], "description": "The predominant type or kind characterizing the learning resource. For example, 'presentation', 'handout'."}, "http://schema.org/character": {"expected_type": ["http://schema.org/Person"], "description": "Fictional person connected with a creative work."}, "http://schema.org/dateline": {"expected_type": ["http://schema.org/Text"], "description": "The location where the NewsArticle was produced."}, "http://schema.org/educationalAlignment": {"expected_type": ["http://schema.org/AlignmentObject"], "description": "An alignment to an established educational framework."}, "http://schema.org/mainEntityOfPage": {"expected_type": ["http://schema.org/URL", "http://schema.org/CreativeWork"], "description": "Indicates a page (or other CreativeWork) for which this thing is the main entity being described. See background notes for details. Inverse property: mainEntity."}, "http://schema.org/isPartOf": {"expected_type": ["http://schema.org/CreativeWork"], "description": "Indicates a CreativeWork that this CreativeWork is (in some sense) part of. Inverse property: hasPart."}, "http://schema.org/datePublished": {"expected_type": ["http://schema.org/Date"], "description": "Date of first broadcast/publication."}, "http://schema.org/mainEntity": {"expected_type": ["http://schema.org/Thing"], "description": "Indicates the primary entity described in some page or other CreativeWork. Inverse property: mainEntityOfPage."}, "http://schema.org/sourceOrganization": {"expected_type": ["http://schema.org/Organization"], "description": "The Organization on whose behalf the creator was working."}, "http://schema.org/audio": {"expected_type": ["http://schema.org/AudioObject"], "description": "An embedded audio object."}, "http://schema.org/dateModified": {"expected_type": ["http://schema.org/DateTime", "http://schema.org/Date"], "description": "The date on which the CreativeWork was most recently modified or when the item's entry was modified within a DataFeed."}, "http://schema.org/articleSection": {"expected_type": ["http://schema.org/Text"], "description": "Articles may belong to one or more 'sections' in a magazine or newspaper, such as Sports, Lifestyle, etc."}, "http://schema.org/additionalType": {"expected_type": ["http://schema.org/URL"], "description": "An additional type for the item, typically used for adding more specific types from external vocabularies in microdata syntax. This is a relationship between something and a class that the thing is in. In RDFa syntax, it is better to use the native RDFa syntax - the 'typeof' attribute - for multiple types. Schema.org tools may have only weaker understanding of extra types, in particular those defined externally."}, "http://schema.org/contentRating": {"expected_type": ["http://schema.org/Text"], "description": "Official rating of a piece of content\u2014for example,'MPAA PG-13'."}, "http://schema.org/accessibilityHazard": {"expected_type": ["http://schema.org/Text"], "description": "A characteristic of the described resource that is physiologically dangerous to some users. Related to WCAG 2.0 guideline 2.3 (WebSchemas wiki lists possible values)."}}, "http://schema.org/CreativeWork": {"http://schema.org/accessibilityAPI": {"expected_type": ["http://schema.org/Text"], "description": "Indicates that the resource is compatible with the referenced accessibility API (WebSchemas wiki lists possible values)."}, "http://schema.org/provider": {"expected_type": ["http://schema.org/Organization", "http://schema.org/Person"], "description": "The service provider, service operator, or service performer; the goods producer. Another party (a seller) may offer those services or goods on behalf of the provider. A provider may also serve as the seller. Supersedes carrier."}, "http://schema.org/text": {"expected_type": ["http://schema.org/Text"], "description": "The textual content of this CreativeWork."}, "http://schema.org/releasedEvent": {"expected_type": ["http://schema.org/PublicationEvent"], "description": "The place and time the release was issued, expressed as a PublicationEvent."}, "http://schema.org/aggregateRating": {"expected_type": ["http://schema.org/AggregateRating"], "description": "The overall rating, based on a collection of reviews or ratings, of the item."}, "http://schema.org/name": {"expected_type": ["http://schema.org/Text"], "description": "The name of the item."}, "http://schema.org/about": {"expected_type": ["http://schema.org/Thing"], "description": "The subject matter of the content."}, "http://schema.org/copyrightHolder": {"expected_type": ["http://schema.org/Organization", "http://schema.org/Person"], "description": "The party holding the legal copyright to the CreativeWork."}, "http://schema.org/exampleOfWork": {"expected_type": ["http://schema.org/CreativeWork"], "description": "A creative work that this work is an example/instance/realization/derivation of. Inverse property: workExample."}, "http://schema.org/position": {"expected_type": ["http://schema.org/Text", "http://schema.org/Integer"], "description": "The position of an item in a series or sequence of items."}, "http://schema.org/publication": {"expected_type": ["http://schema.org/PublicationEvent"], "description": "A publication event associated with the item."}, "http://schema.org/genre": {"expected_type": ["http://schema.org/Text", "http://schema.org/URL"], "description": "Genre of the creative work or group."}, "http://schema.org/review": {"expected_type": ["http://schema.org/Review"], "description": "A review of the item. Supersedes reviews."}, "http://schema.org/dateCreated": {"expected_type": ["http://schema.org/DateTime", "http://schema.org/Date"], "description": "The date on which the CreativeWork was created or the item was added to a DataFeed."}, "http://schema.org/producer": {"expected_type": ["http://schema.org/Organization", "http://schema.org/Person"], "description": "The person or organization who produced the work (e.g. music album, movie, tv/radio series etc.)."}, "http://schema.org/award": {"expected_type": ["http://schema.org/Text"], "description": "An award won by or for this item. Supersedes awards."}, "http://schema.org/audience": {"expected_type": ["http://schema.org/Audience"], "description": "An intended audience, i.e. a group for whom something was created. Supersedes serviceAudience."}, "http://schema.org/editor": {"expected_type": ["http://schema.org/Person"], "description": "Specifies the Person who edited the CreativeWork."}, "http://schema.org/offers": {"expected_type": ["http://schema.org/Offer"], "description": "An offer to provide this item\u2014for example, an offer to sell a product, rent the DVD of a movie, perform a service, or give away tickets to an event."}, "http://schema.org/recordedAt": {"expected_type": ["http://schema.org/Event"], "description": "The Event where the CreativeWork was recorded. The CreativeWork may capture all or part of the event. Inverse property: recordedIn."}, "http://schema.org/keywords": {"expected_type": ["http://schema.org/Text"], "description": "Keywords or tags used to describe this content. Multiple entries in a keywords list are typically delimited by commas."}, "http://schema.org/workExample": {"expected_type": ["http://schema.org/CreativeWork"], "description": "Example/instance/realization/derivation of the concept of this creative work. eg. The paperback edition, first edition, or eBook. Inverse property: exampleOfWork."}, "http://schema.org/description": {"expected_type": ["http://schema.org/Text"], "description": "A short description of the item."}, "http://schema.org/image": {"expected_type": ["http://schema.org/URL", "http://schema.org/ImageObject"], "description": "An image of the item. This can be a URL or a fully described ImageObject."}, "http://schema.org/alternativeHeadline": {"expected_type": ["http://schema.org/Text"], "description": "A secondary title of the CreativeWork."}, "http://schema.org/creator": {"expected_type": ["http://schema.org/Organization", "http://schema.org/Person"], "description": "The creator/author of this CreativeWork. This is the same as the Author property for CreativeWork."}, "http://schema.org/accessibilityControl": {"expected_type": ["http://schema.org/Text"], "description": "Identifies input methods that are sufficient to fully control the described resource (WebSchemas wiki lists possible values)."}, "http://schema.org/version": {"expected_type": ["http://schema.org/Number"], "description": "The version of the CreativeWork embodied by a specified resource."}, "http://schema.org/interactivityType": {"expected_type": ["http://schema.org/Text"], "description": "The predominant mode of learning supported by the learning resource. Acceptable values are 'active', 'expositive', or 'mixed'."}, "http://schema.org/author": {"expected_type": ["http://schema.org/Organization", "http://schema.org/Person"], "description": "The author of this content. Please note that author is special in that HTML 5 provides a special mechanism for indicating authorship via the rel tag. That is equivalent to this and may be used interchangeably."}, "http://schema.org/isBasedOnUrl": {"expected_type": ["http://schema.org/URL"], "description": "A resource that was used in the creation of this resource. This term can be repeated for multiple sources. For example, http://example.com/great-multiplication-intro.html."}, "http://schema.org/contributor": {"expected_type": ["http://schema.org/Organization", "http://schema.org/Person"], "description": "A secondary contributor to the CreativeWork."}, "http://schema.org/mentions": {"expected_type": ["http://schema.org/Thing"], "description": "Indicates that the CreativeWork contains a reference to, but is not necessarily about a concept."}, "http://schema.org/schemaVersion": {"expected_type": ["http://schema.org/Text", "http://schema.org/URL"], "description": "Indicates (by URL or string) a particular version of a schema used in some CreativeWork. For example, a document could declare a schemaVersion using a URL such as http://schema.org/version/2.0/ if precise indication of schema version was required by some application."}, "http://schema.org/citation": {"expected_type": ["http://schema.org/Text", "http://schema.org/CreativeWork"], "description": "A citation or reference to another creative work, such as another publication, web page, scholarly article, etc."}, "http://schema.org/educationalUse": {"expected_type": ["http://schema.org/Text"], "description": "The purpose of a work in the context of education; for example, 'assignment', 'group work'."}, "http://schema.org/publishingPrinciples": {"expected_type": ["http://schema.org/URL"], "description": "Link to page describing the editorial principles of the organization primarily responsible for the creation of the CreativeWork."}, "http://schema.org/typicalAgeRange": {"expected_type": ["http://schema.org/Text"], "description": "The typical expected age range, e.g. '7-9', '11-'."}, "http://schema.org/translator": {"expected_type": ["http://schema.org/Organization", "http://schema.org/Person"], "description": "Organization or person who adapts a creative work to different languages, regional differences and technical requirements of a target market."}, "http://schema.org/character": {"expected_type": ["http://schema.org/Person"], "description": "Fictional person connected with a creative work."}, "http://schema.org/url": {"expected_type": ["http://schema.org/URL"], "description": "URL of the item."}, "http://schema.org/hasPart": {"expected_type": ["http://schema.org/CreativeWork"], "description": "Indicates a CreativeWork that is (in some sense) a part of this CreativeWork. Inverse property: isPartOf."}, "http://schema.org/potentialAction": {"expected_type": ["http://schema.org/Action"], "description": "Indicates a potential Action, which describes an idealized action in which this thing would play an 'object' role."}, "http://schema.org/accessibilityFeature": {"expected_type": ["http://schema.org/Text"], "description": "Content features of the resource, such as accessible media, alternatives and supported enhancements for accessibility (WebSchemas wiki lists possible values)."}, "http://schema.org/fileFormat": {"expected_type": ["http://schema.org/Text"], "description": "Media type (aka MIME format, see IANA site) of the content e.g. application/zip of a SoftwareApplication binary. In cases where a CreativeWork has several media type representations, 'encoding' can be used to indicate each MediaObject alongside particular fileFormat information."}, "http://schema.org/interactionStatistic": {"expected_type": ["http://schema.org/InteractionCounter"], "description": "The number of interactions for the CreativeWork using the WebSite or SoftwareApplication. The most specific child type of InteractionCounter should be used. Supersedes interactionCount."}, "http://schema.org/commentCount": {"expected_type": ["http://schema.org/Integer"], "description": "The number of comments this CreativeWork (e.g. Article, Question or Answer) has received. This is most applicable to works published in Web sites with commenting system; additional comments may exist elsewhere."}, "http://schema.org/associatedMedia": {"expected_type": ["http://schema.org/MediaObject"], "description": "A media object that encodes this CreativeWork. This property is a synonym for encoding."}, "http://schema.org/sameAs": {"expected_type": ["http://schema.org/URL"], "description": "URL of a reference Web page that unambiguously indicates the item's identity. E.g. the URL of the item's Wikipedia page, Freebase page, or official website."}, "http://schema.org/timeRequired": {"expected_type": ["http://schema.org/Duration"], "description": "Approximate or typical time it takes to work with or through this learning resource for the typical intended target audience, e.g. 'P30M', 'P1H25M'."}, "http://schema.org/inLanguage": {"expected_type": ["http://schema.org/Text", "http://schema.org/Language"], "description": "The language of the content or performance or used in an action. Please use one of the language codes from the IETF BCP 47 standard. Supersedes language."}, "http://schema.org/accountablePerson": {"expected_type": ["http://schema.org/Person"], "description": "Specifies the Person that is legally accountable for the CreativeWork."}, "http://schema.org/headline": {"expected_type": ["http://schema.org/Text"], "description": "Headline of the article."}, "http://schema.org/discussionUrl": {"expected_type": ["http://schema.org/URL"], "description": "A link to the page containing the comments of the CreativeWork."}, "http://schema.org/locationCreated": {"expected_type": ["http://schema.org/Place"], "description": "The location where the CreativeWork was created, which may not be the same as the location depicted in the CreativeWork."}, "http://schema.org/isFamilyFriendly": {"expected_type": ["http://schema.org/Boolean"], "description": "Indicates whether this content is family friendly."}, "http://schema.org/encoding": {"expected_type": ["http://schema.org/MediaObject"], "description": "A media object that encodes this CreativeWork. This property is a synonym for associatedMedia. Supersedes encodings."}, "http://schema.org/learningResourceType": {"expected_type": ["http://schema.org/Text"], "description": "The predominant type or kind characterizing the learning resource. For example, 'presentation', 'handout'."}, "http://schema.org/comment": {"expected_type": ["http://schema.org/Comment"], "description": "Comments, typically from users."}, "http://schema.org/copyrightYear": {"expected_type": ["http://schema.org/Number"], "description": "The year during which the claimed copyright for the CreativeWork was first asserted."}, "http://schema.org/contentLocation": {"expected_type": ["http://schema.org/Place"], "description": "The location depicted or described in the content. For example, the location in a photograph or painting."}, "http://schema.org/license": {"expected_type": ["http://schema.org/URL", "http://schema.org/CreativeWork"], "description": "A license document that applies to this content, typically indicated by URL."}, "http://schema.org/educationalAlignment": {"expected_type": ["http://schema.org/AlignmentObject"], "description": "An alignment to an established educational framework."}, "http://schema.org/mainEntityOfPage": {"expected_type": ["http://schema.org/URL", "http://schema.org/CreativeWork"], "description": "Indicates a page (or other CreativeWork) for which this thing is the main entity being described. See background notes for details. Inverse property: mainEntity."}, "http://schema.org/isPartOf": {"expected_type": ["http://schema.org/CreativeWork"], "description": "Indicates a CreativeWork that this CreativeWork is (in some sense) part of. Inverse property: hasPart."}, "http://schema.org/thumbnailUrl": {"expected_type": ["http://schema.org/URL"], "description": "A thumbnail image relevant to the Thing."}, "http://schema.org/datePublished": {"expected_type": ["http://schema.org/Date"], "description": "Date of first broadcast/publication."}, "http://schema.org/mainEntity": {"expected_type": ["http://schema.org/Thing"], "description": "Indicates the primary entity described in some page or other CreativeWork. Inverse property: mainEntityOfPage."}, "http://schema.org/sourceOrganization": {"expected_type": ["http://schema.org/Organization"], "description": "The Organization on whose behalf the creator was working."}, "http://schema.org/audio": {"expected_type": ["http://schema.org/AudioObject"], "description": "An embedded audio object."}, "http://schema.org/contentRating": {"expected_type": ["http://schema.org/Text"], "description": "Official rating of a piece of content\u2014for example,'MPAA PG-13'."}, "http://schema.org/alternateName": {"expected_type": ["http://schema.org/Text"], "description": "An alias for the item."}, "http://schema.org/additionalType": {"expected_type": ["http://schema.org/URL"], "description": "An additional type for the item, typically used for adding more specific types from external vocabularies in microdata syntax. This is a relationship between something and a class that the thing is in. In RDFa syntax, it is better to use the native RDFa syntax - the 'typeof' attribute - for multiple types. Schema.org tools may have only weaker understanding of extra types, in particular those defined externally."}, "http://schema.org/publisher": {"expected_type": ["http://schema.org/Organization", "http://schema.org/Person"], "description": "The publisher of the creative work."}, "http://schema.org/video": {"expected_type": ["http://schema.org/VideoObject"], "description": "An embedded video object."}, "http://schema.org/dateModified": {"expected_type": ["http://schema.org/DateTime", "http://schema.org/Date"], "description": "The date on which the CreativeWork was most recently modified or when the item's entry was modified within a DataFeed."}, "http://schema.org/accessibilityHazard": {"expected_type": ["http://schema.org/Text"], "description": "A characteristic of the described resource that is physiologically dangerous to some users. Related to WCAG 2.0 guideline 2.3 (WebSchemas wiki lists possible values)."}}, "http://schema.org/Article": {"http://schema.org/accessibilityAPI": {"expected_type": ["http://schema.org/Text"], "description": "Indicates that the resource is compatible with the referenced accessibility API (WebSchemas wiki lists possible values)."}, "http://schema.org/provider": {"expected_type": ["http://schema.org/Organization", "http://schema.org/Person"], "description": "The service provider, service operator, or service performer; the goods producer. Another party (a seller) may offer those services or goods on behalf of the provider. A provider may also serve as the seller. Supersedes carrier."}, "http://schema.org/text": {"expected_type": ["http://schema.org/Text"], "description": "The textual content of this CreativeWork."}, "http://schema.org/releasedEvent": {"expected_type": ["http://schema.org/PublicationEvent"], "description": "The place and time the release was issued, expressed as a PublicationEvent."}, "http://schema.org/aggregateRating": {"expected_type": ["http://schema.org/AggregateRating"], "description": "The overall rating, based on a collection of reviews or ratings, of the item."}, "http://schema.org/name": {"expected_type": ["http://schema.org/Text"], "description": "The name of the item."}, "http://schema.org/about": {"expected_type": ["http://schema.org/Thing"], "description": "The subject matter of the content."}, "http://schema.org/copyrightHolder": {"expected_type": ["http://schema.org/Organization", "http://schema.org/Person"], "description": "The party holding the legal copyright to the CreativeWork."}, "http://schema.org/exampleOfWork": {"expected_type": ["http://schema.org/CreativeWork"], "description": "A creative work that this work is an example/instance/realization/derivation of. Inverse property: workExample."}, "http://schema.org/position": {"expected_type": ["http://schema.org/Text", "http://schema.org/Integer"], "description": "The position of an item in a series or sequence of items."}, "http://schema.org/locationCreated": {"expected_type": ["http://schema.org/Place"], "description": "The location where the CreativeWork was created, which may not be the same as the location depicted in the CreativeWork."}, "http://schema.org/publication": {"expected_type": ["http://schema.org/PublicationEvent"], "description": "A publication event associated with the item."}, "http://schema.org/genre": {"expected_type": ["http://schema.org/Text", "http://schema.org/URL"], "description": "Genre of the creative work or group."}, "http://schema.org/review": {"expected_type": ["http://schema.org/Review"], "description": "A review of the item. Supersedes reviews."}, "http://schema.org/dateCreated": {"expected_type": ["http://schema.org/DateTime", "http://schema.org/Date"], "description": "The date on which the CreativeWork was created or the item was added to a DataFeed."}, "http://schema.org/producer": {"expected_type": ["http://schema.org/Organization", "http://schema.org/Person"], "description": "The person or organization who produced the work (e.g. music album, movie, tv/radio series etc.)."}, "http://schema.org/isBasedOnUrl": {"expected_type": ["http://schema.org/URL"], "description": "A resource that was used in the creation of this resource. This term can be repeated for multiple sources. For example, http://example.com/great-multiplication-intro.html."}, "http://schema.org/audience": {"expected_type": ["http://schema.org/Audience"], "description": "An intended audience, i.e. a group for whom something was created. Supersedes serviceAudience."}, "http://schema.org/editor": {"expected_type": ["http://schema.org/Person"], "description": "Specifies the Person who edited the CreativeWork."}, "http://schema.org/offers": {"expected_type": ["http://schema.org/Offer"], "description": "An offer to provide this item\u2014for example, an offer to sell a product, rent the DVD of a movie, perform a service, or give away tickets to an event."}, "http://schema.org/recordedAt": {"expected_type": ["http://schema.org/Event"], "description": "The Event where the CreativeWork was recorded. The CreativeWork may capture all or part of the event. Inverse property: recordedIn."}, "http://schema.org/keywords": {"expected_type": ["http://schema.org/Text"], "description": "Keywords or tags used to describe this content. Multiple entries in a keywords list are typically delimited by commas."}, "http://schema.org/workExample": {"expected_type": ["http://schema.org/CreativeWork"], "description": "Example/instance/realization/derivation of the concept of this creative work. eg. The paperback edition, first edition, or eBook. Inverse property: exampleOfWork."}, "http://schema.org/alternateName": {"expected_type": ["http://schema.org/Text"], "description": "An alias for the item."}, "http://schema.org/pagination": {"expected_type": ["http://schema.org/Text"], "description": "Any description of pages that is not separated into pageStart and pageEnd; for example, \"1-6, 9, 55\" or \"10-12, 46-49\"."}, "http://schema.org/alternativeHeadline": {"expected_type": ["http://schema.org/Text"], "description": "A secondary title of the CreativeWork."}, "http://schema.org/creator": {"expected_type": ["http://schema.org/Organization", "http://schema.org/Person"], "description": "The creator/author of this CreativeWork. This is the same as the Author property for CreativeWork."}, "http://schema.org/accessibilityControl": {"expected_type": ["http://schema.org/Text"], "description": "Identifies input methods that are sufficient to fully control the described resource (WebSchemas wiki lists possible values)."}, "http://schema.org/version": {"expected_type": ["http://schema.org/Number"], "description": "The version of the CreativeWork embodied by a specified resource."}, "http://schema.org/interactivityType": {"expected_type": ["http://schema.org/Text"], "description": "The predominant mode of learning supported by the learning resource. Acceptable values are 'active', 'expositive', or 'mixed'."}, "http://schema.org/image": {"expected_type": ["http://schema.org/URL", "http://schema.org/ImageObject"], "description": "An image of the item. This can be a URL or a fully described ImageObject."}, "http://schema.org/author": {"expected_type": ["http://schema.org/Organization", "http://schema.org/Person"], "description": "The author of this content. Please note that author is special in that HTML 5 provides a special mechanism for indicating authorship via the rel tag. That is equivalent to this and may be used interchangeably."}, "http://schema.org/pageEnd": {"expected_type": ["http://schema.org/Text", "http://schema.org/Integer"], "description": "The page on which the work ends; for example \"138\" or \"xvi\"."}, "http://schema.org/contributor": {"expected_type": ["http://schema.org/Organization", "http://schema.org/Person"], "description": "A secondary contributor to the CreativeWork."}, "http://schema.org/mentions": {"expected_type": ["http://schema.org/Thing"], "description": "Indicates that the CreativeWork contains a reference to, but is not necessarily about a concept."}, "http://schema.org/schemaVersion": {"expected_type": ["http://schema.org/Text", "http://schema.org/URL"], "description": "Indicates (by URL or string) a particular version of a schema used in some CreativeWork. For example, a document could declare a schemaVersion using a URL such as http://schema.org/version/2.0/ if precise indication of schema version was required by some application."}, "http://schema.org/copyrightYear": {"expected_type": ["http://schema.org/Number"], "description": "The year during which the claimed copyright for the CreativeWork was first asserted."}, "http://schema.org/commentCount": {"expected_type": ["http://schema.org/Integer"], "description": "The number of comments this CreativeWork (e.g. Article, Question or Answer) has received. This is most applicable to works published in Web sites with commenting system; additional comments may exist elsewhere."}, "http://schema.org/typicalAgeRange": {"expected_type": ["http://schema.org/Text"], "description": "The typical expected age range, e.g. '7-9', '11-'."}, "http://schema.org/translator": {"expected_type": ["http://schema.org/Organization", "http://schema.org/Person"], "description": "Organization or person who adapts a creative work to different languages, regional differences and technical requirements of a target market."}, "http://schema.org/character": {"expected_type": ["http://schema.org/Person"], "description": "Fictional person connected with a creative work."}, "http://schema.org/url": {"expected_type": ["http://schema.org/URL"], "description": "URL of the item."}, "http://schema.org/publishingPrinciples": {"expected_type": ["http://schema.org/URL"], "description": "Link to page describing the editorial principles of the organization primarily responsible for the creation of the CreativeWork."}, "http://schema.org/potentialAction": {"expected_type": ["http://schema.org/Action"], "description": "Indicates a potential Action, which describes an idealized action in which this thing would play an 'object' role."}, "http://schema.org/accessibilityFeature": {"expected_type": ["http://schema.org/Text"], "description": "Content features of the resource, such as accessible media, alternatives and supported enhancements for accessibility (WebSchemas wiki lists possible values)."}, "http://schema.org/fileFormat": {"expected_type": ["http://schema.org/Text"], "description": "Media type (aka MIME format, see IANA site) of the content e.g. application/zip of a SoftwareApplication binary. In cases where a CreativeWork has several media type representations, 'encoding' can be used to indicate each MediaObject alongside particular fileFormat information."}, "http://schema.org/interactionStatistic": {"expected_type": ["http://schema.org/InteractionCounter"], "description": "The number of interactions for the CreativeWork using the WebSite or SoftwareApplication. The most specific child type of InteractionCounter should be used. Supersedes interactionCount."}, "http://schema.org/educationalUse": {"expected_type": ["http://schema.org/Text"], "description": "The purpose of a work in the context of education; for example, 'assignment', 'group work'."}, "http://schema.org/associatedMedia": {"expected_type": ["http://schema.org/MediaObject"], "description": "A media object that encodes this CreativeWork. This property is a synonym for encoding."}, "http://schema.org/sameAs": {"expected_type": ["http://schema.org/URL"], "description": "URL of a reference Web page that unambiguously indicates the item's identity. E.g. the URL of the item's Wikipedia page, Freebase page, or official website."}, "http://schema.org/timeRequired": {"expected_type": ["http://schema.org/Duration"], "description": "Approximate or typical time it takes to work with or through this learning resource for the typical intended target audience, e.g. 'P30M', 'P1H25M'."}, "http://schema.org/inLanguage": {"expected_type": ["http://schema.org/Text", "http://schema.org/Language"], "description": "The language of the content or performance or used in an action. Please use one of the language codes from the IETF BCP 47 standard. Supersedes language."}, "http://schema.org/accountablePerson": {"expected_type": ["http://schema.org/Person"], "description": "Specifies the Person that is legally accountable for the CreativeWork."}, "http://schema.org/wordCount": {"expected_type": ["http://schema.org/Integer"], "description": "The number of words in the text of the Article."}, "http://schema.org/headline": {"expected_type": ["http://schema.org/Text"], "description": "Headline of the article."}, "http://schema.org/isFamilyFriendly": {"expected_type": ["http://schema.org/Boolean"], "description": "Indicates whether this content is family friendly."}, "http://schema.org/discussionUrl": {"expected_type": ["http://schema.org/URL"], "description": "A link to the page containing the comments of the CreativeWork."}, "http://schema.org/isPartOf": {"expected_type": ["http://schema.org/CreativeWork"], "description": "Indicates a CreativeWork that this CreativeWork is (in some sense) part of. Inverse property: hasPart."}, "http://schema.org/award": {"expected_type": ["http://schema.org/Text"], "description": "An award won by or for this item. Supersedes awards."}, "http://schema.org/encoding": {"expected_type": ["http://schema.org/MediaObject"], "description": "A media object that encodes this CreativeWork. This property is a synonym for associatedMedia. Supersedes encodings."}, "http://schema.org/learningResourceType": {"expected_type": ["http://schema.org/Text"], "description": "The predominant type or kind characterizing the learning resource. For example, 'presentation', 'handout'."}, "http://schema.org/comment": {"expected_type": ["http://schema.org/Comment"], "description": "Comments, typically from users."}, "http://schema.org/articleBody": {"expected_type": ["http://schema.org/Text"], "description": "The actual body of the article."}, "http://schema.org/contentLocation": {"expected_type": ["http://schema.org/Place"], "description": "The location depicted or described in the content. For example, the location in a photograph or painting."}, "http://schema.org/citation": {"expected_type": ["http://schema.org/Text", "http://schema.org/CreativeWork"], "description": "A citation or reference to another creative work, such as another publication, web page, scholarly article, etc."}, "http://schema.org/description": {"expected_type": ["http://schema.org/Text"], "description": "A short description of the item."}, "http://schema.org/license": {"expected_type": ["http://schema.org/URL", "http://schema.org/CreativeWork"], "description": "A license document that applies to this content, typically indicated by URL."}, "http://schema.org/educationalAlignment": {"expected_type": ["http://schema.org/AlignmentObject"], "description": "An alignment to an established educational framework."}, "http://schema.org/mainEntityOfPage": {"expected_type": ["http://schema.org/URL", "http://schema.org/CreativeWork"], "description": "Indicates a page (or other CreativeWork) for which this thing is the main entity being described. See background notes for details. Inverse property: mainEntity."}, "http://schema.org/hasPart": {"expected_type": ["http://schema.org/CreativeWork"], "description": "Indicates a CreativeWork that is (in some sense) a part of this CreativeWork. Inverse property: isPartOf."}, "http://schema.org/thumbnailUrl": {"expected_type": ["http://schema.org/URL"], "description": "A thumbnail image relevant to the Thing."}, "http://schema.org/datePublished": {"expected_type": ["http://schema.org/Date"], "description": "Date of first broadcast/publication."}, "http://schema.org/mainEntity": {"expected_type": ["http://schema.org/Thing"], "description": "Indicates the primary entity described in some page or other CreativeWork. Inverse property: mainEntityOfPage."}, "http://schema.org/additionalType": {"expected_type": ["http://schema.org/URL"], "description": "An additional type for the item, typically used for adding more specific types from external vocabularies in microdata syntax. This is a relationship between something and a class that the thing is in. In RDFa syntax, it is better to use the native RDFa syntax - the 'typeof' attribute - for multiple types. Schema.org tools may have only weaker understanding of extra types, in particular those defined externally."}, "http://schema.org/sourceOrganization": {"expected_type": ["http://schema.org/Organization"], "description": "The Organization on whose behalf the creator was working."}, "http://schema.org/audio": {"expected_type": ["http://schema.org/AudioObject"], "description": "An embedded audio object."}, "http://schema.org/contentRating": {"expected_type": ["http://schema.org/Text"], "description": "Official rating of a piece of content\u2014for example,'MPAA PG-13'."}, "http://schema.org/articleSection": {"expected_type": ["http://schema.org/Text"], "description": "Articles may belong to one or more 'sections' in a magazine or newspaper, such as Sports, Lifestyle, etc."}, "http://schema.org/pageStart": {"expected_type": ["http://schema.org/Text", "http://schema.org/Integer"], "description": "The page on which the work starts; for example \"135\" or \"xiii\"."}, "http://schema.org/publisher": {"expected_type": ["http://schema.org/Organization", "http://schema.org/Person"], "description": "The publisher of the creative work."}, "http://schema.org/video": {"expected_type": ["http://schema.org/VideoObject"], "description": "An embedded video object."}, "http://schema.org/dateModified": {"expected_type": ["http://schema.org/DateTime", "http://schema.org/Date"], "description": "The date on which the CreativeWork was most recently modified or when the item's entry was modified within a DataFeed."}, "http://schema.org/accessibilityHazard": {"expected_type": ["http://schema.org/Text"], "description": "A characteristic of the described resource that is physiologically dangerous to some users. Related to WCAG 2.0 guideline 2.3 (WebSchemas wiki lists possible values)."}}, "http://schema.org/Thing": {"http://schema.org/image": {"expected_type": ["http://schema.org/URL", "http://schema.org/ImageObject"], "description": "An image of the item. This can be a URL or a fully described ImageObject."}, "http://schema.org/url": {"expected_type": ["http://schema.org/URL"], "description": "URL of the item."}, "http://schema.org/alternateName": {"expected_type": ["http://schema.org/Text"], "description": "An alias for the item."}, "http://schema.org/description": {"expected_type": ["http://schema.org/Text"], "description": "A short description of the item."}, "http://schema.org/potentialAction": {"expected_type": ["http://schema.org/Action"], "description": "Indicates a potential Action, which describes an idealized action in which this thing would play an 'object' role."}, "http://schema.org/mainEntityOfPage": {"expected_type": ["http://schema.org/URL", "http://schema.org/CreativeWork"], "description": "Indicates a page (or other CreativeWork) for which this thing is the main entity being described. See background notes for details. Inverse property: mainEntity."}, "http://schema.org/additionalType": {"expected_type": ["http://schema.org/URL"], "description": "An additional type for the item, typically used for adding more specific types from external vocabularies in microdata syntax. This is a relationship between something and a class that the thing is in. In RDFa syntax, it is better to use the native RDFa syntax - the 'typeof' attribute - for multiple types. Schema.org tools may have only weaker understanding of extra types, in particular those defined externally."}, "http://schema.org/name": {"expected_type": ["http://schema.org/Text"], "description": "The name of the item."}, "http://schema.org/sameAs": {"expected_type": ["http://schema.org/URL"], "description": "URL of a reference Web page that unambiguously indicates the item's identity. E.g. the URL of the item's Wikipedia page, Freebase page, or official website."}}}, "description": "A news article.", "format": "http://schema.org/NewsArticle", "id": "NewsArticle.json", "instances": {"http://schema.org/associatedArticle": {"description": "A NewsArticle associated with the Media Object.", "used_on_types": ["http://schema.org/MediaObject"]}}, "title": "NewsArticle"}