{"media": {"type": "application/json;profile=http://schema.org/NutritionInformation"}, "properties": {"http://schema.org/Thing": {"http://schema.org/image": {"expected_type": ["http://schema.org/URL", "http://schema.org/ImageObject"], "description": "An image of the item. This can be a URL or a fully described ImageObject."}, "http://schema.org/url": {"expected_type": ["http://schema.org/URL"], "description": "URL of the item."}, "http://schema.org/alternateName": {"expected_type": ["http://schema.org/Text"], "description": "An alias for the item."}, "http://schema.org/description": {"expected_type": ["http://schema.org/Text"], "description": "A short description of the item."}, "http://schema.org/potentialAction": {"expected_type": ["http://schema.org/Action"], "description": "Indicates a potential Action, which describes an idealized action in which this thing would play an 'object' role."}, "http://schema.org/mainEntityOfPage": {"expected_type": ["http://schema.org/URL", "http://schema.org/CreativeWork"], "description": "Indicates a page (or other CreativeWork) for which this thing is the main entity being described. See background notes for details. Inverse property: mainEntity."}, "http://schema.org/additionalType": {"expected_type": ["http://schema.org/URL"], "description": "An additional type for the item, typically used for adding more specific types from external vocabularies in microdata syntax. This is a relationship between something and a class that the thing is in. In RDFa syntax, it is better to use the native RDFa syntax - the 'typeof' attribute - for multiple types. Schema.org tools may have only weaker understanding of extra types, in particular those defined externally."}, "http://schema.org/name": {"expected_type": ["http://schema.org/Text"], "description": "The name of the item."}, "http://schema.org/sameAs": {"expected_type": ["http://schema.org/URL"], "description": "URL of a reference Web page that unambiguously indicates the item's identity. E.g. the URL of the item's Wikipedia page, Freebase page, or official website."}}, "http://schema.org/NutritionInformation": {"http://schema.org/calories": {"expected_type": ["http://schema.org/Energy"], "description": "The number of calories."}, "http://schema.org/saturatedFatContent": {"expected_type": ["http://schema.org/Mass"], "description": "The number of grams of saturated fat."}, "http://schema.org/url": {"expected_type": ["http://schema.org/URL"], "description": "URL of the item."}, "http://schema.org/fiberContent": {"expected_type": ["http://schema.org/Mass"], "description": "The number of grams of fiber."}, "http://schema.org/sodiumContent": {"expected_type": ["http://schema.org/Mass"], "description": "The number of milligrams of sodium."}, "http://schema.org/sugarContent": {"expected_type": ["http://schema.org/Mass"], "description": "The number of grams of sugar."}, "http://schema.org/description": {"expected_type": ["http://schema.org/Text"], "description": "A short description of the item."}, "http://schema.org/potentialAction": {"expected_type": ["http://schema.org/Action"], "description": "Indicates a potential Action, which describes an idealized action in which this thing would play an 'object' role."}, "http://schema.org/mainEntityOfPage": {"expected_type": ["http://schema.org/URL", "http://schema.org/CreativeWork"], "description": "Indicates a page (or other CreativeWork) for which this thing is the main entity being described. See background notes for details. Inverse property: mainEntity."}, "http://schema.org/proteinContent": {"expected_type": ["http://schema.org/Mass"], "description": "The number of grams of protein."}, "http://schema.org/name": {"expected_type": ["http://schema.org/Text"], "description": "The name of the item."}, "http://schema.org/cholesterolContent": {"expected_type": ["http://schema.org/Mass"], "description": "The number of milligrams of cholesterol."}, "http://schema.org/image": {"expected_type": ["http://schema.org/URL", "http://schema.org/ImageObject"], "description": "An image of the item. This can be a URL or a fully described ImageObject."}, "http://schema.org/transFatContent": {"expected_type": ["http://schema.org/Mass"], "description": "The number of grams of trans fat."}, "http://schema.org/unsaturatedFatContent": {"expected_type": ["http://schema.org/Mass"], "description": "The number of grams of unsaturated fat."}, "http://schema.org/alternateName": {"expected_type": ["http://schema.org/Text"], "description": "An alias for the item."}, "http://schema.org/additionalType": {"expected_type": ["http://schema.org/URL"], "description": "An additional type for the item, typically used for adding more specific types from external vocabularies in microdata syntax. This is a relationship between something and a class that the thing is in. In RDFa syntax, it is better to use the native RDFa syntax - the 'typeof' attribute - for multiple types. Schema.org tools may have only weaker understanding of extra types, in particular those defined externally."}, "http://schema.org/sameAs": {"expected_type": ["http://schema.org/URL"], "description": "URL of a reference Web page that unambiguously indicates the item's identity. E.g. the URL of the item's Wikipedia page, Freebase page, or official website."}, "http://schema.org/fatContent": {"expected_type": ["http://schema.org/Mass"], "description": "The number of grams of fat."}, "http://schema.org/carbohydrateContent": {"expected_type": ["http://schema.org/Mass"], "description": "The number of grams of carbohydrates."}, "http://schema.org/servingSize": {"expected_type": ["http://schema.org/Text"], "description": "The serving size, in terms of the number of volume or mass."}}}, "description": "Nutritional information about the recipe.", "format": "http://schema.org/NutritionInformation", "id": "NutritionInformation.json", "instances": {"http://schema.org/nutrition": {"description": "Nutrition information about the recipe.", "used_on_types": ["http://schema.org/Recipe"]}}, "title": "NutritionInformation"}