{"media": {"type": "application/json;profile=http://schema.org/Order"}, "properties": {"http://schema.org/Thing": {"http://schema.org/image": {"expected_type": ["http://schema.org/URL", "http://schema.org/ImageObject"], "description": "An image of the item. This can be a URL or a fully described ImageObject."}, "http://schema.org/url": {"expected_type": ["http://schema.org/URL"], "description": "URL of the item."}, "http://schema.org/alternateName": {"expected_type": ["http://schema.org/Text"], "description": "An alias for the item."}, "http://schema.org/description": {"expected_type": ["http://schema.org/Text"], "description": "A short description of the item."}, "http://schema.org/potentialAction": {"expected_type": ["http://schema.org/Action"], "description": "Indicates a potential Action, which describes an idealized action in which this thing would play an 'object' role."}, "http://schema.org/mainEntityOfPage": {"expected_type": ["http://schema.org/URL", "http://schema.org/CreativeWork"], "description": "Indicates a page (or other CreativeWork) for which this thing is the main entity being described. See background notes for details. Inverse property: mainEntity."}, "http://schema.org/additionalType": {"expected_type": ["http://schema.org/URL"], "description": "An additional type for the item, typically used for adding more specific types from external vocabularies in microdata syntax. This is a relationship between something and a class that the thing is in. In RDFa syntax, it is better to use the native RDFa syntax - the 'typeof' attribute - for multiple types. Schema.org tools may have only weaker understanding of extra types, in particular those defined externally."}, "http://schema.org/name": {"expected_type": ["http://schema.org/Text"], "description": "The name of the item."}, "http://schema.org/sameAs": {"expected_type": ["http://schema.org/URL"], "description": "URL of a reference Web page that unambiguously indicates the item's identity. E.g. the URL of the item's Wikipedia page, Freebase page, or official website."}}, "http://schema.org/Order": {"http://schema.org/image": {"expected_type": ["http://schema.org/URL", "http://schema.org/ImageObject"], "description": "An image of the item. This can be a URL or a fully described ImageObject."}, "http://schema.org/url": {"expected_type": ["http://schema.org/URL"], "description": "URL of the item."}, "http://schema.org/orderNumber": {"expected_type": ["http://schema.org/Text"], "description": "The identifier of the transaction."}, "http://schema.org/potentialAction": {"expected_type": ["http://schema.org/Action"], "description": "Indicates a potential Action, which describes an idealized action in which this thing would play an 'object' role."}, "http://schema.org/discountCurrency": {"expected_type": ["http://schema.org/Text"], "description": "The currency (in 3-letter ISO 4217 format) of the discount."}, "http://schema.org/orderedItem": {"expected_type": ["http://schema.org/OrderItem", "http://schema.org/Product"], "description": "The item ordered."}, "http://schema.org/name": {"expected_type": ["http://schema.org/Text"], "description": "The name of the item."}, "http://schema.org/isGift": {"expected_type": ["http://schema.org/Boolean"], "description": "Was the offer accepted as a gift for someone other than the buyer."}, "http://schema.org/alternateName": {"expected_type": ["http://schema.org/Text"], "description": "An alias for the item."}, "http://schema.org/seller": {"expected_type": ["http://schema.org/Organization", "http://schema.org/Person"], "description": "An entity which offers (sells / leases / lends / loans) the services / goods. A seller may also be a provider. Supersedes vendor, merchant."}, "http://schema.org/sameAs": {"expected_type": ["http://schema.org/URL"], "description": "URL of a reference Web page that unambiguously indicates the item's identity. E.g. the URL of the item's Wikipedia page, Freebase page, or official website."}, "http://schema.org/confirmationNumber": {"expected_type": ["http://schema.org/Text"], "description": "A number that confirms the given order or payment has been received."}, "http://schema.org/partOfInvoice": {"expected_type": ["http://schema.org/Invoice"], "description": "The order is being paid as part of the referenced Invoice."}, "http://schema.org/paymentUrl": {"expected_type": ["http://schema.org/URL"], "description": "The URL for sending a payment."}, "http://schema.org/description": {"expected_type": ["http://schema.org/Text"], "description": "A short description of the item."}, "http://schema.org/orderDelivery": {"expected_type": ["http://schema.org/ParcelDelivery"], "description": "The delivery of the parcel related to this order or order item."}, "http://schema.org/acceptedOffer": {"expected_type": ["http://schema.org/Offer"], "description": "The offer(s) -- e.g., product, quantity and price combinations -- included in the order."}, "http://schema.org/orderDate": {"expected_type": ["http://schema.org/DateTime"], "description": "Date order was placed."}, "http://schema.org/discount": {"expected_type": ["http://schema.org/Text", "http://schema.org/Number"], "description": "Any discount applied (to an Order)."}, "http://schema.org/broker": {"expected_type": ["http://schema.org/Organization", "http://schema.org/Person"], "description": "An entity that arranges for an exchange between a buyer and a seller. In most cases a broker never acquires or releases ownership of a product or service involved in an exchange. If it is not clear whether an entity is a broker, seller, or buyer, the latter two terms are preferred. Supersedes bookingAgent."}, "http://schema.org/orderStatus": {"expected_type": ["http://schema.org/OrderStatus"], "description": "The current status of the order."}, "http://schema.org/billingAddress": {"expected_type": ["http://schema.org/PostalAddress"], "description": "The billing address for the order."}, "http://schema.org/paymentDueDate": {"expected_type": ["http://schema.org/DateTime"], "description": "The date that payment is due. Supersedes paymentDue."}, "http://schema.org/mainEntityOfPage": {"expected_type": ["http://schema.org/URL", "http://schema.org/CreativeWork"], "description": "Indicates a page (or other CreativeWork) for which this thing is the main entity being described. See background notes for details. Inverse property: mainEntity."}, "http://schema.org/customer": {"expected_type": ["http://schema.org/Organization", "http://schema.org/Person"], "description": "Party placing the order or paying the invoice."}, "http://schema.org/additionalType": {"expected_type": ["http://schema.org/URL"], "description": "An additional type for the item, typically used for adding more specific types from external vocabularies in microdata syntax. This is a relationship between something and a class that the thing is in. In RDFa syntax, it is better to use the native RDFa syntax - the 'typeof' attribute - for multiple types. Schema.org tools may have only weaker understanding of extra types, in particular those defined externally."}, "http://schema.org/paymentMethodId": {"expected_type": ["http://schema.org/Text"], "description": "An identifier for the method of payment used (e.g. the last 4 digits of the credit card)."}, "http://schema.org/discountCode": {"expected_type": ["http://schema.org/Text"], "description": "Code used to redeem a discount."}, "http://schema.org/paymentMethod": {"expected_type": ["http://schema.org/PaymentMethod"], "description": "The name of the credit card or other method of payment for the order."}}}, "description": "An order is a confirmation of a transaction (a receipt), which can contain multiple line items, each represented by an Offer that has been accepted by the customer.", "format": "http://schema.org/Order", "id": "Order.json", "instances": {"http://schema.org/referencesOrder": {"description": "The Order(s) related to this Invoice. One or more Orders may be combined into a single Invoice.", "used_on_types": ["http://schema.org/Invoice"]}, "http://schema.org/partOfOrder": {"description": "The overall order the items in this delivery were included in.", "used_on_types": ["http://schema.org/ParcelDelivery"]}}, "title": "Order"}