{"media": {"type": "application/json;profile=http://schema.org/ParcelDelivery"}, "properties": {"http://schema.org/ParcelDelivery": {"http://schema.org/image": {"expected_type": ["http://schema.org/URL", "http://schema.org/ImageObject"], "description": "An image of the item. This can be a URL or a fully described ImageObject."}, "http://schema.org/expectedArrivalFrom": {"expected_type": ["http://schema.org/DateTime"], "description": "The earliest date the package may arrive."}, "http://schema.org/deliveryStatus": {"expected_type": ["http://schema.org/DeliveryEvent"], "description": "New entry added as the package passes through each leg of its journey (from shipment to final delivery)."}, "http://schema.org/itemShipped": {"expected_type": ["http://schema.org/Product"], "description": "Item(s) being shipped."}, "http://schema.org/description": {"expected_type": ["http://schema.org/Text"], "description": "A short description of the item."}, "http://schema.org/originAddress": {"expected_type": ["http://schema.org/PostalAddress"], "description": "Shipper's address."}, "http://schema.org/partOfOrder": {"expected_type": ["http://schema.org/Order"], "description": "The overall order the items in this delivery were included in."}, "http://schema.org/potentialAction": {"expected_type": ["http://schema.org/Action"], "description": "Indicates a potential Action, which describes an idealized action in which this thing would play an 'object' role."}, "http://schema.org/mainEntityOfPage": {"expected_type": ["http://schema.org/URL", "http://schema.org/CreativeWork"], "description": "Indicates a page (or other CreativeWork) for which this thing is the main entity being described. See background notes for details. Inverse property: mainEntity."}, "http://schema.org/sameAs": {"expected_type": ["http://schema.org/URL"], "description": "URL of a reference Web page that unambiguously indicates the item's identity. E.g. the URL of the item's Wikipedia page, Freebase page, or official website."}, "http://schema.org/trackingNumber": {"expected_type": ["http://schema.org/Text"], "description": "Shipper tracking number."}, "http://schema.org/deliveryAddress": {"expected_type": ["http://schema.org/PostalAddress"], "description": "Destination address."}, "http://schema.org/url": {"expected_type": ["http://schema.org/URL"], "description": "URL of the item."}, "http://schema.org/name": {"expected_type": ["http://schema.org/Text"], "description": "The name of the item."}, "http://schema.org/expectedArrivalUntil": {"expected_type": ["http://schema.org/DateTime"], "description": "The latest date the package may arrive."}, "http://schema.org/alternateName": {"expected_type": ["http://schema.org/Text"], "description": "An alias for the item."}, "http://schema.org/additionalType": {"expected_type": ["http://schema.org/URL"], "description": "An additional type for the item, typically used for adding more specific types from external vocabularies in microdata syntax. This is a relationship between something and a class that the thing is in. In RDFa syntax, it is better to use the native RDFa syntax - the 'typeof' attribute - for multiple types. Schema.org tools may have only weaker understanding of extra types, in particular those defined externally."}, "http://schema.org/hasDeliveryMethod": {"expected_type": ["http://schema.org/DeliveryMethod"], "description": "Method used for delivery or shipping."}, "http://schema.org/trackingUrl": {"expected_type": ["http://schema.org/URL"], "description": "Tracking url for the parcel delivery."}, "http://schema.org/provider": {"expected_type": ["http://schema.org/Organization", "http://schema.org/Person"], "description": "The service provider, service operator, or service performer; the goods producer. Another party (a seller) may offer those services or goods on behalf of the provider. A provider may also serve as the seller. Supersedes carrier."}}, "http://schema.org/Thing": {"http://schema.org/image": {"expected_type": ["http://schema.org/URL", "http://schema.org/ImageObject"], "description": "An image of the item. This can be a URL or a fully described ImageObject."}, "http://schema.org/url": {"expected_type": ["http://schema.org/URL"], "description": "URL of the item."}, "http://schema.org/alternateName": {"expected_type": ["http://schema.org/Text"], "description": "An alias for the item."}, "http://schema.org/description": {"expected_type": ["http://schema.org/Text"], "description": "A short description of the item."}, "http://schema.org/potentialAction": {"expected_type": ["http://schema.org/Action"], "description": "Indicates a potential Action, which describes an idealized action in which this thing would play an 'object' role."}, "http://schema.org/mainEntityOfPage": {"expected_type": ["http://schema.org/URL", "http://schema.org/CreativeWork"], "description": "Indicates a page (or other CreativeWork) for which this thing is the main entity being described. See background notes for details. Inverse property: mainEntity."}, "http://schema.org/additionalType": {"expected_type": ["http://schema.org/URL"], "description": "An additional type for the item, typically used for adding more specific types from external vocabularies in microdata syntax. This is a relationship between something and a class that the thing is in. In RDFa syntax, it is better to use the native RDFa syntax - the 'typeof' attribute - for multiple types. Schema.org tools may have only weaker understanding of extra types, in particular those defined externally."}, "http://schema.org/name": {"expected_type": ["http://schema.org/Text"], "description": "The name of the item."}, "http://schema.org/sameAs": {"expected_type": ["http://schema.org/URL"], "description": "URL of a reference Web page that unambiguously indicates the item's identity. E.g. the URL of the item's Wikipedia page, Freebase page, or official website."}}}, "description": "The delivery of a parcel either via the postal service or a commercial service.", "format": "http://schema.org/ParcelDelivery", "id": "ParcelDelivery.json", "instances": {"http://schema.org/orderDelivery": {"description": "The delivery of the parcel related to this order or order item.", "used_on_types": ["http://schema.org/OrderItem"]}}, "title": "ParcelDelivery"}