{"media": {"type": "application/json;profile=http://schema.org/PaymentMethod"}, "properties": {"http://schema.org/Thing": {"http://schema.org/image": {"expected_type": ["http://schema.org/URL", "http://schema.org/ImageObject"], "description": "An image of the item. This can be a URL or a fully described ImageObject."}, "http://schema.org/url": {"expected_type": ["http://schema.org/URL"], "description": "URL of the item."}, "http://schema.org/alternateName": {"expected_type": ["http://schema.org/Text"], "description": "An alias for the item."}, "http://schema.org/description": {"expected_type": ["http://schema.org/Text"], "description": "A short description of the item."}, "http://schema.org/potentialAction": {"expected_type": ["http://schema.org/Action"], "description": "Indicates a potential Action, which describes an idealized action in which this thing would play an 'object' role."}, "http://schema.org/mainEntityOfPage": {"expected_type": ["http://schema.org/URL", "http://schema.org/CreativeWork"], "description": "Indicates a page (or other CreativeWork) for which this thing is the main entity being described. See background notes for details. Inverse property: mainEntity."}, "http://schema.org/additionalType": {"expected_type": ["http://schema.org/URL"], "description": "An additional type for the item, typically used for adding more specific types from external vocabularies in microdata syntax. This is a relationship between something and a class that the thing is in. In RDFa syntax, it is better to use the native RDFa syntax - the 'typeof' attribute - for multiple types. Schema.org tools may have only weaker understanding of extra types, in particular those defined externally."}, "http://schema.org/name": {"expected_type": ["http://schema.org/Text"], "description": "The name of the item."}, "http://schema.org/sameAs": {"expected_type": ["http://schema.org/URL"], "description": "URL of a reference Web page that unambiguously indicates the item's identity. E.g. the URL of the item's Wikipedia page, Freebase page, or official website."}}, "http://schema.org/Enumeration": {"http://schema.org/image": {"expected_type": ["http://schema.org/URL", "http://schema.org/ImageObject"], "description": "An image of the item. This can be a URL or a fully described ImageObject."}, "http://schema.org/url": {"expected_type": ["http://schema.org/URL"], "description": "URL of the item."}, "http://schema.org/alternateName": {"expected_type": ["http://schema.org/Text"], "description": "An alias for the item."}, "http://schema.org/description": {"expected_type": ["http://schema.org/Text"], "description": "A short description of the item."}, "http://schema.org/potentialAction": {"expected_type": ["http://schema.org/Action"], "description": "Indicates a potential Action, which describes an idealized action in which this thing would play an 'object' role."}, "http://schema.org/mainEntityOfPage": {"expected_type": ["http://schema.org/URL", "http://schema.org/CreativeWork"], "description": "Indicates a page (or other CreativeWork) for which this thing is the main entity being described. See background notes for details. Inverse property: mainEntity."}, "http://schema.org/additionalType": {"expected_type": ["http://schema.org/URL"], "description": "An additional type for the item, typically used for adding more specific types from external vocabularies in microdata syntax. This is a relationship between something and a class that the thing is in. In RDFa syntax, it is better to use the native RDFa syntax - the 'typeof' attribute - for multiple types. Schema.org tools may have only weaker understanding of extra types, in particular those defined externally."}, "http://schema.org/supersededBy": {"expected_type": ["http://schema.org/Property", "http://schema.org/Enumeration", "http://schema.org/Class"], "description": "Relates a term (i.e. a property, class or enumeration) to one that supersedes it."}, "http://schema.org/name": {"expected_type": ["http://schema.org/Text"], "description": "The name of the item."}, "http://schema.org/sameAs": {"expected_type": ["http://schema.org/URL"], "description": "URL of a reference Web page that unambiguously indicates the item's identity. E.g. the URL of the item's Wikipedia page, Freebase page, or official website."}}}, "description": "A payment method is a standardized procedure for transferring the monetary amount for a purchase. Payment methods are characterized by the legal and technical structures used, and by the organization or group carrying out the transaction.\n\n    Commonly used values:\n\n    http://purl.org/goodrelations/v1#ByBankTransferInAdvance \n    http://purl.org/goodrelations/v1#ByInvoice \n    http://purl.org/goodrelations/v1#Cash \n    http://purl.org/goodrelations/v1#CheckInAdvance \n    http://purl.org/goodrelations/v1#COD \n    http://purl.org/goodrelations/v1#DirectDebit \n    http://purl.org/goodrelations/v1#GoogleCheckout \n    http://purl.org/goodrelations/v1#PayPal \n    http://purl.org/goodrelations/v1#PaySwarm", "format": "http://schema.org/PaymentMethod", "id": "PaymentMethod.json", "instances": {"http://schema.org/acceptedPaymentMethod": {"description": "The payment method(s) accepted by seller for this offer.", "used_on_types": ["http://schema.org/Demand"]}, "http://schema.org/appliesToPaymentMethod": {"description": "The payment method(s) to which the payment charge specification applies.", "used_on_types": ["http://schema.org/PaymentChargeSpecification"]}, "http://schema.org/paymentMethod": {"description": "The name of the credit card or other method of payment for the order.", "used_on_types": ["http://schema.org/Order"]}}, "title": "PaymentMethod"}