{"media": {"type": "application/json;profile=http://schema.org/PhysicalActivity"}, "properties": {"http://schema.org/MedicalTherapy": {"http://schema.org/seriousAdverseOutcome": {"expected_type": ["http://schema.org/MedicalEntity"], "description": "A possible serious complication and/or serious side effect of this therapy. Serious adverse outcomes include those that are life-threatening; result in death, disability, or permanent damage; require hospitalization or prolong existing hospitalization; cause congenital anomalies or birth defects; or jeopardize the patient and may require medical or surgical intervention to prevent one of the outcomes in this definition."}, "http://schema.org/image": {"expected_type": ["http://schema.org/URL", "http://schema.org/ImageObject"], "description": "An image of the item. This can be a URL or a fully described ImageObject."}, "http://schema.org/medicineSystem": {"expected_type": ["http://schema.org/MedicineSystem"], "description": "The system of medicine that includes this MedicalEntity, for example 'evidence-based', 'homeopathic', 'chiropractic', etc."}, "http://schema.org/potentialAction": {"expected_type": ["http://schema.org/Action"], "description": "Indicates a potential Action, which describes an idealized action in which this thing would play an 'object' role."}, "http://schema.org/description": {"expected_type": ["http://schema.org/Text"], "description": "A short description of the item."}, "http://schema.org/relevantSpecialty": {"expected_type": ["http://schema.org/MedicalSpecialty"], "description": "If applicable, a medical specialty in which this entity is relevant."}, "http://schema.org/recognizingAuthority": {"expected_type": ["http://schema.org/Organization"], "description": "If applicable, the organization that officially recognizes this entity as part of its endorsed system of medicine."}, "http://schema.org/mainEntityOfPage": {"expected_type": ["http://schema.org/URL", "http://schema.org/CreativeWork"], "description": "Indicates a page (or other CreativeWork) for which this thing is the main entity being described. See background notes for details. Inverse property: mainEntity."}, "http://schema.org/name": {"expected_type": ["http://schema.org/Text"], "description": "The name of the item."}, "http://schema.org/study": {"expected_type": ["http://schema.org/MedicalStudy"], "description": "A medical study or trial related to this entity."}, "http://schema.org/duplicateTherapy": {"expected_type": ["http://schema.org/MedicalTherapy"], "description": "A therapy that duplicates or overlaps this one."}, "http://schema.org/contraindication": {"expected_type": ["http://schema.org/MedicalContraindication"], "description": "A contraindication for this therapy."}, "http://schema.org/url": {"expected_type": ["http://schema.org/URL"], "description": "URL of the item."}, "http://schema.org/alternateName": {"expected_type": ["http://schema.org/Text"], "description": "An alias for the item."}, "http://schema.org/indication": {"expected_type": ["http://schema.org/MedicalIndication"], "description": "A factor that indicates use of this therapy for treatment and/or prevention of a condition, symptom, etc. For therapies such as drugs, indications can include both officially-approved indications as well as off-label uses. These can be distinguished by using the ApprovedIndication subtype of MedicalIndication."}, "http://schema.org/code": {"expected_type": ["http://schema.org/MedicalCode"], "description": "A medical code for the entity, taken from a controlled vocabulary or ontology such as ICD-9, DiseasesDB, MeSH, SNOMED-CT, RxNorm, etc."}, "http://schema.org/additionalType": {"expected_type": ["http://schema.org/URL"], "description": "An additional type for the item, typically used for adding more specific types from external vocabularies in microdata syntax. This is a relationship between something and a class that the thing is in. In RDFa syntax, it is better to use the native RDFa syntax - the 'typeof' attribute - for multiple types. Schema.org tools may have only weaker understanding of extra types, in particular those defined externally."}, "http://schema.org/guideline": {"expected_type": ["http://schema.org/MedicalGuideline"], "description": "A medical guideline related to this entity."}, "http://schema.org/adverseOutcome": {"expected_type": ["http://schema.org/MedicalEntity"], "description": "A possible complication and/or side effect of this therapy. If it is known that an adverse outcome is serious (resulting in death, disability, or permanent damage; requiring hospitalization; or is otherwise life-threatening or requires immediate medical attention), tag it as a seriouseAdverseOutcome instead."}, "http://schema.org/sameAs": {"expected_type": ["http://schema.org/URL"], "description": "URL of a reference Web page that unambiguously indicates the item's identity. E.g. the URL of the item's Wikipedia page, Freebase page, or official website."}}, "http://schema.org/PhysicalActivity": {"http://schema.org/medicineSystem": {"expected_type": ["http://schema.org/MedicineSystem"], "description": "The system of medicine that includes this MedicalEntity, for example 'evidence-based', 'homeopathic', 'chiropractic', etc."}, "http://schema.org/potentialAction": {"expected_type": ["http://schema.org/Action"], "description": "Indicates a potential Action, which describes an idealized action in which this thing would play an 'object' role."}, "http://schema.org/name": {"expected_type": ["http://schema.org/Text"], "description": "The name of the item."}, "http://schema.org/pathophysiology": {"expected_type": ["http://schema.org/Text"], "description": "Changes in the normal mechanical, physical, and biochemical functions that are associated with this activity or condition."}, "http://schema.org/contraindication": {"expected_type": ["http://schema.org/MedicalContraindication"], "description": "A contraindication for this therapy."}, "http://schema.org/alternateName": {"expected_type": ["http://schema.org/Text"], "description": "An alias for the item."}, "http://schema.org/category": {"expected_type": ["http://schema.org/Thing", "http://schema.org/Text", "http://schema.org/PhysicalActivityCategory"], "description": "A category for the item. Greater signs or slashes can be used to informally indicate a category hierarchy."}, "http://schema.org/indication": {"expected_type": ["http://schema.org/MedicalIndication"], "description": "A factor that indicates use of this therapy for treatment and/or prevention of a condition, symptom, etc. For therapies such as drugs, indications can include both officially-approved indications as well as off-label uses. These can be distinguished by using the ApprovedIndication subtype of MedicalIndication."}, "http://schema.org/code": {"expected_type": ["http://schema.org/MedicalCode"], "description": "A medical code for the entity, taken from a controlled vocabulary or ontology such as ICD-9, DiseasesDB, MeSH, SNOMED-CT, RxNorm, etc."}, "http://schema.org/guideline": {"expected_type": ["http://schema.org/MedicalGuideline"], "description": "A medical guideline related to this entity."}, "http://schema.org/sameAs": {"expected_type": ["http://schema.org/URL"], "description": "URL of a reference Web page that unambiguously indicates the item's identity. E.g. the URL of the item's Wikipedia page, Freebase page, or official website."}, "http://schema.org/seriousAdverseOutcome": {"expected_type": ["http://schema.org/MedicalEntity"], "description": "A possible serious complication and/or serious side effect of this therapy. Serious adverse outcomes include those that are life-threatening; result in death, disability, or permanent damage; require hospitalization or prolong existing hospitalization; cause congenital anomalies or birth defects; or jeopardize the patient and may require medical or surgical intervention to prevent one of the outcomes in this definition."}, "http://schema.org/study": {"expected_type": ["http://schema.org/MedicalStudy"], "description": "A medical study or trial related to this entity."}, "http://schema.org/description": {"expected_type": ["http://schema.org/Text"], "description": "A short description of the item."}, "http://schema.org/relevantSpecialty": {"expected_type": ["http://schema.org/MedicalSpecialty"], "description": "If applicable, a medical specialty in which this entity is relevant."}, "http://schema.org/recognizingAuthority": {"expected_type": ["http://schema.org/Organization"], "description": "If applicable, the organization that officially recognizes this entity as part of its endorsed system of medicine."}, "http://schema.org/mainEntityOfPage": {"expected_type": ["http://schema.org/URL", "http://schema.org/CreativeWork"], "description": "Indicates a page (or other CreativeWork) for which this thing is the main entity being described. See background notes for details. Inverse property: mainEntity."}, "http://schema.org/epidemiology": {"expected_type": ["http://schema.org/Text"], "description": "The characteristics of associated patients, such as age, gender, race etc."}, "http://schema.org/image": {"expected_type": ["http://schema.org/URL", "http://schema.org/ImageObject"], "description": "An image of the item. This can be a URL or a fully described ImageObject."}, "http://schema.org/url": {"expected_type": ["http://schema.org/URL"], "description": "URL of the item."}, "http://schema.org/duplicateTherapy": {"expected_type": ["http://schema.org/MedicalTherapy"], "description": "A therapy that duplicates or overlaps this one."}, "http://schema.org/associatedAnatomy": {"expected_type": ["http://schema.org/AnatomicalStructure", "http://schema.org/AnatomicalSystem", "http://schema.org/SuperficialAnatomy"], "description": "The anatomy of the underlying organ system or structures associated with this entity."}, "http://schema.org/additionalType": {"expected_type": ["http://schema.org/URL"], "description": "An additional type for the item, typically used for adding more specific types from external vocabularies in microdata syntax. This is a relationship between something and a class that the thing is in. In RDFa syntax, it is better to use the native RDFa syntax - the 'typeof' attribute - for multiple types. Schema.org tools may have only weaker understanding of extra types, in particular those defined externally."}, "http://schema.org/adverseOutcome": {"expected_type": ["http://schema.org/MedicalEntity"], "description": "A possible complication and/or side effect of this therapy. If it is known that an adverse outcome is serious (resulting in death, disability, or permanent damage; requiring hospitalization; or is otherwise life-threatening or requires immediate medical attention), tag it as a seriouseAdverseOutcome instead."}}, "http://schema.org/MedicalEntity": {"http://schema.org/url": {"expected_type": ["http://schema.org/URL"], "description": "URL of the item."}, "http://schema.org/medicineSystem": {"expected_type": ["http://schema.org/MedicineSystem"], "description": "The system of medicine that includes this MedicalEntity, for example 'evidence-based', 'homeopathic', 'chiropractic', etc."}, "http://schema.org/potentialAction": {"expected_type": ["http://schema.org/Action"], "description": "Indicates a potential Action, which describes an idealized action in which this thing would play an 'object' role."}, "http://schema.org/description": {"expected_type": ["http://schema.org/Text"], "description": "A short description of the item."}, "http://schema.org/relevantSpecialty": {"expected_type": ["http://schema.org/MedicalSpecialty"], "description": "If applicable, a medical specialty in which this entity is relevant."}, "http://schema.org/recognizingAuthority": {"expected_type": ["http://schema.org/Organization"], "description": "If applicable, the organization that officially recognizes this entity as part of its endorsed system of medicine."}, "http://schema.org/mainEntityOfPage": {"expected_type": ["http://schema.org/URL", "http://schema.org/CreativeWork"], "description": "Indicates a page (or other CreativeWork) for which this thing is the main entity being described. See background notes for details. Inverse property: mainEntity."}, "http://schema.org/name": {"expected_type": ["http://schema.org/Text"], "description": "The name of the item."}, "http://schema.org/study": {"expected_type": ["http://schema.org/MedicalStudy"], "description": "A medical study or trial related to this entity."}, "http://schema.org/image": {"expected_type": ["http://schema.org/URL", "http://schema.org/ImageObject"], "description": "An image of the item. This can be a URL or a fully described ImageObject."}, "http://schema.org/alternateName": {"expected_type": ["http://schema.org/Text"], "description": "An alias for the item."}, "http://schema.org/code": {"expected_type": ["http://schema.org/MedicalCode"], "description": "A medical code for the entity, taken from a controlled vocabulary or ontology such as ICD-9, DiseasesDB, MeSH, SNOMED-CT, RxNorm, etc."}, "http://schema.org/additionalType": {"expected_type": ["http://schema.org/URL"], "description": "An additional type for the item, typically used for adding more specific types from external vocabularies in microdata syntax. This is a relationship between something and a class that the thing is in. In RDFa syntax, it is better to use the native RDFa syntax - the 'typeof' attribute - for multiple types. Schema.org tools may have only weaker understanding of extra types, in particular those defined externally."}, "http://schema.org/guideline": {"expected_type": ["http://schema.org/MedicalGuideline"], "description": "A medical guideline related to this entity."}, "http://schema.org/sameAs": {"expected_type": ["http://schema.org/URL"], "description": "URL of a reference Web page that unambiguously indicates the item's identity. E.g. the URL of the item's Wikipedia page, Freebase page, or official website."}}, "http://schema.org/Thing": {"http://schema.org/image": {"expected_type": ["http://schema.org/URL", "http://schema.org/ImageObject"], "description": "An image of the item. This can be a URL or a fully described ImageObject."}, "http://schema.org/url": {"expected_type": ["http://schema.org/URL"], "description": "URL of the item."}, "http://schema.org/alternateName": {"expected_type": ["http://schema.org/Text"], "description": "An alias for the item."}, "http://schema.org/description": {"expected_type": ["http://schema.org/Text"], "description": "A short description of the item."}, "http://schema.org/potentialAction": {"expected_type": ["http://schema.org/Action"], "description": "Indicates a potential Action, which describes an idealized action in which this thing would play an 'object' role."}, "http://schema.org/mainEntityOfPage": {"expected_type": ["http://schema.org/URL", "http://schema.org/CreativeWork"], "description": "Indicates a page (or other CreativeWork) for which this thing is the main entity being described. See background notes for details. Inverse property: mainEntity."}, "http://schema.org/additionalType": {"expected_type": ["http://schema.org/URL"], "description": "An additional type for the item, typically used for adding more specific types from external vocabularies in microdata syntax. This is a relationship between something and a class that the thing is in. In RDFa syntax, it is better to use the native RDFa syntax - the 'typeof' attribute - for multiple types. Schema.org tools may have only weaker understanding of extra types, in particular those defined externally."}, "http://schema.org/name": {"expected_type": ["http://schema.org/Text"], "description": "The name of the item."}, "http://schema.org/sameAs": {"expected_type": ["http://schema.org/URL"], "description": "URL of a reference Web page that unambiguously indicates the item's identity. E.g. the URL of the item's Wikipedia page, Freebase page, or official website."}}}, "description": "Any bodily activity that enhances or maintains physical fitness and overall health and wellness. Includes activity that is part of daily living and routine, structured exercise, and exercise prescribed as part of a medical treatment or recovery plan.", "format": "http://schema.org/PhysicalActivity", "id": "PhysicalActivity.json", "instances": {}, "title": "PhysicalActivity"}