{"media": {"type": "application/json;profile=http://schema.org/Place"}, "properties": {"http://schema.org/Thing": {"http://schema.org/image": {"expected_type": ["http://schema.org/URL", "http://schema.org/ImageObject"], "description": "An image of the item. This can be a URL or a fully described ImageObject."}, "http://schema.org/url": {"expected_type": ["http://schema.org/URL"], "description": "URL of the item."}, "http://schema.org/alternateName": {"expected_type": ["http://schema.org/Text"], "description": "An alias for the item."}, "http://schema.org/description": {"expected_type": ["http://schema.org/Text"], "description": "A short description of the item."}, "http://schema.org/potentialAction": {"expected_type": ["http://schema.org/Action"], "description": "Indicates a potential Action, which describes an idealized action in which this thing would play an 'object' role."}, "http://schema.org/mainEntityOfPage": {"expected_type": ["http://schema.org/URL", "http://schema.org/CreativeWork"], "description": "Indicates a page (or other CreativeWork) for which this thing is the main entity being described. See background notes for details. Inverse property: mainEntity."}, "http://schema.org/additionalType": {"expected_type": ["http://schema.org/URL"], "description": "An additional type for the item, typically used for adding more specific types from external vocabularies in microdata syntax. This is a relationship between something and a class that the thing is in. In RDFa syntax, it is better to use the native RDFa syntax - the 'typeof' attribute - for multiple types. Schema.org tools may have only weaker understanding of extra types, in particular those defined externally."}, "http://schema.org/name": {"expected_type": ["http://schema.org/Text"], "description": "The name of the item."}, "http://schema.org/sameAs": {"expected_type": ["http://schema.org/URL"], "description": "URL of a reference Web page that unambiguously indicates the item's identity. E.g. the URL of the item's Wikipedia page, Freebase page, or official website."}}, "http://schema.org/Place": {"http://schema.org/photo": {"expected_type": ["http://schema.org/Photograph", "http://schema.org/ImageObject"], "description": "A photograph of this place. Supersedes photos."}, "http://schema.org/url": {"expected_type": ["http://schema.org/URL"], "description": "URL of the item."}, "http://schema.org/review": {"expected_type": ["http://schema.org/Review"], "description": "A review of the item. Supersedes reviews."}, "http://schema.org/branchCode": {"expected_type": ["http://schema.org/Text"], "description": "A short textual code (also called \"store code\") that uniquely identifies a place of business. The code is typically assigned by the parentOrganization and used in structured URLs. For example, in the URL http://www.starbucks.co.uk/store-locator/etc/detail/3047 the code \"3047\" is a branchCode for a particular branch."}, "http://schema.org/aggregateRating": {"expected_type": ["http://schema.org/AggregateRating"], "description": "The overall rating, based on a collection of reviews or ratings, of the item."}, "http://schema.org/hasMap": {"expected_type": ["http://schema.org/URL", "http://schema.org/Map"], "description": "A URL to a map of the place. Supersedes map, maps."}, "http://schema.org/potentialAction": {"expected_type": ["http://schema.org/Action"], "description": "Indicates a potential Action, which describes an idealized action in which this thing would play an 'object' role."}, "http://schema.org/geo": {"expected_type": ["http://schema.org/GeoCoordinates", "http://schema.org/GeoShape"], "description": "The geo coordinates of the place."}, "http://schema.org/name": {"expected_type": ["http://schema.org/Text"], "description": "The name of the item."}, "http://schema.org/alternateName": {"expected_type": ["http://schema.org/Text"], "description": "An alias for the item."}, "http://schema.org/faxNumber": {"expected_type": ["http://schema.org/Text"], "description": "The fax number."}, "http://schema.org/telephone": {"expected_type": ["http://schema.org/Text"], "description": "The telephone number."}, "http://schema.org/mainEntityOfPage": {"expected_type": ["http://schema.org/URL", "http://schema.org/CreativeWork"], "description": "Indicates a page (or other CreativeWork) for which this thing is the main entity being described. See background notes for details. Inverse property: mainEntity."}, "http://schema.org/openingHoursSpecification": {"expected_type": ["http://schema.org/OpeningHoursSpecification"], "description": "The opening hours of a certain place."}, "http://schema.org/description": {"expected_type": ["http://schema.org/Text"], "description": "A short description of the item."}, "http://schema.org/event": {"expected_type": ["http://schema.org/Event"], "description": "Upcoming or past event associated with this place, organization, or action. Supersedes events."}, "http://schema.org/additionalProperty": {"expected_type": ["http://schema.org/PropertyValue"], "description": "A property-value pair representing an additional characteristics of the entitity, e.g. a product feature or another characteristic for which there is no matching property in schema.org. Note: Publishers should be aware that applications designed to use specific schema.org properties (e.g. http://schema.org/width, http://schema.org/color, http://schema.org/gtin13, ...) will typically expect such data to be provided using those properties, rather than using the generic property/value mechanism."}, "http://schema.org/containsPlace": {"expected_type": ["http://schema.org/Place"], "description": "The basic containment relation between a place and another that it contains. Inverse property: containsPlace."}, "http://schema.org/isicV4": {"expected_type": ["http://schema.org/Text"], "description": "The International Standard of Industrial Classification of All Economic Activities (ISIC), Revision 4 code for a particular organization, business person, or place."}, "http://schema.org/image": {"expected_type": ["http://schema.org/URL", "http://schema.org/ImageObject"], "description": "An image of the item. This can be a URL or a fully described ImageObject."}, "http://schema.org/globalLocationNumber": {"expected_type": ["http://schema.org/Text"], "description": "The Global Location Number (GLN, sometimes also referred to as International Location Number or ILN) of the respective organization, person, or place. The GLN is a 13-digit number used to identify parties and physical locations."}, "http://schema.org/address": {"expected_type": ["http://schema.org/Text", "http://schema.org/PostalAddress"], "description": "Physical address of the item."}, "http://schema.org/containedInPlace": {"expected_type": ["http://schema.org/Place"], "description": "The basic containment relation between a place and one that contains it. Supersedes containedIn. Inverse property: containsPlace."}, "http://schema.org/additionalType": {"expected_type": ["http://schema.org/URL"], "description": "An additional type for the item, typically used for adding more specific types from external vocabularies in microdata syntax. This is a relationship between something and a class that the thing is in. In RDFa syntax, it is better to use the native RDFa syntax - the 'typeof' attribute - for multiple types. Schema.org tools may have only weaker understanding of extra types, in particular those defined externally."}, "http://schema.org/sameAs": {"expected_type": ["http://schema.org/URL"], "description": "URL of a reference Web page that unambiguously indicates the item's identity. E.g. the URL of the item's Wikipedia page, Freebase page, or official website."}, "http://schema.org/logo": {"expected_type": ["http://schema.org/URL", "http://schema.org/ImageObject"], "description": "An associated logo."}}}, "description": "Entities that have a somewhat fixed, physical extension.", "format": "http://schema.org/Place", "id": "Place.json", "instances": {"http://schema.org/ineligibleRegion": {"description": "The ISO 3166-1 (ISO 3166-1 alpha-2) or ISO 3166-2 code, the place, or the GeoShape for the geo-political region(s) for which the offer or delivery charge specification is not valid, e.g. a region where the transaction is not allowed. See also eligibleRegion.", "used_on_types": ["http://schema.org/Offer"]}, "http://schema.org/fromLocation": {"description": "A sub property of location. The original location of the object or the agent before the action.", "used_on_types": ["http://schema.org/ExerciseAction"]}, "http://schema.org/foodEstablishment": {"description": "A sub property of location. The specific food establishment where the action occurred.", "used_on_types": ["http://schema.org/CookAction"]}, "http://schema.org/foundingLocation": {"description": "The place where the Organization was founded.", "used_on_types": ["http://schema.org/Organization"]}, "http://schema.org/exerciseCourse": {"description": "A sub property of location. The course where this action was taken. Supersedes course.", "used_on_types": ["http://schema.org/ExerciseAction"]}, "http://schema.org/dropoffLocation": {"description": "Where a rental car can be dropped off.", "used_on_types": ["http://schema.org/RentalCarReservation"]}, "http://schema.org/containedInPlace": {"description": "The basic containment relation between a place and one that contains it. Supersedes containedIn. inverse property: containsPlace.", "used_on_types": ["http://schema.org/Place"]}, "http://schema.org/locationCreated": {"description": "The location where the CreativeWork was created, which may not be the same as the location depicted in the CreativeWork.", "used_on_types": ["http://schema.org/CreativeWork"]}, "http://schema.org/birthPlace": {"description": "The place where the person was born.", "used_on_types": ["http://schema.org/Person"]}, "http://schema.org/location": {"description": "The location of for example where the event is happening, an organization is located, or where an action takes place.", "used_on_types": ["http://schema.org/Event"]}, "http://schema.org/pickupLocation": {"description": "Where a taxi will pick up a passenger or a rental car can be picked up.", "used_on_types": ["http://schema.org/TaxiReservation"]}, "http://schema.org/deathPlace": {"description": "The place where the person died.", "used_on_types": ["http://schema.org/Person"]}, "http://schema.org/contentLocation": {"description": "The location depicted or described in the content. For example, the location in a photograph or painting.", "used_on_types": ["http://schema.org/CreativeWork"]}, "http://schema.org/regionsAllowed": {"description": "The regions where the media is allowed. If not specified, then it's assumed to be allowed everywhere. Specify the countries in ISO 3166 format.", "used_on_types": ["http://schema.org/MediaObject"]}, "http://schema.org/spatial": {"description": "The range of spatial applicability of a dataset, e.g. for a dataset of New York weather, the state of New York.", "used_on_types": ["http://schema.org/Dataset"]}, "http://schema.org/homeLocation": {"description": "A contact location for a person's residence.", "used_on_types": ["http://schema.org/Person"]}, "http://schema.org/eligibleRegion": {"description": "The ISO 3166-1 (ISO 3166-1 alpha-2) or ISO 3166-2 code, the place, or the GeoShape for the geo-political region(s) for which the offer or delivery charge specification is valid. See also ineligibleRegion.", "used_on_types": ["http://schema.org/Offer"]}, "http://schema.org/containsPlace": {"description": "The basic containment relation between a place and another that it contains. inverse property: containsPlace.", "used_on_types": ["http://schema.org/Place"]}, "http://schema.org/areaServed": {"description": "The geographic area where a service or offered item is provided. Supersedes serviceArea.", "used_on_types": ["http://schema.org/Service"]}, "http://schema.org/serviceLocation": {"description": "The location (e.g. civic structure, local business, etc.) where a person can go to access the service.", "used_on_types": ["http://schema.org/ServiceChannel"]}, "http://schema.org/jobLocation": {"description": "A (typically single) geographic location associated with the job position.", "used_on_types": ["http://schema.org/JobPosting"]}, "http://schema.org/toLocation": {"description": "A sub property of location. The final location of the object or the agent after the action.", "used_on_types": ["http://schema.org/ExerciseAction"]}, "http://schema.org/availableAtOrFrom": {"description": "The place(s) from which the offer can be obtained (e.g. store locations).", "used_on_types": ["http://schema.org/Offer"]}, "http://schema.org/gameLocation": {"description": "Real or fictional location of the game (or part of game).", "used_on_types": ["http://schema.org/VideoGameSeries"]}, "http://schema.org/hasPOS": {"description": "Points-of-Sales operated by the organization or person.", "used_on_types": ["http://schema.org/Organization"]}, "http://schema.org/workLocation": {"description": "A contact location for a person's place of work.", "used_on_types": ["http://schema.org/Person"]}}, "title": "Place"}