{"media": {"type": "application/json;profile=http://schema.org/PostalAddress"}, "properties": {"http://schema.org/Thing": {"http://schema.org/image": {"expected_type": ["http://schema.org/URL", "http://schema.org/ImageObject"], "description": "An image of the item. This can be a URL or a fully described ImageObject."}, "http://schema.org/url": {"expected_type": ["http://schema.org/URL"], "description": "URL of the item."}, "http://schema.org/alternateName": {"expected_type": ["http://schema.org/Text"], "description": "An alias for the item."}, "http://schema.org/description": {"expected_type": ["http://schema.org/Text"], "description": "A short description of the item."}, "http://schema.org/potentialAction": {"expected_type": ["http://schema.org/Action"], "description": "Indicates a potential Action, which describes an idealized action in which this thing would play an 'object' role."}, "http://schema.org/mainEntityOfPage": {"expected_type": ["http://schema.org/URL", "http://schema.org/CreativeWork"], "description": "Indicates a page (or other CreativeWork) for which this thing is the main entity being described. See background notes for details. Inverse property: mainEntity."}, "http://schema.org/additionalType": {"expected_type": ["http://schema.org/URL"], "description": "An additional type for the item, typically used for adding more specific types from external vocabularies in microdata syntax. This is a relationship between something and a class that the thing is in. In RDFa syntax, it is better to use the native RDFa syntax - the 'typeof' attribute - for multiple types. Schema.org tools may have only weaker understanding of extra types, in particular those defined externally."}, "http://schema.org/name": {"expected_type": ["http://schema.org/Text"], "description": "The name of the item."}, "http://schema.org/sameAs": {"expected_type": ["http://schema.org/URL"], "description": "URL of a reference Web page that unambiguously indicates the item's identity. E.g. the URL of the item's Wikipedia page, Freebase page, or official website."}}, "http://schema.org/ContactPoint": {"http://schema.org/email": {"expected_type": ["http://schema.org/Text"], "description": "Email address."}, "http://schema.org/url": {"expected_type": ["http://schema.org/URL"], "description": "URL of the item."}, "http://schema.org/potentialAction": {"expected_type": ["http://schema.org/Action"], "description": "Indicates a potential Action, which describes an idealized action in which this thing would play an 'object' role."}, "http://schema.org/description": {"expected_type": ["http://schema.org/Text"], "description": "A short description of the item."}, "http://schema.org/image": {"expected_type": ["http://schema.org/URL", "http://schema.org/ImageObject"], "description": "An image of the item. This can be a URL or a fully described ImageObject."}, "http://schema.org/areaServed": {"expected_type": ["http://schema.org/GeoShape", "http://schema.org/AdministrativeArea", "http://schema.org/Place", "http://schema.org/Text"], "description": "The geographic area where a service or offered item is provided. Supersedes serviceArea."}, "http://schema.org/contactOption": {"expected_type": ["http://schema.org/ContactPointOption"], "description": "An option available on this contact point (e.g. a toll-free number or support for hearing-impaired callers)."}, "http://schema.org/name": {"expected_type": ["http://schema.org/Text"], "description": "The name of the item."}, "http://schema.org/hoursAvailable": {"expected_type": ["http://schema.org/OpeningHoursSpecification"], "description": "The hours during which this service or contact is available."}, "http://schema.org/contactType": {"expected_type": ["http://schema.org/Text"], "description": "A person or organization can have different contact points, for different purposes. For example, a sales contact point, a PR contact point and so on. This property is used to specify the kind of contact point."}, "http://schema.org/productSupported": {"expected_type": ["http://schema.org/Text", "http://schema.org/Product"], "description": "The product or service this support contact point is related to (such as product support for a particular product line). This can be a specific product or product line (e.g. \"iPhone\") or a general category of products or services (e.g. \"smartphones\")."}, "http://schema.org/alternateName": {"expected_type": ["http://schema.org/Text"], "description": "An alias for the item."}, "http://schema.org/faxNumber": {"expected_type": ["http://schema.org/Text"], "description": "The fax number."}, "http://schema.org/telephone": {"expected_type": ["http://schema.org/Text"], "description": "The telephone number."}, "http://schema.org/availableLanguage": {"expected_type": ["http://schema.org/Language"], "description": "A language someone may use with the item."}, "http://schema.org/additionalType": {"expected_type": ["http://schema.org/URL"], "description": "An additional type for the item, typically used for adding more specific types from external vocabularies in microdata syntax. This is a relationship between something and a class that the thing is in. In RDFa syntax, it is better to use the native RDFa syntax - the 'typeof' attribute - for multiple types. Schema.org tools may have only weaker understanding of extra types, in particular those defined externally."}, "http://schema.org/mainEntityOfPage": {"expected_type": ["http://schema.org/URL", "http://schema.org/CreativeWork"], "description": "Indicates a page (or other CreativeWork) for which this thing is the main entity being described. See background notes for details. Inverse property: mainEntity."}, "http://schema.org/sameAs": {"expected_type": ["http://schema.org/URL"], "description": "URL of a reference Web page that unambiguously indicates the item's identity. E.g. the URL of the item's Wikipedia page, Freebase page, or official website."}}, "http://schema.org/PostalAddress": {"http://schema.org/email": {"expected_type": ["http://schema.org/Text"], "description": "Email address."}, "http://schema.org/addressCountry": {"expected_type": ["http://schema.org/Country", "http://schema.org/Text"], "description": "The country. For example, USA. You can also provide the two-letter ISO 3166-1 alpha-2 country code."}, "http://schema.org/url": {"expected_type": ["http://schema.org/URL"], "description": "URL of the item."}, "http://schema.org/potentialAction": {"expected_type": ["http://schema.org/Action"], "description": "Indicates a potential Action, which describes an idealized action in which this thing would play an 'object' role."}, "http://schema.org/addressRegion": {"expected_type": ["http://schema.org/Text"], "description": "The region. For example, CA."}, "http://schema.org/name": {"expected_type": ["http://schema.org/Text"], "description": "The name of the item."}, "http://schema.org/hoursAvailable": {"expected_type": ["http://schema.org/OpeningHoursSpecification"], "description": "The hours during which this service or contact is available."}, "http://schema.org/streetAddress": {"expected_type": ["http://schema.org/Text"], "description": "The street address. For example, 1600 Amphitheatre Pkwy."}, "http://schema.org/alternateName": {"expected_type": ["http://schema.org/Text"], "description": "An alias for the item."}, "http://schema.org/addressLocality": {"expected_type": ["http://schema.org/Text"], "description": "The locality. For example, Mountain View."}, "http://schema.org/telephone": {"expected_type": ["http://schema.org/Text"], "description": "The telephone number."}, "http://schema.org/mainEntityOfPage": {"expected_type": ["http://schema.org/URL", "http://schema.org/CreativeWork"], "description": "Indicates a page (or other CreativeWork) for which this thing is the main entity being described. See background notes for details. Inverse property: mainEntity."}, "http://schema.org/postOfficeBoxNumber": {"expected_type": ["http://schema.org/Text"], "description": "The post office box number for PO box addresses."}, "http://schema.org/sameAs": {"expected_type": ["http://schema.org/URL"], "description": "URL of a reference Web page that unambiguously indicates the item's identity. E.g. the URL of the item's Wikipedia page, Freebase page, or official website."}, "http://schema.org/description": {"expected_type": ["http://schema.org/Text"], "description": "A short description of the item."}, "http://schema.org/productSupported": {"expected_type": ["http://schema.org/Text", "http://schema.org/Product"], "description": "The product or service this support contact point is related to (such as product support for a particular product line). This can be a specific product or product line (e.g. \"iPhone\") or a general category of products or services (e.g. \"smartphones\")."}, "http://schema.org/areaServed": {"expected_type": ["http://schema.org/GeoShape", "http://schema.org/AdministrativeArea", "http://schema.org/Place", "http://schema.org/Text"], "description": "The geographic area where a service or offered item is provided. Supersedes serviceArea."}, "http://schema.org/contactOption": {"expected_type": ["http://schema.org/ContactPointOption"], "description": "An option available on this contact point (e.g. a toll-free number or support for hearing-impaired callers)."}, "http://schema.org/contactType": {"expected_type": ["http://schema.org/Text"], "description": "A person or organization can have different contact points, for different purposes. For example, a sales contact point, a PR contact point and so on. This property is used to specify the kind of contact point."}, "http://schema.org/image": {"expected_type": ["http://schema.org/URL", "http://schema.org/ImageObject"], "description": "An image of the item. This can be a URL or a fully described ImageObject."}, "http://schema.org/faxNumber": {"expected_type": ["http://schema.org/Text"], "description": "The fax number."}, "http://schema.org/availableLanguage": {"expected_type": ["http://schema.org/Language"], "description": "A language someone may use with the item."}, "http://schema.org/additionalType": {"expected_type": ["http://schema.org/URL"], "description": "An additional type for the item, typically used for adding more specific types from external vocabularies in microdata syntax. This is a relationship between something and a class that the thing is in. In RDFa syntax, it is better to use the native RDFa syntax - the 'typeof' attribute - for multiple types. Schema.org tools may have only weaker understanding of extra types, in particular those defined externally."}, "http://schema.org/postalCode": {"expected_type": ["http://schema.org/Text"], "description": "The postal code. For example, 94043."}}}, "description": "The mailing address.", "format": "http://schema.org/PostalAddress", "id": "PostalAddress.json", "instances": {"http://schema.org/billingAddress": {"description": "The billing address for the order.", "used_on_types": ["http://schema.org/Order"]}, "http://schema.org/originAddress": {"description": "Shipper's address.", "used_on_types": ["http://schema.org/ParcelDelivery"]}, "http://schema.org/address": {"description": "Physical address of the item.", "used_on_types": ["http://schema.org/GeoCoordinates"]}, "http://schema.org/gameLocation": {"description": "Real or fictional location of the game (or part of game).", "used_on_types": ["http://schema.org/Game"]}, "http://schema.org/servicePostalAddress": {"description": "The address for accessing the service by mail.", "used_on_types": ["http://schema.org/ServiceChannel"]}, "http://schema.org/deliveryAddress": {"description": "Destination address.", "used_on_types": ["http://schema.org/ParcelDelivery"]}, "http://schema.org/location": {"description": "The location of for example where the event is happening, an organization is located, or where an action takes place.", "used_on_types": ["http://schema.org/Event"]}}, "title": "PostalAddress"}