{"media": {"type": "application/json;profile=http://schema.org/PropertyValueSpecification"}, "properties": {"http://schema.org/PropertyValueSpecification": {"http://schema.org/url": {"expected_type": ["http://schema.org/URL"], "description": "URL of the item."}, "http://schema.org/minValue": {"expected_type": ["http://schema.org/Number"], "description": "The lower value of some characteristic or property."}, "http://schema.org/description": {"expected_type": ["http://schema.org/Text"], "description": "A short description of the item."}, "http://schema.org/valueName": {"expected_type": ["http://schema.org/Text"], "description": "Indicates the name of the PropertyValueSpecification to be used in URL templates and form encoding in a manner analogous to HTML's input@name."}, "http://schema.org/potentialAction": {"expected_type": ["http://schema.org/Action"], "description": "Indicates a potential Action, which describes an idealized action in which this thing would play an 'object' role."}, "http://schema.org/mainEntityOfPage": {"expected_type": ["http://schema.org/URL", "http://schema.org/CreativeWork"], "description": "Indicates a page (or other CreativeWork) for which this thing is the main entity being described. See background notes for details. Inverse property: mainEntity."}, "http://schema.org/sameAs": {"expected_type": ["http://schema.org/URL"], "description": "URL of a reference Web page that unambiguously indicates the item's identity. E.g. the URL of the item's Wikipedia page, Freebase page, or official website."}, "http://schema.org/valuePattern": {"expected_type": ["http://schema.org/Text"], "description": "Specifies a regular expression for testing literal values according to the HTML spec."}, "http://schema.org/valueMaxLength": {"expected_type": ["http://schema.org/Number"], "description": "Specifies the allowed range for number of characters in a literal value."}, "http://schema.org/multipleValues": {"expected_type": ["http://schema.org/Boolean"], "description": "Whether multiple values are allowed for the property. Default is false."}, "http://schema.org/defaultValue": {"expected_type": ["http://schema.org/Thing", "http://schema.org/Text"], "description": "The default value of the input. For properties that expect a literal, the default is a literal value, for properties that expect an object, it's an ID reference to one of the current values."}, "http://schema.org/readonlyValue": {"expected_type": ["http://schema.org/Boolean"], "description": "Whether or not a property is mutable. Default is false. Specifying this for a property that also has a value makes it act similar to a \"hidden\" input in an HTML form."}, "http://schema.org/image": {"expected_type": ["http://schema.org/URL", "http://schema.org/ImageObject"], "description": "An image of the item. This can be a URL or a fully described ImageObject."}, "http://schema.org/name": {"expected_type": ["http://schema.org/Text"], "description": "The name of the item."}, "http://schema.org/stepValue": {"expected_type": ["http://schema.org/Number"], "description": "The stepValue attribute indicates the granularity that is expected (and required) of the value in a PropertyValueSpecification."}, "http://schema.org/alternateName": {"expected_type": ["http://schema.org/Text"], "description": "An alias for the item."}, "http://schema.org/maxValue": {"expected_type": ["http://schema.org/Number"], "description": "The upper value of some characteristic or property."}, "http://schema.org/valueRequired": {"expected_type": ["http://schema.org/Boolean"], "description": "Whether the property must be filled in to complete the action. Default is false."}, "http://schema.org/additionalType": {"expected_type": ["http://schema.org/URL"], "description": "An additional type for the item, typically used for adding more specific types from external vocabularies in microdata syntax. This is a relationship between something and a class that the thing is in. In RDFa syntax, it is better to use the native RDFa syntax - the 'typeof' attribute - for multiple types. Schema.org tools may have only weaker understanding of extra types, in particular those defined externally."}, "http://schema.org/valueMinLength": {"expected_type": ["http://schema.org/Number"], "description": "Specifies the minimum allowed range for number of characters in a literal value."}}, "http://schema.org/Thing": {"http://schema.org/image": {"expected_type": ["http://schema.org/URL", "http://schema.org/ImageObject"], "description": "An image of the item. This can be a URL or a fully described ImageObject."}, "http://schema.org/url": {"expected_type": ["http://schema.org/URL"], "description": "URL of the item."}, "http://schema.org/alternateName": {"expected_type": ["http://schema.org/Text"], "description": "An alias for the item."}, "http://schema.org/description": {"expected_type": ["http://schema.org/Text"], "description": "A short description of the item."}, "http://schema.org/potentialAction": {"expected_type": ["http://schema.org/Action"], "description": "Indicates a potential Action, which describes an idealized action in which this thing would play an 'object' role."}, "http://schema.org/mainEntityOfPage": {"expected_type": ["http://schema.org/URL", "http://schema.org/CreativeWork"], "description": "Indicates a page (or other CreativeWork) for which this thing is the main entity being described. See background notes for details. Inverse property: mainEntity."}, "http://schema.org/additionalType": {"expected_type": ["http://schema.org/URL"], "description": "An additional type for the item, typically used for adding more specific types from external vocabularies in microdata syntax. This is a relationship between something and a class that the thing is in. In RDFa syntax, it is better to use the native RDFa syntax - the 'typeof' attribute - for multiple types. Schema.org tools may have only weaker understanding of extra types, in particular those defined externally."}, "http://schema.org/name": {"expected_type": ["http://schema.org/Text"], "description": "The name of the item."}, "http://schema.org/sameAs": {"expected_type": ["http://schema.org/URL"], "description": "URL of a reference Web page that unambiguously indicates the item's identity. E.g. the URL of the item's Wikipedia page, Freebase page, or official website."}}}, "description": "A Property value specification.", "format": "http://schema.org/PropertyValueSpecification", "id": "PropertyValueSpecification.json", "instances": {}, "title": "PropertyValueSpecification"}