{"media": {"type": "application/json;profile=http://schema.org/Property"}, "properties": {"http://schema.org/Thing": {"http://schema.org/image": {"expected_type": ["http://schema.org/URL", "http://schema.org/ImageObject"], "description": "An image of the item. This can be a URL or a fully described ImageObject."}, "http://schema.org/url": {"expected_type": ["http://schema.org/URL"], "description": "URL of the item."}, "http://schema.org/alternateName": {"expected_type": ["http://schema.org/Text"], "description": "An alias for the item."}, "http://schema.org/description": {"expected_type": ["http://schema.org/Text"], "description": "A short description of the item."}, "http://schema.org/potentialAction": {"expected_type": ["http://schema.org/Action"], "description": "Indicates a potential Action, which describes an idealized action in which this thing would play an 'object' role."}, "http://schema.org/mainEntityOfPage": {"expected_type": ["http://schema.org/URL", "http://schema.org/CreativeWork"], "description": "Indicates a page (or other CreativeWork) for which this thing is the main entity being described. See background notes for details. Inverse property: mainEntity."}, "http://schema.org/additionalType": {"expected_type": ["http://schema.org/URL"], "description": "An additional type for the item, typically used for adding more specific types from external vocabularies in microdata syntax. This is a relationship between something and a class that the thing is in. In RDFa syntax, it is better to use the native RDFa syntax - the 'typeof' attribute - for multiple types. Schema.org tools may have only weaker understanding of extra types, in particular those defined externally."}, "http://schema.org/name": {"expected_type": ["http://schema.org/Text"], "description": "The name of the item."}, "http://schema.org/sameAs": {"expected_type": ["http://schema.org/URL"], "description": "URL of a reference Web page that unambiguously indicates the item's identity. E.g. the URL of the item's Wikipedia page, Freebase page, or official website."}}, "http://schema.org/Property": {"http://schema.org/url": {"expected_type": ["http://schema.org/URL"], "description": "URL of the item."}, "http://schema.org/domainIncludes": {"expected_type": ["http://schema.org/Class"], "description": "Relates a property to a class that is (one of) the type(s) the property is expected to be used on."}, "http://schema.org/description": {"expected_type": ["http://schema.org/Text"], "description": "A short description of the item."}, "http://schema.org/potentialAction": {"expected_type": ["http://schema.org/Action"], "description": "Indicates a potential Action, which describes an idealized action in which this thing would play an 'object' role."}, "http://schema.org/mainEntityOfPage": {"expected_type": ["http://schema.org/URL", "http://schema.org/CreativeWork"], "description": "Indicates a page (or other CreativeWork) for which this thing is the main entity being described. See background notes for details. Inverse property: mainEntity."}, "http://schema.org/supersededBy": {"expected_type": ["http://schema.org/Property", "http://schema.org/Enumeration", "http://schema.org/Class"], "description": "Relates a term (i.e. a property, class or enumeration) to one that supersedes it."}, "http://schema.org/name": {"expected_type": ["http://schema.org/Text"], "description": "The name of the item."}, "http://schema.org/rangeIncludes": {"expected_type": ["http://schema.org/Class"], "description": "Relates a property to a class that constitutes (one of) the expected type(s) for values of the property."}, "http://schema.org/image": {"expected_type": ["http://schema.org/URL", "http://schema.org/ImageObject"], "description": "An image of the item. This can be a URL or a fully described ImageObject."}, "http://schema.org/inverseOf": {"expected_type": ["http://schema.org/Property"], "description": "Relates a property to a property that is its inverse. Inverse properties relate the same pairs of items to each other, but in reversed direction. For example, the 'alumni' and 'alumniOf' properties are inverseOf each other. Some properties don't have explicit inverses; in these situations RDFa and JSON-LD syntax for reverse properties can be used."}, "http://schema.org/alternateName": {"expected_type": ["http://schema.org/Text"], "description": "An alias for the item."}, "http://schema.org/additionalType": {"expected_type": ["http://schema.org/URL"], "description": "An additional type for the item, typically used for adding more specific types from external vocabularies in microdata syntax. This is a relationship between something and a class that the thing is in. In RDFa syntax, it is better to use the native RDFa syntax - the 'typeof' attribute - for multiple types. Schema.org tools may have only weaker understanding of extra types, in particular those defined externally."}, "http://schema.org/sameAs": {"expected_type": ["http://schema.org/URL"], "description": "URL of a reference Web page that unambiguously indicates the item's identity. E.g. the URL of the item's Wikipedia page, Freebase page, or official website."}}}, "description": "A property, used to indicate attributes and relationships of some Thing; equivalent to rdf:Property.", "format": "http://schema.org/Property", "id": "Property.json", "instances": {"http://schema.org/supersededBy": {"description": "Relates a term (i.e. a property, class or enumeration) to one that supersedes it.", "used_on_types": ["http://schema.org/Property"]}, "http://schema.org/inverseOf": {"description": "Relates a property to a property that is its inverse. Inverse properties relate the same pairs of items to each other, but in reversed direction. For example, the 'alumni' and 'alumniOf' properties are inverseOf each other. Some properties don't have explicit inverses; in these situations RDFa and JSON-LD syntax for reverse properties can be used.", "used_on_types": ["http://schema.org/Property"]}}, "title": "Property"}