{"media": {"type": "application/json;profile=http://schema.org/UnitPriceSpecification"}, "properties": {"http://schema.org/PriceSpecification": {"http://schema.org/url": {"expected_type": ["http://schema.org/URL"], "description": "URL of the item."}, "http://schema.org/validThrough": {"expected_type": ["http://schema.org/DateTime"], "description": "The end of the validity of offer, price specification, or opening hours data."}, "http://schema.org/validFrom": {"expected_type": ["http://schema.org/DateTime"], "description": "The date when the item becomes valid."}, "http://schema.org/description": {"expected_type": ["http://schema.org/Text"], "description": "A short description of the item."}, "http://schema.org/image": {"expected_type": ["http://schema.org/URL", "http://schema.org/ImageObject"], "description": "An image of the item. This can be a URL or a fully described ImageObject."}, "http://schema.org/potentialAction": {"expected_type": ["http://schema.org/Action"], "description": "Indicates a potential Action, which describes an idealized action in which this thing would play an 'object' role."}, "http://schema.org/price": {"expected_type": ["http://schema.org/Number", "http://schema.org/Text"], "description": "The offer price of a product, or of a price component when attached to PriceSpecification and its subtypes. Usage guidelines:Use the priceCurrency property (with ISO 4217 codes e.g. \"USD\") instead of including ambiguous symbols such as '$' in the value. Use '.' (Unicode 'FULL STOP' (U+002E)) rather than ',' to indicate a decimal point. Avoid using these symbols as a readability separator. Note that both RDFa and Microdata syntax allow the use of a \"content=\" attribute for publishing simple machine-readable values alongside more human-friendly formatting. Use values from 0123456789 (Unicode 'DIGIT ZERO' (U+0030) to 'DIGIT NINE' (U+0039)) rather than superficially similiar Unicode symbols."}, "http://schema.org/eligibleQuantity": {"expected_type": ["http://schema.org/QuantitativeValue"], "description": "The interval and unit of measurement of ordering quantities for which the offer or price specification is valid. This allows e.g. specifying that a certain freight charge is valid only for a certain quantity."}, "http://schema.org/valueAddedTaxIncluded": {"expected_type": ["http://schema.org/Boolean"], "description": "Specifies whether the applicable value-added tax (VAT) is included in the price specification or not."}, "http://schema.org/eligibleTransactionVolume": {"expected_type": ["http://schema.org/PriceSpecification"], "description": "The transaction volume, in a monetary unit, for which the offer or price specification is valid, e.g. for indicating a minimal purchasing volume, to express free shipping above a certain order volume, or to limit the acceptance of credit cards to purchases to a certain minimal amount."}, "http://schema.org/priceCurrency": {"expected_type": ["http://schema.org/Text"], "description": "The currency (in 3-letter ISO 4217 format) of the price or a price component, when attached to PriceSpecification and its subtypes."}, "http://schema.org/name": {"expected_type": ["http://schema.org/Text"], "description": "The name of the item."}, "http://schema.org/maxPrice": {"expected_type": ["http://schema.org/Number"], "description": "The highest price if the price is a range."}, "http://schema.org/alternateName": {"expected_type": ["http://schema.org/Text"], "description": "An alias for the item."}, "http://schema.org/mainEntityOfPage": {"expected_type": ["http://schema.org/URL", "http://schema.org/CreativeWork"], "description": "Indicates a page (or other CreativeWork) for which this thing is the main entity being described. See background notes for details. Inverse property: mainEntity."}, "http://schema.org/minPrice": {"expected_type": ["http://schema.org/Number"], "description": "The lowest price if the price is a range."}, "http://schema.org/additionalType": {"expected_type": ["http://schema.org/URL"], "description": "An additional type for the item, typically used for adding more specific types from external vocabularies in microdata syntax. This is a relationship between something and a class that the thing is in. In RDFa syntax, it is better to use the native RDFa syntax - the 'typeof' attribute - for multiple types. Schema.org tools may have only weaker understanding of extra types, in particular those defined externally."}, "http://schema.org/sameAs": {"expected_type": ["http://schema.org/URL"], "description": "URL of a reference Web page that unambiguously indicates the item's identity. E.g. the URL of the item's Wikipedia page, Freebase page, or official website."}}, "http://schema.org/Thing": {"http://schema.org/image": {"expected_type": ["http://schema.org/URL", "http://schema.org/ImageObject"], "description": "An image of the item. This can be a URL or a fully described ImageObject."}, "http://schema.org/url": {"expected_type": ["http://schema.org/URL"], "description": "URL of the item."}, "http://schema.org/alternateName": {"expected_type": ["http://schema.org/Text"], "description": "An alias for the item."}, "http://schema.org/description": {"expected_type": ["http://schema.org/Text"], "description": "A short description of the item."}, "http://schema.org/potentialAction": {"expected_type": ["http://schema.org/Action"], "description": "Indicates a potential Action, which describes an idealized action in which this thing would play an 'object' role."}, "http://schema.org/mainEntityOfPage": {"expected_type": ["http://schema.org/URL", "http://schema.org/CreativeWork"], "description": "Indicates a page (or other CreativeWork) for which this thing is the main entity being described. See background notes for details. Inverse property: mainEntity."}, "http://schema.org/additionalType": {"expected_type": ["http://schema.org/URL"], "description": "An additional type for the item, typically used for adding more specific types from external vocabularies in microdata syntax. This is a relationship between something and a class that the thing is in. In RDFa syntax, it is better to use the native RDFa syntax - the 'typeof' attribute - for multiple types. Schema.org tools may have only weaker understanding of extra types, in particular those defined externally."}, "http://schema.org/name": {"expected_type": ["http://schema.org/Text"], "description": "The name of the item."}, "http://schema.org/sameAs": {"expected_type": ["http://schema.org/URL"], "description": "URL of a reference Web page that unambiguously indicates the item's identity. E.g. the URL of the item's Wikipedia page, Freebase page, or official website."}}, "http://schema.org/UnitPriceSpecification": {"http://schema.org/unitCode": {"expected_type": ["http://schema.org/URL", "http://schema.org/Text"], "description": "The unit of measurement given using the UN/CEFACT Common Code (3 characters) or a URL. Other codes than the UN/CEFACT Common Code may be used with a prefix followed by a colon."}, "http://schema.org/url": {"expected_type": ["http://schema.org/URL"], "description": "URL of the item."}, "http://schema.org/validThrough": {"expected_type": ["http://schema.org/DateTime"], "description": "The end of the validity of offer, price specification, or opening hours data."}, "http://schema.org/validFrom": {"expected_type": ["http://schema.org/DateTime"], "description": "The date when the item becomes valid."}, "http://schema.org/potentialAction": {"expected_type": ["http://schema.org/Action"], "description": "Indicates a potential Action, which describes an idealized action in which this thing would play an 'object' role."}, "http://schema.org/price": {"expected_type": ["http://schema.org/Number", "http://schema.org/Text"], "description": "The offer price of a product, or of a price component when attached to PriceSpecification and its subtypes. Usage guidelines:Use the priceCurrency property (with ISO 4217 codes e.g. \"USD\") instead of including ambiguous symbols such as '$' in the value. Use '.' (Unicode 'FULL STOP' (U+002E)) rather than ',' to indicate a decimal point. Avoid using these symbols as a readability separator. Note that both RDFa and Microdata syntax allow the use of a \"content=\" attribute for publishing simple machine-readable values alongside more human-friendly formatting. Use values from 0123456789 (Unicode 'DIGIT ZERO' (U+0030) to 'DIGIT NINE' (U+0039)) rather than superficially similiar Unicode symbols."}, "http://schema.org/name": {"expected_type": ["http://schema.org/Text"], "description": "The name of the item."}, "http://schema.org/eligibleTransactionVolume": {"expected_type": ["http://schema.org/PriceSpecification"], "description": "The transaction volume, in a monetary unit, for which the offer or price specification is valid, e.g. for indicating a minimal purchasing volume, to express free shipping above a certain order volume, or to limit the acceptance of credit cards to purchases to a certain minimal amount."}, "http://schema.org/priceCurrency": {"expected_type": ["http://schema.org/Text"], "description": "The currency (in 3-letter ISO 4217 format) of the price or a price component, when attached to PriceSpecification and its subtypes."}, "http://schema.org/alternateName": {"expected_type": ["http://schema.org/Text"], "description": "An alias for the item."}, "http://schema.org/minPrice": {"expected_type": ["http://schema.org/Number"], "description": "The lowest price if the price is a range."}, "http://schema.org/sameAs": {"expected_type": ["http://schema.org/URL"], "description": "URL of a reference Web page that unambiguously indicates the item's identity. E.g. the URL of the item's Wikipedia page, Freebase page, or official website."}, "http://schema.org/priceType": {"expected_type": ["http://schema.org/Text"], "description": "A short text or acronym indicating multiple price specifications for the same offer, e.g. SRP for the suggested retail price or INVOICE for the invoice price, mostly used in the car industry."}, "http://schema.org/description": {"expected_type": ["http://schema.org/Text"], "description": "A short description of the item."}, "http://schema.org/mainEntityOfPage": {"expected_type": ["http://schema.org/URL", "http://schema.org/CreativeWork"], "description": "Indicates a page (or other CreativeWork) for which this thing is the main entity being described. See background notes for details. Inverse property: mainEntity."}, "http://schema.org/eligibleQuantity": {"expected_type": ["http://schema.org/QuantitativeValue"], "description": "The interval and unit of measurement of ordering quantities for which the offer or price specification is valid. This allows e.g. specifying that a certain freight charge is valid only for a certain quantity."}, "http://schema.org/valueAddedTaxIncluded": {"expected_type": ["http://schema.org/Boolean"], "description": "Specifies whether the applicable value-added tax (VAT) is included in the price specification or not."}, "http://schema.org/billingIncrement": {"expected_type": ["http://schema.org/Number"], "description": "This property specifies the minimal quantity and rounding increment that will be the basis for the billing. The unit of measurement is specified by the unitCode property."}, "http://schema.org/image": {"expected_type": ["http://schema.org/URL", "http://schema.org/ImageObject"], "description": "An image of the item. This can be a URL or a fully described ImageObject."}, "http://schema.org/maxPrice": {"expected_type": ["http://schema.org/Number"], "description": "The highest price if the price is a range."}, "http://schema.org/additionalType": {"expected_type": ["http://schema.org/URL"], "description": "An additional type for the item, typically used for adding more specific types from external vocabularies in microdata syntax. This is a relationship between something and a class that the thing is in. In RDFa syntax, it is better to use the native RDFa syntax - the 'typeof' attribute - for multiple types. Schema.org tools may have only weaker understanding of extra types, in particular those defined externally."}, "http://schema.org/unitText": {"expected_type": ["http://schema.org/Text"], "description": "A string or text indicating the unit of measurement. Useful if you cannot provide a standard unit code forunitCode."}}}, "description": "The price asked for a given offer by the respective organization or person.", "format": "http://schema.org/UnitPriceSpecification", "id": "UnitPriceSpecification.json", "instances": {}, "title": "UnitPriceSpecification"}