{"media": {"type": "application/json;profile=http://schema.org/Vehicle"}, "properties": {"http://schema.org/Vehicle": {"http://schema.org/mpn": {"expected_type": ["http://schema.org/Text"], "description": "The Manufacturer Part Number (MPN) of the product, or the product to which the offer refers."}, "http://schema.org/fuelEfficiency": {"expected_type": ["http://schema.org/QuantitativeValue"], "description": "The distance traveled per unit of fuel used; most commonly miles per gallon (mpg) or kilometers per liter (km/L).Note 1: There are unfortunately no standard unit codes for miles per gallon or kilometers per liter.Use unitText to indicate the unit of measurement, e.g. mpg or km/L.Note 2: There are two ways of indicating the fuel consumption, fuelConsumption (e.g. 8 liters per 100 km) and fuelEfficiency (e.g. 30 miles per gallon). They are reciprocal.Note 3: Often, the absolute value is useful only when related to driving speed (\"at 80 km/h\") or usage pattern (\"city traffic\"). You can use valueReference to link the value for the fuel economy to another value."}, "http://schema.org/gtin12": {"expected_type": ["http://schema.org/Text"], "description": "The GTIN-12 code of the product, or the product to which the offer refers. The GTIN-12 is the 12-digit GS1 Identification Key composed of a U.P.C. Company Prefix, Item Reference, and Check Digit used to identify trade items. See GS1 GTIN Summary for more details."}, "http://schema.org/review": {"expected_type": ["http://schema.org/Review"], "description": "A review of the item. Supersedes reviews."}, "http://schema.org/aggregateRating": {"expected_type": ["http://schema.org/AggregateRating"], "description": "The overall rating, based on a collection of reviews or ratings, of the item."}, "http://schema.org/manufacturer": {"expected_type": ["http://schema.org/Organization"], "description": "The manufacturer of the product."}, "http://schema.org/steeringPosition": {"expected_type": ["http://schema.org/SteeringPositionValue"], "description": "The position of the steering wheel or similar device (mostly for cars)."}, "http://schema.org/url": {"expected_type": ["http://schema.org/URL"], "description": "URL of the item."}, "http://schema.org/numberOfAirbags": {"expected_type": ["http://schema.org/Text", "http://schema.org/Number"], "description": "The number or type of airbags in the vehicle."}, "http://schema.org/numberOfPreviousOwners": {"expected_type": ["http://schema.org/QuantitativeValue", "http://schema.org/Number"], "description": "The number of owners of the vehicle, including the current one.Typical unit code(s): C62"}, "http://schema.org/productionDate": {"expected_type": ["http://schema.org/Date"], "description": "The date of production of the item, e.g. vehicle."}, "http://schema.org/model": {"expected_type": ["http://schema.org/Text", "http://schema.org/ProductModel"], "description": "The model of the product. Use with the URL of a ProductModel or a textual representation of the model identifier. The URL of the ProductModel can be from an external source. It is recommended to additionally provide strong product identifiers via the gtin8/gtin13/gtin14 and mpn properties."}, "http://schema.org/audience": {"expected_type": ["http://schema.org/Audience"], "description": "An intended audience, i.e. a group for whom something was created. Supersedes serviceAudience."}, "http://schema.org/offers": {"expected_type": ["http://schema.org/Offer"], "description": "An offer to provide this item\u2014for example, an offer to sell a product, rent the DVD of a movie, perform a service, or give away tickets to an event."}, "http://schema.org/vehicleConfiguration": {"expected_type": ["http://schema.org/Text"], "description": "A short text indicating the configuration of the vehicle, e.g. '5dr hatchback ST 2.5 MT 225 hp' or 'limited edition'."}, "http://schema.org/mileageFromOdometer": {"expected_type": ["http://schema.org/QuantitativeValue"], "description": "The total distance travelled by the particular vehicle since its initial production, as read from its odometer.Typical unit code(s): KMT for kilometers, SMI for statute miles"}, "http://schema.org/knownVehicleDamages": {"expected_type": ["http://schema.org/Text"], "description": "A textual description of known damages, both repaired and unrepaired."}, "http://schema.org/color": {"expected_type": ["http://schema.org/Text"], "description": "The color of the product."}, "http://schema.org/vehicleInteriorColor": {"expected_type": ["http://schema.org/Text"], "description": "The color or color combination of the interior of the vehicle."}, "http://schema.org/additionalProperty": {"expected_type": ["http://schema.org/PropertyValue"], "description": "A property-value pair representing an additional characteristics of the entitity, e.g. a product feature or another characteristic for which there is no matching property in schema.org. Note: Publishers should be aware that applications designed to use specific schema.org properties (e.g. http://schema.org/width, http://schema.org/color, http://schema.org/gtin13, ...) will typically expect such data to be provided using those properties, rather than using the generic property/value mechanism."}, "http://schema.org/fuelConsumption": {"expected_type": ["http://schema.org/QuantitativeValue"], "description": "The amount of fuel consumed for traveling a particular distance or temporal duration with the given vehicle (e.g. liters per 100 km).Note 1: There are unfortunately no standard unit codes for liters per 100 km.Use unitText to indicate the unit of measurement, e.g. L/100 km.Note 2: There are two ways of indicating the fuel consumption, fuelConsumption (e.g. 8 liters per 100 km) and fuelEfficiency (e.g. 30 miles per gallon). They are reciprocal.Note 3: Often, the absolute value is useful only when related to driving speed (\"at 80 km/h\") or usage pattern (\"city traffic\"). You can use valueReference to link the value for the fuel consumption to another value."}, "http://schema.org/sku": {"expected_type": ["http://schema.org/Text"], "description": "The Stock Keeping Unit (SKU), i.e. a merchant-specific identifier for a product or service, or the product to which the offer refers."}, "http://schema.org/image": {"expected_type": ["http://schema.org/URL", "http://schema.org/ImageObject"], "description": "An image of the item. This can be a URL or a fully described ImageObject."}, "http://schema.org/dateVehicleFirstRegistered": {"expected_type": ["http://schema.org/Date"], "description": "The date of the first registration of the vehicle with the respective public authorities."}, "http://schema.org/gtin14": {"expected_type": ["http://schema.org/Text"], "description": "The GTIN-14 code of the product, or the product to which the offer refers. See GS1 GTIN Summary for more details."}, "http://schema.org/sameAs": {"expected_type": ["http://schema.org/URL"], "description": "URL of a reference Web page that unambiguously indicates the item's identity. E.g. the URL of the item's Wikipedia page, Freebase page, or official website."}, "http://schema.org/fuelType": {"expected_type": ["http://schema.org/QualitativeValue", "http://schema.org/Text", "http://schema.org/URL"], "description": "The type of fuel suitable for the engine or engines of the vehicle. If the vehicle has only one engine, this property can be attached directly to the vehicle."}, "http://schema.org/isRelatedTo": {"expected_type": ["http://schema.org/Product"], "description": "A pointer to another, somehow related product (or multiple products)."}, "http://schema.org/purchaseDate": {"expected_type": ["http://schema.org/Date"], "description": "The date the item e.g. vehicle was purchased by the current owner."}, "http://schema.org/itemCondition": {"expected_type": ["http://schema.org/OfferItemCondition"], "description": "A predefined value from OfferItemCondition or a textual description of the condition of the product or service, or the products or services included in the offer."}, "http://schema.org/numberOfForwardGears": {"expected_type": ["http://schema.org/QuantitativeValue", "http://schema.org/Number"], "description": "The total number of forward gears available for the transmission system of the vehicle.Typical unit code(s): C62"}, "http://schema.org/width": {"expected_type": ["http://schema.org/QuantitativeValue", "http://schema.org/Distance"], "description": "The width of the item."}, "http://schema.org/potentialAction": {"expected_type": ["http://schema.org/Action"], "description": "Indicates a potential Action, which describes an idealized action in which this thing would play an 'object' role."}, "http://schema.org/gtin8": {"expected_type": ["http://schema.org/Text"], "description": "The GTIN-8 code of the product, or the product to which the offer refers. This code is also known as EAN/UCC-8 or 8-digit EAN. See GS1 GTIN Summary for more details."}, "http://schema.org/depth": {"expected_type": ["http://schema.org/QuantitativeValue", "http://schema.org/Distance"], "description": "The depth of the item."}, "http://schema.org/vehicleModelDate": {"expected_type": ["http://schema.org/Date"], "description": "The release date of a vehicle model (often used to differentiate versions of the same make and model)."}, "http://schema.org/isSimilarTo": {"expected_type": ["http://schema.org/Product"], "description": "A pointer to another, functionally similar product (or multiple products)."}, "http://schema.org/vehicleTransmission": {"expected_type": ["http://schema.org/QualitativeValue", "http://schema.org/Text", "http://schema.org/URL"], "description": "The type of component used for transmitting the power from a rotating power source to the wheels or other relevant component(s) (\"gearbox\" for cars)."}, "http://schema.org/isConsumableFor": {"expected_type": ["http://schema.org/Product"], "description": "A pointer to another product (or multiple products) for which this product is a consumable."}, "http://schema.org/brand": {"expected_type": ["http://schema.org/Brand", "http://schema.org/Organization"], "description": "The brand(s) associated with a product or service, or the brand(s) maintained by an organization or business person."}, "http://schema.org/alternateName": {"expected_type": ["http://schema.org/Text"], "description": "An alias for the item."}, "http://schema.org/award": {"expected_type": ["http://schema.org/Text"], "description": "An award won by or for this item. Supersedes awards."}, "http://schema.org/vehicleEngine": {"expected_type": ["http://schema.org/EngineSpecification"], "description": "Information about the engine or engines of the vehicle."}, "http://schema.org/productID": {"expected_type": ["http://schema.org/Text"], "description": "The product identifier, such as ISBN. For example: <meta itemprop='productID' content='isbn:123-456-789'/>."}, "http://schema.org/isAccessoryOrSparePartFor": {"expected_type": ["http://schema.org/Product"], "description": "A pointer to another product (or multiple products) for which this product is an accessory or spare part."}, "http://schema.org/numberOfDoors": {"expected_type": ["http://schema.org/QuantitativeValue", "http://schema.org/Number"], "description": "The number of doors.Typical unit code(s): C62"}, "http://schema.org/vehicleIdentificationNumber": {"expected_type": ["http://schema.org/Text"], "description": "The Vehicle Identification Number (VIN) is a unique serial number used by the automotive industry to identify individual motor vehicles."}, "http://schema.org/releaseDate": {"expected_type": ["http://schema.org/Date"], "description": "The release date of a product or product model. This can be used to distinguish the exact variant of a product."}, "http://schema.org/description": {"expected_type": ["http://schema.org/Text"], "description": "A short description of the item."}, "http://schema.org/weight": {"expected_type": ["http://schema.org/QuantitativeValue"], "description": "The weight of the product or person."}, "http://schema.org/driveWheelConfiguration": {"expected_type": ["http://schema.org/Text", "http://schema.org/DriveWheelConfigurationValue"], "description": "The drive wheel configuration, i.e. which roadwheels will receive torque from the vehicle's engine via the drivetrain."}, "http://schema.org/cargoVolume": {"expected_type": ["http://schema.org/QuantitativeValue"], "description": "The available volume for cargo or luggage. For automobiles, this is usually the trunk volume.Typical unit code(s): LTR for liters, FTQ for cubic foot/feetNote: You can use minValue and maxValue to indicate ranges."}, "http://schema.org/name": {"expected_type": ["http://schema.org/Text"], "description": "The name of the item."}, "http://schema.org/vehicleInteriorType": {"expected_type": ["http://schema.org/Text"], "description": "The type or material of the interior of the vehicle (e.g. synthetic fabric, leather, wood, etc.). While most interior types are characterized by the material used, an interior type can also be based on vehicle usage or target audience."}, "http://schema.org/additionalType": {"expected_type": ["http://schema.org/URL"], "description": "An additional type for the item, typically used for adding more specific types from external vocabularies in microdata syntax. This is a relationship between something and a class that the thing is in. In RDFa syntax, it is better to use the native RDFa syntax - the 'typeof' attribute - for multiple types. Schema.org tools may have only weaker understanding of extra types, in particular those defined externally."}, "http://schema.org/height": {"expected_type": ["http://schema.org/QuantitativeValue", "http://schema.org/Distance"], "description": "The height of the item."}, "http://schema.org/mainEntityOfPage": {"expected_type": ["http://schema.org/URL", "http://schema.org/CreativeWork"], "description": "Indicates a page (or other CreativeWork) for which this thing is the main entity being described. See background notes for details. Inverse property: mainEntity."}, "http://schema.org/category": {"expected_type": ["http://schema.org/Thing", "http://schema.org/Text", "http://schema.org/PhysicalActivityCategory"], "description": "A category for the item. Greater signs or slashes can be used to informally indicate a category hierarchy."}, "http://schema.org/gtin13": {"expected_type": ["http://schema.org/Text"], "description": "The GTIN-13 code of the product, or the product to which the offer refers. This is equivalent to 13-digit ISBN codes and EAN UCC-13. Former 12-digit UPC codes can be converted into a GTIN-13 code by simply adding a preceeding zero. See GS1 GTIN Summary for more details."}, "http://schema.org/numberOfAxles": {"expected_type": ["http://schema.org/QuantitativeValue", "http://schema.org/Number"], "description": "The number of axles.Typical unit code(s): C62"}, "http://schema.org/vehicleSeatingCapacity": {"expected_type": ["http://schema.org/QuantitativeValue", "http://schema.org/Number"], "description": "The number of passengers that can be seated in the vehicle, both in terms of the physical space available, and in terms of limitations set by law.Typical unit code(s): C62 for persons"}, "http://schema.org/logo": {"expected_type": ["http://schema.org/URL", "http://schema.org/ImageObject"], "description": "An associated logo."}}, "http://schema.org/Thing": {"http://schema.org/image": {"expected_type": ["http://schema.org/URL", "http://schema.org/ImageObject"], "description": "An image of the item. This can be a URL or a fully described ImageObject."}, "http://schema.org/url": {"expected_type": ["http://schema.org/URL"], "description": "URL of the item."}, "http://schema.org/alternateName": {"expected_type": ["http://schema.org/Text"], "description": "An alias for the item."}, "http://schema.org/description": {"expected_type": ["http://schema.org/Text"], "description": "A short description of the item."}, "http://schema.org/potentialAction": {"expected_type": ["http://schema.org/Action"], "description": "Indicates a potential Action, which describes an idealized action in which this thing would play an 'object' role."}, "http://schema.org/mainEntityOfPage": {"expected_type": ["http://schema.org/URL", "http://schema.org/CreativeWork"], "description": "Indicates a page (or other CreativeWork) for which this thing is the main entity being described. See background notes for details. Inverse property: mainEntity."}, "http://schema.org/additionalType": {"expected_type": ["http://schema.org/URL"], "description": "An additional type for the item, typically used for adding more specific types from external vocabularies in microdata syntax. This is a relationship between something and a class that the thing is in. In RDFa syntax, it is better to use the native RDFa syntax - the 'typeof' attribute - for multiple types. Schema.org tools may have only weaker understanding of extra types, in particular those defined externally."}, "http://schema.org/name": {"expected_type": ["http://schema.org/Text"], "description": "The name of the item."}, "http://schema.org/sameAs": {"expected_type": ["http://schema.org/URL"], "description": "URL of a reference Web page that unambiguously indicates the item's identity. E.g. the URL of the item's Wikipedia page, Freebase page, or official website."}}, "http://schema.org/Product": {"http://schema.org/purchaseDate": {"expected_type": ["http://schema.org/Date"], "description": "The date the item e.g. vehicle was purchased by the current owner."}, "http://schema.org/itemCondition": {"expected_type": ["http://schema.org/OfferItemCondition"], "description": "A predefined value from OfferItemCondition or a textual description of the condition of the product or service, or the products or services included in the offer."}, "http://schema.org/gtin12": {"expected_type": ["http://schema.org/Text"], "description": "The GTIN-12 code of the product, or the product to which the offer refers. The GTIN-12 is the 12-digit GS1 Identification Key composed of a U.P.C. Company Prefix, Item Reference, and Check Digit used to identify trade items. See GS1 GTIN Summary for more details."}, "http://schema.org/isConsumableFor": {"expected_type": ["http://schema.org/Product"], "description": "A pointer to another product (or multiple products) for which this product is a consumable."}, "http://schema.org/width": {"expected_type": ["http://schema.org/QuantitativeValue", "http://schema.org/Distance"], "description": "The width of the item."}, "http://schema.org/aggregateRating": {"expected_type": ["http://schema.org/AggregateRating"], "description": "The overall rating, based on a collection of reviews or ratings, of the item."}, "http://schema.org/gtin8": {"expected_type": ["http://schema.org/Text"], "description": "The GTIN-8 code of the product, or the product to which the offer refers. This code is also known as EAN/UCC-8 or 8-digit EAN. See GS1 GTIN Summary for more details."}, "http://schema.org/manufacturer": {"expected_type": ["http://schema.org/Organization"], "description": "The manufacturer of the product."}, "http://schema.org/depth": {"expected_type": ["http://schema.org/QuantitativeValue", "http://schema.org/Distance"], "description": "The depth of the item."}, "http://schema.org/url": {"expected_type": ["http://schema.org/URL"], "description": "URL of the item."}, "http://schema.org/isSimilarTo": {"expected_type": ["http://schema.org/Product"], "description": "A pointer to another, functionally similar product (or multiple products)."}, "http://schema.org/model": {"expected_type": ["http://schema.org/Text", "http://schema.org/ProductModel"], "description": "The model of the product. Use with the URL of a ProductModel or a textual representation of the model identifier. The URL of the ProductModel can be from an external source. It is recommended to additionally provide strong product identifiers via the gtin8/gtin13/gtin14 and mpn properties."}, "http://schema.org/brand": {"expected_type": ["http://schema.org/Brand", "http://schema.org/Organization"], "description": "The brand(s) associated with a product or service, or the brand(s) maintained by an organization or business person."}, "http://schema.org/alternateName": {"expected_type": ["http://schema.org/Text"], "description": "An alias for the item."}, "http://schema.org/award": {"expected_type": ["http://schema.org/Text"], "description": "An award won by or for this item. Supersedes awards."}, "http://schema.org/category": {"expected_type": ["http://schema.org/Thing", "http://schema.org/Text", "http://schema.org/PhysicalActivityCategory"], "description": "A category for the item. Greater signs or slashes can be used to informally indicate a category hierarchy."}, "http://schema.org/productID": {"expected_type": ["http://schema.org/Text"], "description": "The product identifier, such as ISBN. For example: <meta itemprop='productID' content='isbn:123-456-789'/>."}, "http://schema.org/isAccessoryOrSparePartFor": {"expected_type": ["http://schema.org/Product"], "description": "A pointer to another product (or multiple products) for which this product is an accessory or spare part."}, "http://schema.org/review": {"expected_type": ["http://schema.org/Review"], "description": "A review of the item. Supersedes reviews."}, "http://schema.org/audience": {"expected_type": ["http://schema.org/Audience"], "description": "An intended audience, i.e. a group for whom something was created. Supersedes serviceAudience."}, "http://schema.org/offers": {"expected_type": ["http://schema.org/Offer"], "description": "An offer to provide this item\u2014for example, an offer to sell a product, rent the DVD of a movie, perform a service, or give away tickets to an event."}, "http://schema.org/potentialAction": {"expected_type": ["http://schema.org/Action"], "description": "Indicates a potential Action, which describes an idealized action in which this thing would play an 'object' role."}, "http://schema.org/productionDate": {"expected_type": ["http://schema.org/Date"], "description": "The date of production of the item, e.g. vehicle."}, "http://schema.org/description": {"expected_type": ["http://schema.org/Text"], "description": "A short description of the item."}, "http://schema.org/weight": {"expected_type": ["http://schema.org/QuantitativeValue"], "description": "The weight of the product or person."}, "http://schema.org/image": {"expected_type": ["http://schema.org/URL", "http://schema.org/ImageObject"], "description": "An image of the item. This can be a URL or a fully described ImageObject."}, "http://schema.org/color": {"expected_type": ["http://schema.org/Text"], "description": "The color of the product."}, "http://schema.org/mainEntityOfPage": {"expected_type": ["http://schema.org/URL", "http://schema.org/CreativeWork"], "description": "Indicates a page (or other CreativeWork) for which this thing is the main entity being described. See background notes for details. Inverse property: mainEntity."}, "http://schema.org/additionalProperty": {"expected_type": ["http://schema.org/PropertyValue"], "description": "A property-value pair representing an additional characteristics of the entitity, e.g. a product feature or another characteristic for which there is no matching property in schema.org. Note: Publishers should be aware that applications designed to use specific schema.org properties (e.g. http://schema.org/width, http://schema.org/color, http://schema.org/gtin13, ...) will typically expect such data to be provided using those properties, rather than using the generic property/value mechanism."}, "http://schema.org/sku": {"expected_type": ["http://schema.org/Text"], "description": "The Stock Keeping Unit (SKU), i.e. a merchant-specific identifier for a product or service, or the product to which the offer refers."}, "http://schema.org/name": {"expected_type": ["http://schema.org/Text"], "description": "The name of the item."}, "http://schema.org/additionalType": {"expected_type": ["http://schema.org/URL"], "description": "An additional type for the item, typically used for adding more specific types from external vocabularies in microdata syntax. This is a relationship between something and a class that the thing is in. In RDFa syntax, it is better to use the native RDFa syntax - the 'typeof' attribute - for multiple types. Schema.org tools may have only weaker understanding of extra types, in particular those defined externally."}, "http://schema.org/sameAs": {"expected_type": ["http://schema.org/URL"], "description": "URL of a reference Web page that unambiguously indicates the item's identity. E.g. the URL of the item's Wikipedia page, Freebase page, or official website."}, "http://schema.org/height": {"expected_type": ["http://schema.org/QuantitativeValue", "http://schema.org/Distance"], "description": "The height of the item."}, "http://schema.org/gtin13": {"expected_type": ["http://schema.org/Text"], "description": "The GTIN-13 code of the product, or the product to which the offer refers. This is equivalent to 13-digit ISBN codes and EAN UCC-13. Former 12-digit UPC codes can be converted into a GTIN-13 code by simply adding a preceeding zero. See GS1 GTIN Summary for more details."}, "http://schema.org/gtin14": {"expected_type": ["http://schema.org/Text"], "description": "The GTIN-14 code of the product, or the product to which the offer refers. See GS1 GTIN Summary for more details."}, "http://schema.org/releaseDate": {"expected_type": ["http://schema.org/Date"], "description": "The release date of a product or product model. This can be used to distinguish the exact variant of a product."}, "http://schema.org/mpn": {"expected_type": ["http://schema.org/Text"], "description": "The Manufacturer Part Number (MPN) of the product, or the product to which the offer refers."}, "http://schema.org/logo": {"expected_type": ["http://schema.org/URL", "http://schema.org/ImageObject"], "description": "An associated logo."}, "http://schema.org/isRelatedTo": {"expected_type": ["http://schema.org/Product"], "description": "A pointer to another, somehow related product (or multiple products)."}}}, "description": "A vehicle is a device that is designed or used to transport people or cargo over land, water, air, or through space.", "format": "http://schema.org/Vehicle", "id": "Vehicle.json", "instances": {"http://schema.org/aircraft": {"description": "The kind of aircraft (e.g., \"Boeing 747\").", "used_on_types": ["http://schema.org/Flight"]}}, "title": "Vehicle"}